block_index,t_start_s,rms_counts,ocular_index,muscle_ratio,prof_delta,prof_theta,prof_alpha,prof_beta,prof_gamma_low,subject_id
0,0.0,2178.630429194815,0.4599310507308353,0.005482995871025238,0.48963697957731583,0.35223579817912226,0.11042037634343357,0.04599692331769632,0.0017099225824320796,02010001
1,20.0,1440.7894829007803,0.06347023092203825,0.011333426577511624,0.08380966800499254,0.6009820698040051,0.20780867088985494,0.1039624086972549,0.0034371826038924716,02010001
2,40.0,1446.00092365321,0.23081638055384118,0.055642715022037166,0.2870405903578999,0.3335023931776922,0.21651176810028697,0.14033016453994376,0.02261508382417718,02010001
3,60.0,1684.2011153868004,0.15881154408120804,0.09306765549287849,0.2138087659987476,0.3579013328732131,0.19577359437463146,0.19879737023798724,0.03371893651542056,02010001
4,80.0,949.9268662934268,0.06145830503584178,0.02504085802414728,0.09194284636364629,0.5522870342178985,0.19461708119943966,0.1538282031503843,0.007324835068631341,02010001
5,100.0,894.2718415740521,0.12433904494889864,0.026406684671050916,0.16525425475335398,0.5322978073929301,0.17649054372116235,0.1165649438619043,0.009392450270649276,02010001
6,120.0,821.7653415536553,0.16591946980251346,0.028776868266704277,0.2078554035048758,0.5508241712977573,0.1321678404757151,0.10067950821179192,0.008473076509859918,02010001
7,140.0,1629.2331851227063,0.26131898611690363,0.030199474153476936,0.5081828287508857,0.3556043452938443,0.06581807841207392,0.06306373862135169,0.007331008921844497,02010001
8,160.0,4079.634480824673,0.1570868514445052,0.05977917142072536,0.34808552703518764,0.2903302448371222,0.1825693300916525,0.16040823962580858,0.018606658410229068,02010001
9,180.0,2374.061575855279,0.14752786780022262,0.09207598487298653,0.24168519299904453,0.4214069682829194,0.1635444955443202,0.14340941566403273,0.029953927509683093,02010001
10,200.0,583.418544645071,0.44576373423951365,0.07949718081622581,0.4984726691896134,0.11278619780184854,0.22364120441449736,0.13974610184265887,0.02535382675138178,02010001
11,220.0,516.6250416569848,0.41350109347718306,0.08964722649390727,0.4768898226458617,0.12492017127183451,0.18877747845120216,0.17917116534587071,0.030241362285230982,02010001
12,240.0,444.05261980474484,0.33992086430140434,0.11742659032417929,0.3743247104741511,0.13144759162104094,0.21593152770987029,0.24094647033163621,0.03734969986330144,02010001
13,260.0,456.29525386003695,0.32542929042935653,0.1263645291111812,0.3642420178395161,0.1309517845255837,0.2477812309820741,0.22336510361232315,0.03365986304050303,02010001
14,280.0,422.2454823490148,0.25775144871168143,0.11864668326580204,0.3118659065295643,0.13286875499232492,0.27048299509119494,0.25231886408349385,0.03246347930342202,02010001
15,300.0,408.1232237117068,0.2604580343336186,0.1333038958774789,0.3029206688253776,0.12168467379548606,0.2882590365423488,0.25024345337243065,0.03689216746435698,02010001
16,320.0,427.6284558527125,0.28962826484276466,0.1144005946095015,0.3484156113870449,0.12339334814021986,0.2560361873824955,0.23735303260703072,0.034801820483209,02010001
17,340.0,417.0569415434656,0.3193082208135647,0.11824594927079211,0.33523698744636743,0.13550084575925633,0.2795239268525969,0.21124535070079778,0.03849288924098152,02010001
18,360.0,374.6245752832854,0.1715641382510376,0.16204665673813953,0.22433455182157225,0.13994000615869864,0.32057796318520265,0.26913032124460673,0.04601715758991981,02010001
19,380.0,374.9077214273265,0.22801806308806358,0.13665900545563603,0.261953242975651,0.12231303861443628,0.31715610350629386,0.2604356837818033,0.03814193112181564,02010001
20,400.0,387.223849583172,0.21881189837944387,0.1273884556313299,0.2582292739408315,0.14327430546419032,0.30428218245132727,0.26327961430348773,0.030934623840163246,02010001
21,420.0,542.5196659775938,0.508335956467396,0.08093554392596403,0.5389035132897293,0.09420821423149249,0.20663654702041756,0.13962060685784422,0.020631118600516495,02010001
22,440.0,410.0717796880955,0.2064521739623506,0.14185195742411916,0.24242506474629705,0.12929991121250628,0.35674333104007244,0.23790231705684498,0.03362937594427932,02010001
23,460.0,439.4217046270311,0.21155827962753776,0.1535001847719588,0.2595818282568586,0.14048663982072368,0.2720991168426874,0.28410009850147905,0.043732316578251364,02010001
24,480.0,1437.9580186868345,0.5269677222993558,0.02174549700978771,0.6625232412989969,0.19470740952527962,0.09737307241003063,0.04042188502636048,0.0049743917393322975,02010001
25,500.0,411.9028461551887,0.3377206660351094,0.13029335328948277,0.37144093751160506,0.11138802221046504,0.27038141964278695,0.21770596741381515,0.029083653221327832,02010001
26,520.0,799.011918686552,0.5761511055675793,0.048115005659556204,0.6572450877416649,0.13881993339540338,0.10787665197512382,0.08010333806818928,0.015954988819618623,02010001
27,540.0,328.3964899862634,0.13846908719200698,0.15270756133231492,0.16744219115910175,0.1385662449956302,0.37428960081041845,0.2826184485210181,0.03708351451383154,02010001
28,560.0,348.8076066522054,0.12990793516640525,0.1485200171006609,0.17706175362655113,0.15924288813219517,0.3731211889030105,0.2575111351078538,0.03306303423038951,02010001
29,580.0,357.92677102414797,0.15490785809991858,0.14920832810864862,0.19830155321128817,0.12902185145544598,0.38670730358428546,0.2448921488110299,0.04107714293795057,02010001
30,600.0,342.3964184561997,0.1449400567005401,0.16007107366313397,0.19190765447831448,0.15533400844187825,0.36339639879493424,0.24830191574315627,0.04106002254171672,02010001
31,620.0,289.57556898745673,0.18723067578151287,0.20760464847167023,0.22596282624939606,0.18497834592363258,0.23256658205333788,0.31065152398177487,0.04584072179185857,02010001
32,640.0,316.0580509504992,0.3281964850957575,0.1721678408675572,0.34366562060464634,0.13670985573507136,0.20298845549372024,0.27826524132428454,0.038370826842277536,02010001
33,660.0,382.40848896943504,0.2859840070679513,0.1274061803028226,0.33089187285913474,0.19098564739262358,0.2465226804971846,0.20409440360432463,0.027505395646732572,02010001
34,680.0,287.3666917376958,0.17917309926019875,0.18114735055904657,0.23335612172512765,0.17269313276180256,0.2509581214069407,0.29924505392014694,0.04374757018598219,02010001
35,700.0,312.48458547906915,0.29239221272102317,0.16717834680283292,0.32815695449383553,0.1895509925460029,0.17380239451652058,0.2725998824888669,0.03588977595477404,02010001
36,720.0,311.38772020369595,0.31240426015479134,0.15019463311411982,0.3742672229604271,0.13066715278726168,0.20266731855035736,0.2553556931952532,0.0370426125067008,02010001
37,740.0,294.13267154939894,0.22014418390182222,0.19722772158262056,0.26738002149787976,0.175933733178211,0.19842030966428056,0.30982051846107594,0.048445417198552616,02010001
38,760.0,327.34607967051267,0.3279830614215385,0.14586591619811223,0.37932464726997256,0.16190607505345103,0.1720462442770543,0.24936453497898284,0.03735849842053933,02010001
39,780.0,313.9973854295017,0.24731280663968125,0.2031946680245568,0.29173494451614346,0.1747693474568149,0.18183144200764745,0.30639353592454577,0.045270730094848444,02010001
40,800.0,301.71448225047936,0.2817330177787718,0.19496089218684667,0.31982847923567276,0.18973480002710608,0.14890468175634877,0.300003333301299,0.0415287056795734,02010001
41,820.0,322.4978549448707,0.33348147082998464,0.15636921561502526,0.3889098733014845,0.17378949827934895,0.13642242151530837,0.2654647478451369,0.035413459058721335,02010001
42,840.0,312.958466927381,0.18868751295307257,0.1715104551254127,0.2366549568388932,0.21954986643569474,0.19553153242520743,0.3111616226534624,0.03710202164674228,02010001
43,860.0,306.5699654658869,0.3088877498996189,0.16132842253834528,0.36037513590659376,0.18084293356509282,0.16218814330455664,0.2591636489538574,0.03743013826989945,02010001
44,880.0,330.2087053077326,0.3444567891391269,0.14015132002269007,0.4360920702009549,0.151982162965744,0.1512167105231442,0.23304674122446345,0.02766231508569355,02010001
45,900.0,347.37510541010636,0.32543897059345867,0.1336081736222309,0.39551156172579777,0.19413675000699476,0.14542223315507924,0.2357795212941413,0.02914993381798694,02010001
46,920.0,322.61215329537026,0.37945284672018603,0.14870332346032464,0.42696017211284387,0.16771215712551782,0.1370689516793652,0.23874232804556697,0.029516391036706273,02010001
47,940.0,317.3364628811516,0.3014547776623566,0.14948220188590064,0.3527132619662631,0.19632728170246153,0.17890779704773405,0.23078723268770868,0.04126442659583253,02010001
48,960.0,312.5731217332896,0.273563570231433,0.1616417462911471,0.3088074499701363,0.20788772719600823,0.18921574968888746,0.26433056123306886,0.029758511911899228,02010001
49,980.0,333.42704317797444,0.1872868373241346,0.18118221709556703,0.23885852579177852,0.1847065254640991,0.20509508669659818,0.3370564722196808,0.03428338982784329,02010001
50,1000.0,307.86284853788925,0.25175336783013896,0.1673736489144677,0.29389269061402407,0.2170058800123182,0.1644220057604039,0.28868311430628457,0.035996309306969176,02010001
51,1020.0,325.49751661020855,0.34274406462081214,0.14131921920155502,0.38324705723514985,0.18321779301675253,0.14763890396271173,0.25133139198310755,0.034564853802278334,02010001
52,1040.0,337.1107727127971,0.2917184437892408,0.14628592236714433,0.360183491934732,0.22378315652419975,0.15188941171708703,0.2336744933923093,0.0304694464316719,02010001
53,1060.0,348.7224271915214,0.2383378244955949,0.1449706997321852,0.2675096457267732,0.18863970977938124,0.23130580728807734,0.28405909689611897,0.028485740309649222,02010001
54,1080.0,305.6036164230025,0.23422547736356572,0.19418127645651875,0.2950640340307148,0.19523063901047835,0.17488888012058956,0.2913167854971631,0.043499661341054235,02010001
55,1100.0,332.0890897899337,0.24030460755032845,0.18501257565372725,0.3044467192080088,0.2179355684814612,0.13680138623859522,0.294149094258877,0.04666723181305781,02010001
56,1120.0,512.7518502722844,0.3130620157036427,0.16562090801530338,0.3447356041940996,0.19449410913017923,0.13641219669598723,0.2821396870630454,0.042218402916688595,02010001
57,1140.0,784.11694402424,0.5855566825431885,0.057978777424169424,0.6235761774725982,0.08883974412125954,0.15674121769673388,0.11210001272084391,0.018742847988564522,02010001
58,1160.0,306.61012406729003,0.10158900083652941,0.16333301051102697,0.14550537525861165,0.13298864911431216,0.40467205221503183,0.27608578757066343,0.0407481358413809,02010001
59,1180.0,278.73191880788715,0.19380499873524987,0.18550162028542516,0.2758858784034643,0.17424126892290945,0.19463928693726765,0.3081401577948925,0.04709340794146626,02010001
0,0.0,521.7057170510111,0.3227734421486998,0.06370919292910125,0.3711886800183471,0.128132441449665,0.3502412484863261,0.1281535931025906,0.022284036943071343,02010002
1,20.0,452.8567152917707,0.22018642286938975,0.06886073055217555,0.2804362992344304,0.15492325912493335,0.3992107666729438,0.13796897218448542,0.02746070278320697,02010002
2,40.0,470.9206306212816,0.19698251694147625,0.08112050742273104,0.25669693463414467,0.15142205099984207,0.40156033560414367,0.1620083782151107,0.02831230054675898,02010002
3,60.0,435.82794838567236,0.1412521471140558,0.08198396334289584,0.20948312212426642,0.14957361664202778,0.465335010631844,0.14529413326258075,0.030314117339280956,02010002
4,80.0,442.7946330217993,0.24212501082988006,0.08208229189196872,0.27856419043938635,0.1640468689097411,0.37942316133961085,0.15039519837852314,0.02757058093273858,02010002
5,100.0,380.24027603773743,0.28863185436039424,0.10477459438112677,0.32645190049344386,0.14224404773449967,0.30347714648535973,0.1912545994860963,0.036572305800600356,02010002
6,120.0,481.1904776231523,0.2461920081165395,0.06676318959226225,0.2991211317758854,0.2550380884040747,0.2820293646489763,0.1383591966846426,0.02545221848642102,02010002
7,140.0,358.0811314814144,0.2555360711811171,0.09698380249553447,0.3295134312124747,0.20457176996427495,0.2484313113395883,0.18381381645555844,0.03366967102810375,02010002
8,160.0,346.415176322135,0.29960003607675517,0.09460738514201127,0.40517013375566047,0.1818907412957115,0.20987504062257853,0.17112624421842143,0.03193784010762806,02010002
9,180.0,320.1832916213682,0.394360778835204,0.07407491470919277,0.4829671277752188,0.2111109386290082,0.14998796481374435,0.12980121602417674,0.026132752757851967,02010002
10,200.0,387.2642133614551,0.3070827697164453,0.08303481594645397,0.3510028005410425,0.13482890599980943,0.3261263102906362,0.15663913365218318,0.031402849516328823,02010002
11,220.0,325.1663559556583,0.4034723208303867,0.08472942715982928,0.5002500713627552,0.1975821957843887,0.12202587445760404,0.15135172997530197,0.02879012841995,02010002
12,240.0,336.0004670205918,0.38605548634733244,0.086725170902153,0.45827245123478205,0.2087320963479205,0.13107687271024784,0.1665230883036947,0.0353954914033549,02010002
13,260.0,422.71051185248064,0.2569936942301268,0.075149275437152,0.31153976938696987,0.14342483377844195,0.38078315135707225,0.13554556999202105,0.028706675485494906,02010002
14,280.0,365.4211686732583,0.22027342752274018,0.08956849508709781,0.2899362372279943,0.14816498182970492,0.37893694756171603,0.1546899215585556,0.02827191182202912,02010002
15,300.0,314.14174076416714,0.3272367724309762,0.1231170135317933,0.4060013670630261,0.21024223951883497,0.13684552061223668,0.2046007683000767,0.04231010450582555,02010002
16,320.0,349.10885798152924,0.276396180570016,0.08716694294575758,0.34497633805340455,0.22643365446771258,0.25644208134528174,0.14061958655237358,0.03152833958122759,02010002
17,340.0,305.6577476654255,0.3499676101036763,0.0946789195427675,0.4557029408222539,0.22594311692119257,0.12285029156622689,0.16044801856928137,0.035055632121045385,02010002
18,360.0,336.0564856814072,0.46371097682100987,0.06641987476651112,0.6145072057191308,0.17710174579850946,0.08378394221927928,0.10328833673898348,0.021318769524097027,02010002
19,380.0,319.3971867632099,0.3177148491655209,0.10745114510662665,0.3918280835722674,0.18416530394194364,0.2317947287329177,0.1575883543548375,0.034623529398033676,02010002
20,400.0,656.6458197047174,0.6812402132729948,0.025651982292691774,0.7407142941547393,0.12542003386322526,0.0817973654229409,0.0444882552285714,0.007580051330522986,02010002
21,420.0,469.6826464860898,0.24684437855973493,0.05710328854493035,0.38881975340526764,0.08937227182144515,0.41144504543768257,0.09426015193945356,0.01610277739615106,02010002
22,440.0,483.43367028965343,0.3328984647108095,0.061654261209728826,0.5001517928900197,0.07169493917429112,0.3295684716810693,0.08401682263486955,0.014567973619750353,02010002
23,460.0,593.0804924916666,0.6920939635627588,0.04793433646051494,0.7176241320257147,0.05034040185623124,0.17114522685905842,0.05181890837338186,0.009071330885613769,02010002
24,480.0,433.46289954596955,0.3859698752548536,0.09314938085721237,0.47104612356479414,0.08937125564525086,0.3137310466764827,0.10316997772037513,0.022681596393097157,02010002
25,500.0,361.0815832261223,0.2353811634573875,0.09899489745272205,0.3139799903485471,0.12939919104690856,0.35684945259168355,0.1724317648142489,0.02733960119861188,02010002
26,520.0,414.448917699308,0.19412325488202403,0.08423558184251385,0.2463042917558651,0.13566634478206227,0.46840585194928197,0.12645001069407966,0.02317350081871108,02010002
27,540.0,389.7843483645969,0.4376769605788682,0.10360678911607009,0.4098282607553623,0.13029319059219024,0.29728785182115275,0.1364099906847663,0.026180706146528527,02010002
28,560.0,509.90435758580696,0.41897970559089576,0.06209090234758377,0.3852165379007409,0.07342180835282007,0.43199827270226093,0.09102502892809919,0.018338352116078864,02010002
29,580.0,365.96742980603335,0.2758783283350763,0.1051929717421666,0.347083261232327,0.13913081529469326,0.3463784871654708,0.1321738778866231,0.035233558420885894,02010002
30,600.0,424.24107512257837,0.2029815532600026,0.10596445218934195,0.2284581910948903,0.1244917187317699,0.4852774608767613,0.13360320593787647,0.028169423358702008,02010002
31,620.0,586.078304797993,0.5367965270094232,0.04398734614925354,0.5982599986178203,0.1003610659054255,0.22958554305292247,0.061035161453331196,0.010758230970500587,02010002
32,640.0,366.20079616818526,0.3757875630081772,0.10014298504883955,0.4523795523655635,0.18325881706006578,0.18584595941257676,0.14476144077230374,0.03375423038949033,02010002
33,660.0,461.2065833640792,0.4244589850516795,0.0650429301299006,0.4921020294203511,0.17290063159503258,0.22905595966490913,0.08744786177521378,0.018493517544493552,02010002
34,680.0,351.41884037895954,0.3659462540584768,0.08737736365738305,0.47151176468367645,0.13083431813119784,0.2420519329424364,0.12969986377962733,0.025902120463061944,02010002
35,700.0,402.03117012253205,0.8480185527268681,0.08214087812766849,0.7159981897231394,0.10185253160232928,0.06270621730786623,0.09897497976758118,0.02046808159908381,02010002
36,720.0,505.614887737518,0.5558156612582945,0.06333412047876223,0.4843521785150703,0.09499718019084813,0.31172193917094904,0.089748221137432,0.01918048098570058,02010002
37,740.0,553.2015621815078,0.5977169517803054,0.06550086863881335,0.5145537186475008,0.0749155403206587,0.3053274037947356,0.08782779832355571,0.01737553891354927,02010002
38,760.0,322.45098589106766,0.2628522968658558,0.13823538928235457,0.3729393611459726,0.23205062218922148,0.17185172943513222,0.18249236718527861,0.04066592004439509,02010002
39,780.0,373.2931582368811,0.29782637826057856,0.11473076704875401,0.3389004576964565,0.21106826639676832,0.27976993786101106,0.13887444994426495,0.031386888101499234,02010002
40,800.0,644.333869769695,0.49414649098337865,0.038496671830856,0.6202640656706129,0.17801066189396705,0.13498320677386344,0.056145064594054835,0.010597001067501733,02010002
41,820.0,424.1477933886929,0.6649488046633892,0.09792365955930937,0.5812617339334397,0.12782610232725825,0.13115628865494888,0.1297869420023365,0.029968933082016664,02010002
42,840.0,309.17806943786314,0.34331320459546755,0.11102525583963636,0.4179554223382496,0.2497912105236823,0.13334444729802858,0.16394926123841477,0.034959658601624824,02010002
43,860.0,392.0017683809075,0.605677375268477,0.09517242831644351,0.514482622768561,0.190264872135185,0.1400473982884078,0.1255247450553122,0.029680361752534027,02010002
44,880.0,377.611944877545,0.4263821576320447,0.113579327017155,0.4919581234500625,0.19490629648317684,0.145854990664683,0.12462534857026494,0.04265524083181276,02010002
45,900.0,344.4010697081671,0.5833276864646012,0.0842224666886487,0.6146536894463404,0.12958813586092505,0.10046023064400803,0.12477180601984923,0.030526138028877388,02010002
46,920.0,473.92047001530506,0.8605870156737143,0.06571495627581908,0.6779965287972768,0.096984564368701,0.11107618264658715,0.09205901093915048,0.021883713248284597,02010002
47,940.0,701.8780077631615,0.3547475655005261,0.03667628936471284,0.4988123887985947,0.3530079925312413,0.08620074126232942,0.052015455427814605,0.009963421980020036,02010002
48,960.0,531.7387063008929,0.8543651428047312,0.04996141058120015,0.7825007355392138,0.08278524544004323,0.05141803020138722,0.06971933366457746,0.013576655154778239,02010002
49,980.0,737.1561792638884,0.7668673184828674,0.047767625649014746,0.7352402318352719,0.047086305124481434,0.14525496345440297,0.060345366862795555,0.012073132723048123,02010002
50,1000.0,483.8412729576921,0.3920671359708933,0.09251903016297904,0.4457364218391464,0.09042774361682515,0.3192370644377349,0.1220244108249865,0.02257435928130705,02010002
51,1020.0,434.94393355548306,0.2978110863925491,0.09763651998652426,0.3052671024225082,0.09743884393247555,0.41790419836328624,0.1510364655328338,0.028353389748896157,02010002
52,1040.0,387.8402334832031,0.23024903893367685,0.11249994315479951,0.2659976389947349,0.11909047188501785,0.41047296230444474,0.17360198084548695,0.030836945970315627,02010002
53,1060.0,500.9940134126978,0.47921501579098186,0.0876768403003715,0.47657323567538196,0.07139566104546799,0.2969521381706114,0.13193349345925393,0.023145471649284807,02010002
54,1080.0,446.27872345126804,0.3800562224225203,0.10825852549067332,0.370271713977002,0.11498149245860857,0.324833776969039,0.1592268726377739,0.030686143957576503,02010002
55,1100.0,408.44643605881873,0.4419260932068783,0.12093662546968162,0.47994155686588735,0.1178108382007864,0.19275776389228613,0.17519231865796692,0.034297522383073306,02010002
56,1120.0,413.4835985241563,0.26670614138045157,0.12939303542138558,0.2818674092179983,0.11230962195031756,0.39625022234117396,0.1768238524983401,0.032748893992169945,02010002
57,1140.0,323.5241417404962,0.20697684684555687,0.17760937766118104,0.30993599405860284,0.204150980552588,0.17791105771920684,0.25527903281466846,0.05272293485493392,02010002
58,1160.0,385.8353209087175,0.32185468360551084,0.158221251973515,0.36006023854998404,0.12751376640193654,0.27644408113872776,0.19447626980489463,0.04150564410445709,02010002
0,0.0,438.0531167594596,0.23327189486930133,0.056762891711968466,0.2993494117789861,0.22685685337790834,0.3477319649389554,0.10947949439779546,0.016582275506354792,02010003
1,20.0,407.7567754345607,0.32251512470813254,0.06183002726975401,0.3521091382189286,0.17196500411403412,0.34461700707671333,0.11611930878775631,0.015189541802567664,02010003
2,40.0,395.31365592980694,0.20459683940065895,0.05683687157796328,0.2710361681828651,0.323358368606602,0.2826071972941413,0.10967372462600469,0.013324541290386974,02010003
3,60.0,380.20386185431266,0.33161494022126914,0.06315656084295583,0.4139221996276066,0.23628676369798657,0.21789129966839996,0.11658238555942636,0.01531735144658056,02010003
4,80.0,315.1689417935143,0.2622389361276268,0.08706503570248271,0.3830274484754566,0.3124084580735528,0.129235545712015,0.15317648902318537,0.022152058715790332,02010003
5,100.0,367.4643912471412,0.2278831978153716,0.06824464795117634,0.2748410884982252,0.2589141589494785,0.330521168745852,0.11674816581220845,0.018975417994235834,02010003
6,120.0,429.7686699544907,0.20167917669114496,0.06895900747187177,0.2894118695434862,0.2019150783810934,0.3673480177130916,0.123981353767128,0.017343680595200806,02010003
7,140.0,380.0141344925804,0.3221234919616699,0.06671656503390494,0.4207891814326421,0.23263677668256216,0.21562271087578638,0.11588988930302958,0.015061441705979797,02010003
8,160.0,453.2210123101235,0.29124645135210264,0.05906268358671643,0.3889880812273024,0.24521479666335874,0.2460942727120039,0.10678346489647517,0.012919384500859771,02010003
9,180.0,386.52746152299295,0.2402826441056823,0.0770754281977984,0.3218567534521399,0.29347093593285795,0.23238439977956765,0.1387371111056332,0.013550799729801362,02010003
10,200.0,518.4259909895832,0.4870554010010071,0.04091369720007555,0.5879728854520926,0.1979426888888229,0.13789122770341408,0.06793703935618016,0.00825615859949025,02010003
11,220.0,377.88993753341083,0.26434614212853813,0.07472480806159744,0.4005967232392694,0.29414845494406294,0.14695397821637757,0.14302073913103575,0.015280104469254338,02010003
12,240.0,728.421010017662,0.603161535333096,0.028386379657015383,0.6910873179755573,0.15352380769523288,0.09134850228267959,0.05448724690905545,0.009553125137474831,02010003
13,260.0,409.52908482191907,0.22873689487772786,0.06299151656201783,0.3105509493377088,0.15354936026936736,0.3958545375389441,0.12574469903912755,0.014300453814852098,02010003
14,280.0,419.6355547447844,0.22358951617870174,0.05448242018509495,0.2837323812037374,0.16678658578265043,0.4306578363346261,0.10622833784838001,0.012594858830606072,02010003
15,300.0,348.72150294779937,0.34150778994250275,0.06815938764754816,0.4491361672671783,0.23393702724328538,0.18910778924013907,0.11314837263212689,0.014670643617270383,02010003
16,320.0,388.0955758845223,0.18304457451974027,0.07194288575026621,0.3009743007417273,0.2380977447118352,0.32094135608712854,0.12362469930130371,0.016361899158005174,02010003
17,340.0,377.4766448400976,0.24553888142613312,0.060959270221523504,0.37052004961948054,0.199711433746983,0.29765398190759773,0.11931553257137392,0.01279900215456473,02010003
18,360.0,390.5029432032257,0.22806918072295623,0.05578214397211284,0.35652146889813435,0.2681226465180679,0.25978611017233505,0.10518014403337776,0.010389630378085008,02010003
19,380.0,420.5934350096393,0.31052531454332344,0.05903959308341314,0.3847812977224144,0.2831328400737449,0.20562150633252244,0.11555291697261443,0.010911438898704018,02010003
20,400.0,370.03605967194045,0.26575206149123637,0.06582377358904014,0.3920353102210964,0.32888796833788014,0.14977364791426936,0.1164067641953968,0.01289630933135726,02010003
21,420.0,611.9112739714257,0.7616431622874564,0.023862365860245496,0.7785470065161835,0.08378654674776509,0.08433336937195739,0.04897236868182106,0.004360708682272886,02010003
22,440.0,426.111776482906,0.2260140967874995,0.057834925269031036,0.3006811313083984,0.21513434700632814,0.34087960288156866,0.13019554246214626,0.013109376341558536,02010003
23,460.0,514.358996073805,0.36066468038621036,0.06785872518995718,0.4369734477960976,0.2291355469804672,0.21892011178807466,0.10396464316296088,0.011006250272399641,02010003
24,480.0,407.5174413399008,0.23187686460459336,0.0513191343226363,0.32257436181946836,0.12535692726005326,0.441466162837574,0.09971100948377183,0.010891538599132614,02010003
25,500.0,416.86557293456855,0.21990810206451789,0.0601220732619472,0.2855941574972676,0.1679189906634292,0.42554686973805406,0.10685868137095705,0.014081300730292033,02010003
26,520.0,350.26762817029163,0.3163395212471859,0.06438667837971349,0.39136269515199845,0.23831160320613534,0.24130462119099635,0.1152072932992709,0.013813787151599147,02010003
27,540.0,412.4337797373064,0.25357270484535105,0.06149039864061793,0.33781739973844266,0.23980709283917223,0.28592631267576496,0.12490623633253782,0.011542958414082429,02010003
28,560.0,459.0853760098289,0.3780938595821096,0.03770854120661813,0.4571714085682614,0.1406605471882446,0.3122767961488323,0.08255837836772757,0.007332869726934032,02010003
29,580.0,425.33947586633593,0.23131949498760587,0.05023127884908493,0.32837465287600376,0.1729489713944949,0.38069074865907215,0.10784644469838386,0.010139182372045287,02010003
30,600.0,392.70073407407097,0.1544465987383126,0.06367413537092342,0.2348867089104501,0.21187746310026695,0.41859889331999134,0.12038975595033997,0.014247178718951642,02010003
31,620.0,376.5033507919434,0.3167062463936893,0.07606233589960973,0.3823847959284813,0.1818523409910754,0.2848409511317817,0.13270727294575993,0.018214639002901625,02010003
32,640.0,418.06910573398306,0.2979084707941633,0.04794460173670041,0.4051301075208548,0.1471517531755796,0.3420935750339466,0.09566056329313895,0.009964000976479967,02010003
33,660.0,390.789683352006,0.2112584028871113,0.05604379731514472,0.25543663706008307,0.1576282097786034,0.4598771307318609,0.11567590229106321,0.011382120138389535,02010003
34,680.0,374.79482551405385,0.2917979138720347,0.05915184240252308,0.3780643220334817,0.20079549877079625,0.28626009929376334,0.12154620655351941,0.013333873348439242,02010003
35,700.0,390.3734313853951,0.28802620093418685,0.06493055241861556,0.35348548469277163,0.14899505043368602,0.36146927392964984,0.12333435730400048,0.012715833639891903,02010003
36,720.0,376.26785342571156,0.2563328228446655,0.06494807143202597,0.30666079992912737,0.17904669263934764,0.3860543495097215,0.11526855943181735,0.012969598489986217,02010003
37,740.0,357.6147153939093,0.21037187125503712,0.05957189629126539,0.30336346146237,0.19615695945471226,0.3687681132079039,0.11922080505149167,0.01249066082352207,02010003
38,760.0,970.1262349019302,0.7929127410371126,0.026592430005578926,0.7807790872293766,0.08303967807177724,0.07980564741501638,0.05143551458082643,0.004940072703003442,02010003
39,780.0,512.2675695823751,0.5313547158650196,0.03496362008309341,0.573454924650215,0.12953470513568033,0.22711073531899975,0.06281459774132825,0.007085037153776668,02010003
40,800.0,390.79755937141744,0.22777895175839238,0.05217471676138567,0.3110242404503691,0.17282132248287418,0.39167332155905094,0.1147835427619868,0.009697572745719146,02010003
41,820.0,548.6062283662978,0.6004339103390182,0.02688127496081488,0.6299918548350885,0.12192296407540403,0.18602661816850175,0.05617348245961239,0.005885080461393547,02010003
42,840.0,389.0347512202195,0.24779820972400274,0.06118600699332561,0.3342961234074343,0.2201085029256958,0.31710850022845294,0.11606722858776257,0.012419644850654322,02010003
43,860.0,362.5926111843257,0.31162257279152855,0.06486064412837624,0.4071555834104538,0.20712210636484993,0.25990015701146996,0.11083036439443276,0.014991788818793445,02010003
44,880.0,357.07862700367485,0.3288201939443373,0.06897310492923246,0.43087458790518934,0.17459309797232128,0.2594794740795102,0.12089225952419813,0.014160580518780951,02010003
45,900.0,463.0735122437063,0.2630232559619053,0.05254817753904359,0.33389681483016764,0.20086189976074792,0.35020282825094196,0.10339562090551184,0.011642836252630616,02010003
46,920.0,417.4970857345507,0.19876536810033235,0.0469133640949397,0.276872065283727,0.18055433107718197,0.4338467131441143,0.09783039714445488,0.010896493350521681,02010003
47,940.0,462.32773681204367,0.42157135647081073,0.04315207399770841,0.5404916608096374,0.14528972337158966,0.22815030565159536,0.078128879246663,0.007939430920514613,02010003
48,960.0,409.9210881891632,0.2021976901346161,0.06046333145330548,0.3065226830425739,0.20152806642575255,0.3716772248755299,0.10886780276707728,0.011404222889066236,02010003
49,980.0,373.78553899963157,0.25435883180869573,0.06649381486442282,0.34423384084143505,0.20562606518964546,0.31086517565423716,0.1268400996313891,0.012434818683293223,02010003
50,1000.0,391.29750207662687,0.3504918993045221,0.05191584026526361,0.45396484310068513,0.21857445406708767,0.2079410116697364,0.10821011613234735,0.011309575030143461,02010003
51,1020.0,423.573493252534,0.2663270140551526,0.05651513176033071,0.33940765463883327,0.19065971961846792,0.3442871570715327,0.11469222639704299,0.010953242274122995,02010003
52,1040.0,410.981104543663,0.3476752795668167,0.046854094776063136,0.4174827478415547,0.1776490615131786,0.29861088175021955,0.0957001239767917,0.010557184918255384,02010003
53,1060.0,13091.843501082021,0.6319009678981349,0.02663324674062824,0.7259892126442332,0.1554785734759161,0.05855426543916149,0.05334191718351463,0.00663603125717442,02010003
54,1080.0,389.73182865693553,0.22292233136506265,0.049508848181635506,0.3273640676526484,0.16863068486374033,0.39316607219180255,0.10092783844153377,0.009911336850274906,02010003
55,1100.0,405.9054626024777,0.20893438818156004,0.04829617007073713,0.30732791711302176,0.21602754273701977,0.3646380198575336,0.10184792508489936,0.010158595207525647,02010003
56,1120.0,843.7311057955702,0.8145461985784513,0.012639927761207996,0.8125641587011709,0.08870189007362896,0.06910379430398801,0.027148322656961363,0.002481834264250841,02010003
57,1140.0,400.60185284335023,0.32626566811765007,0.04166759561909474,0.44283070306843264,0.16308135951121874,0.28995209614196427,0.09604804366249871,0.008087797615885737,02010003
58,1160.0,380.03343241800246,0.24512258786918542,0.05087817823517308,0.3128143097934727,0.20088103366137888,0.3729921101254486,0.10314368562594818,0.010168860793751679,02010003
59,1180.0,418.24701117634146,0.3371316208190936,0.041337214456575275,0.4009055079657813,0.16761716836819118,0.32282393604969223,0.09992066883767074,0.008732718778664545,02010003
60,1200.0,815.7067726869567,0.7248459766607495,0.012875191544687376,0.7616082904302516,0.10499494096063103,0.09780401893505433,0.032378805525138284,0.003213944148924781,02010003
61,1220.0,504.3281154308382,0.5755264317894772,0.028946461004992746,0.6520792907341177,0.17545645314037367,0.1078887229022328,0.05878983733982277,0.005785695883453038,02010003
62,1240.0,386.12416588636137,0.2678737553409548,0.04553115560603136,0.4083645345805527,0.22347629118290738,0.26380118685323817,0.0952481555661918,0.009109831817110003,02010003
0,0.0,1271.3668275083148,0.5858885290179886,0.01045303484284302,0.6576681660257416,0.2455691282489271,0.06964359856923207,0.023975667369952554,0.0031434397861464848,02010005
1,20.0,951.2079719992904,0.6895599371141028,0.014970030646630442,0.7283918192647787,0.19282097541915158,0.04509122729841811,0.029773251430893436,0.003922726586758134,02010005
2,40.0,1164.45202527852,0.778652449041538,0.013014192305079556,0.857161185180242,0.09970443921456024,0.020927134713002088,0.01847260460679127,0.0037346362854043746,02010005
3,60.0,1482.901420853972,0.2896441799595955,0.02257067529375572,0.37898882201732015,0.39527824995036176,0.1520670114220162,0.07002269387378748,0.003643222736514407,02010005
4,80.0,654.2344441635199,0.6744008740331958,0.02687951349663027,0.7479082472814736,0.10086763849819007,0.09651991255509158,0.04614721743621652,0.008556984229028196,02010005
5,100.0,505.2612706121208,0.4922814686277098,0.05235385047644894,0.5813564551038224,0.12825297642642797,0.16193429455886504,0.10942432941279215,0.01903194449809232,02010005
6,120.0,701.4368682659263,0.7534433071413391,0.021012812636743518,0.8196125484387846,0.07512340374592127,0.055946274402949615,0.04249311406336277,0.00682465934898164,02010005
7,140.0,649.1878602448929,0.6819673561764483,0.022125607955020152,0.7752101476326857,0.09689503684806058,0.0742561543080781,0.047115168980782496,0.006523492230393055,02010005
8,160.0,505.36423286956204,0.6241285671197627,0.04141765105612412,0.6990803550955482,0.09245641154314009,0.11745432165613116,0.07882204138669087,0.012186870318489602,02010005
9,180.0,576.8592462505746,0.7057789323029053,0.03991490556068446,0.758164423746752,0.07158556036955749,0.09182873975152517,0.06752338819547911,0.010897887936686243,02010005
10,200.0,1003.1124081394295,0.8550575108102926,0.012280567886804072,0.8875851359446295,0.05358337577566969,0.03310716275882134,0.022303949502197055,0.0034203760186824477,02010005
11,220.0,507.2317986917955,0.6163211256160944,0.05478069965961441,0.6663762863952123,0.101931748765536,0.11831995518036553,0.09634346742257659,0.017028542236309698,02010005
12,240.0,917.1968297726634,0.8216032796873616,0.020334227046971128,0.8658362047797113,0.05354176823127578,0.03741014217635516,0.037250810210695276,0.005961074601962356,02010005
13,260.0,641.7835022483561,0.2877108480469678,0.3671355443499796,0.3629961081607218,0.07920185110011424,0.08912462385599863,0.26590366942007787,0.20277374746308735,02010005
14,280.0,623.1766326373179,0.5881245454240479,0.11620580051580791,0.6517723755599448,0.0690400494856683,0.09414007167145318,0.12205702627383701,0.0629904770090967,02010005
15,300.0,1030.526569828194,0.8816971642436059,0.03344616557166059,0.8751128025299078,0.048326893101192855,0.03004172161437928,0.035703263864243225,0.010815318890276766,02010005
16,320.0,886.47872148638,0.7927893664330173,0.01616765201234485,0.8377278866007093,0.08396788176271007,0.04512741309139998,0.028850560794573155,0.004326257750607429,02010005
17,340.0,925.8647443554456,0.7743203996307371,0.019514003376812274,0.8202446368378258,0.09759318539149045,0.04128661134830702,0.033897845225577025,0.006977721196799645,02010005
18,360.0,846.3416441529812,0.30428556967066944,0.048585931687458665,0.346435655205544,0.2864068552652764,0.18827052812119024,0.1680947237062555,0.010792237701733966,02010005
19,380.0,950.0298803361401,0.6585338707106312,0.021918435413335588,0.706818112055406,0.12186808474617487,0.11361803380381137,0.053730998559780786,0.003964770834827002,02010005
20,400.0,1068.0689840293978,0.6916878605980026,0.016354756665079226,0.7626626942808925,0.11916264231934183,0.08286693330742434,0.03189578200370877,0.0034119480886325017,02010005
21,420.0,1486.4126288929936,0.8776896903062276,0.010676278766317535,0.8637061050343894,0.06898477806520464,0.04196706195535615,0.022855913313204627,0.0024861416318452557,02010005
22,440.0,796.6856137511169,0.5483309903881982,0.0366665429574539,0.5787875937889052,0.1401617569214471,0.1792601780258622,0.09481329657617744,0.006977174687608192,02010005
23,460.0,429.42561222266045,0.5462410923616392,0.08072980417352643,0.5984430005282496,0.0882498399086586,0.14039085167503232,0.15577438396726295,0.017141923920796488,02010005
24,480.0,473.27286373842577,0.6043700833329437,0.04144746668094952,0.6939622028760539,0.10305308497956221,0.11861682368965866,0.07212524809422574,0.01224264036049969,02010005
25,500.0,475.01073312892703,0.64113794611247,0.044052293164538035,0.6947423895578639,0.0881731561935229,0.11347721762333152,0.09153746983382488,0.012069766791456767,02010005
26,520.0,653.0117292944843,0.710850703072695,0.028293050305162677,0.7849125619005624,0.09194680537493809,0.06509936176483029,0.05004887862445357,0.007992392335215662,02010005
27,540.0,447.7351416165093,0.5924249076732137,0.05373753736173471,0.6623143316756162,0.09547368774763851,0.1287351641176902,0.09971996374914752,0.01375685270990763,02010005
28,560.0,331.8121881806698,0.49649475766108075,0.08520968610772713,0.5991484595049404,0.12985234432402748,0.10097426830725832,0.15037683765219834,0.019648090211575604,02010005
29,580.0,635.59350092275,0.7346670722664893,0.029411613176925946,0.7757335139623648,0.09537274085540776,0.06605104585132418,0.055234766761990094,0.007607932568913235,02010005
30,600.0,842.0388638052442,0.8383318787441035,0.04908996287659736,0.8424003725064556,0.033569092565747395,0.04959168190377689,0.053778342361769635,0.020660510662250595,02010005
31,620.0,461.3551026244463,0.6489431905537147,0.04960500421734964,0.6876791515215517,0.09042634343157661,0.10751738598728912,0.09915409007009059,0.015223028989492083,02010005
32,640.0,435.80039060460365,0.6816747377219203,0.04130924195451158,0.6931468634235135,0.11256780395265445,0.09581276342214305,0.0845881931141753,0.013884376087513603,02010005
33,660.0,483.6414749355659,0.6242962282710564,0.047516911553549986,0.7087381423039036,0.10506593465825827,0.07903416419644917,0.09735015490360155,0.009811603937787445,02010005
34,680.0,779.1764509653746,0.8796944365816103,0.01623551998067229,0.8963003659504662,0.040940620025782894,0.028634672081073478,0.029879698045937354,0.0042446438967399655,02010005
35,700.0,510.4167064143299,0.4183763250887911,0.24850453998519303,0.45503091818227537,0.0862670827920733,0.0807890313534173,0.26682705062323203,0.11108591704900195,02010005
36,720.0,373.4021706006589,0.47983197203219086,0.07415006561868916,0.5475723996181712,0.1967233400237929,0.08362097555347286,0.1520517827570269,0.020031502047536016,02010005
37,740.0,443.19270867304215,0.6454239846197195,0.05882092993693245,0.690135650464696,0.11587442133368987,0.0630478549194686,0.11226111384440242,0.018680959437742985,02010005
38,760.0,478.73436663277744,0.5193052848012935,0.14501813815578876,0.5687777691650808,0.10541447625778337,0.11363864045250982,0.1635847734470629,0.048584340677563204,02010005
39,780.0,1037.2639296207556,0.7721170091001299,0.05214169532981555,0.8356563613775145,0.07466973772008313,0.01929014478970709,0.04712152544232755,0.023262230670367468,02010005
40,800.0,1077.3563691518316,0.7132746982555745,0.10571119586525188,0.7725648530512363,0.054672938773320655,0.036181413541127604,0.10137097554716672,0.03520981908714873,02010005
41,820.0,434.74080530288296,0.5297337518794499,0.05310456544777612,0.5929432665976282,0.17914782455502634,0.09742781657706866,0.11503950890191797,0.015441583368358925,02010005
42,840.0,445.38223931767436,0.3043001151511118,0.1923369216246903,0.3895896591233307,0.1268841818537029,0.12976668954747397,0.292052170016143,0.061707299459349586,02010005
43,860.0,428.68084318256166,0.5704140268174485,0.11154563275544836,0.5791226152105083,0.08909111851153895,0.14758859978802963,0.14739852486340208,0.03679914162652098,02010005
44,880.0,436.1568043992533,0.284784155436862,0.34246344489461034,0.3091227117947613,0.06920520694707559,0.10867402010708266,0.3295281463438171,0.18346991480726332,02010005
45,900.0,398.3727584802247,0.5133068302031835,0.062041437021265564,0.5731155060981311,0.1407322981184573,0.1326780140704438,0.13735722400210673,0.016116957710861066,02010005
46,920.0,361.5042627925299,0.41791678763492607,0.07540070556954526,0.5153856339137889,0.1968403374159653,0.11171893570647327,0.15399331785208023,0.02206177511169246,02010005
47,940.0,484.95117833772986,0.2151298880759246,0.3893644548130056,0.25035410399849195,0.07878485701705669,0.11093699143817033,0.3725811860808031,0.18734286146547807,02010005
48,960.0,377.0665640339034,0.48358778310145245,0.08787912829607282,0.5613585340735818,0.124766975508571,0.1397728571436317,0.1445336973992971,0.029567935874918332,02010005
49,980.0,395.5825638636646,0.5560699677379439,0.05818883113527768,0.625664302092972,0.17025062147707187,0.08208578333439615,0.10840455075819093,0.013594742337368978,02010005
50,1000.0,1753.698673737535,0.641241643543181,0.027062821004076684,0.7288076827389426,0.15437405081653882,0.05816993320078274,0.051697832408705256,0.006950500835030591,02010005
51,1020.0,946.3676699949325,0.7776280853341712,0.014628339525957981,0.8391480614963154,0.08717411928860012,0.04248489571419096,0.02690810735784174,0.004284816143051731,02010005
52,1040.0,825.5851452960297,0.727571192281488,0.02037506082878735,0.7940764574150933,0.11059944415375797,0.057682812095921014,0.0317077462428904,0.005933540092337353,02010005
53,1060.0,1287.2294766648863,0.8710452784447728,0.010901117576322599,0.9003124092704621,0.05006938238992847,0.026762092388213712,0.019329595084354816,0.0035265208670409516,02010005
54,1080.0,836.4640297778791,0.7221752519175572,0.046361064791101914,0.7607905612103812,0.1104406984200526,0.056698559316845455,0.0549538070079965,0.017116374044724183,02010005
55,1100.0,868.3000884631988,0.7947090139792007,0.03206135875336061,0.8219672093343094,0.08639356601157029,0.03945814809119646,0.0411988789408819,0.010982197622041856,02010005
56,1120.0,873.562449406312,0.7957206531232389,0.03207357168168727,0.8431141250547672,0.062239937148395055,0.04386360144087417,0.03832733845954154,0.012454997896422076,02010005
57,1140.0,1039.7059828256292,0.7563511505937104,0.09469990395209027,0.7835676463966745,0.058408918534749256,0.031359949624624434,0.07722353968581755,0.04943994575813427,02010005
0,0.0,477.93668267192834,0.13630120183846647,0.09288119977056941,0.17677152558081116,0.29245577894537444,0.3374808937565308,0.16393230426920954,0.02935949744807411,02010006
1,20.0,490.3667808541191,0.1716352385627589,0.08148665571264299,0.22670207300375456,0.2768742869927178,0.3350384967754835,0.13336673840287877,0.02801840482516538,02010006
2,40.0,3319.9589862113576,0.976718909797393,0.002471316007251826,0.9434860699258805,0.02329134392073238,0.019717981912575552,0.010678190909846345,0.002826413330965247,02010006
3,60.0,489.9876842692353,0.1215245870918007,0.10175360286481741,0.1928700296257462,0.2484454843890957,0.3672601499002365,0.153189614720107,0.038234721364814664,02010006
4,80.0,482.2754151702012,0.17169292230785177,0.10809980833613388,0.23696127390943267,0.15823803178606874,0.39810385527023967,0.16907154761758905,0.037625291416669926,02010006
5,100.0,444.4997916359711,0.1554433228209484,0.11575295264080211,0.20124517374622833,0.19919658913198232,0.3817186830442539,0.17700002655838484,0.04083952751915065,02010006
6,120.0,479.73962354830877,0.1688756427433074,0.11019904750588101,0.20650780823626083,0.25440755472739124,0.3349605871855161,0.1668722704414209,0.0372517794094109,02010006
7,140.0,465.0509373765808,0.16290163800728413,0.10725555784001246,0.22680413326528545,0.19642601110923233,0.36914290468386507,0.1701699077758326,0.03745704316578457,02010006
8,160.0,447.8148504554465,0.1525520168117389,0.1277178777849665,0.23478862369230577,0.18838698292155617,0.3536123116012909,0.18514514340477609,0.03806693838007101,02010006
9,180.0,413.49192054745237,0.17182508271646577,0.14110403157026005,0.21976771129335562,0.21355782348991967,0.30869510319587024,0.21549127936896115,0.04248808265189326,02010006
10,200.0,472.80113519616805,0.1282379578960653,0.1212557758950125,0.15792015041249854,0.18835551070921458,0.43518911488888257,0.1690744045339865,0.04946081945541785,02010006
11,220.0,491.9426320753852,0.14153766219693056,0.12578002459148216,0.16371344142757324,0.21473207962672472,0.40539759587154756,0.1768910506853188,0.03926583238883571,02010006
12,240.0,472.77112929002357,0.10918148412146038,0.1007172509740837,0.14873655097192823,0.22311654904191777,0.4352547968063869,0.15892363482811084,0.03396846835165626,02010006
13,260.0,480.46539907077994,0.12473395677673083,0.11102983532051221,0.15293299838033048,0.2013360038411999,0.4194572629819638,0.18997393339906496,0.036299801397440885,02010006
14,280.0,500.2609685031831,0.13627605309766658,0.10048580398648221,0.192517073242268,0.24262151178655472,0.3856299034344831,0.14888332004006627,0.030348191496627812,02010006
15,300.0,635.6613819247957,0.38693073516142795,0.06997145489318105,0.43357588326965085,0.18207256412687126,0.24181853903917586,0.11927419003348227,0.023258823530819813,02010006
16,320.0,502.83925272400114,0.15427846817315957,0.1100562668646029,0.20881187222739683,0.2498451065020791,0.3238931719769323,0.1850161406303489,0.03243370866324277,02010006
17,340.0,465.54564176764285,0.13035862880288107,0.1289509759779837,0.1726727776887582,0.20759655724788023,0.38274554477445794,0.2007061145853028,0.036279005703600896,02010006
18,360.0,482.73706243601964,0.1499631874131426,0.11866045066701551,0.1917000692146994,0.20874961806886647,0.3760503217606163,0.18545917033098702,0.03804082062483073,02010006
19,380.0,483.0193490103606,0.11384753563295771,0.10264516168762922,0.15864208914567304,0.25595971966673065,0.3747443496891689,0.17543414705563165,0.0352196944427957,02010006
20,400.0,467.84606280913994,0.1469317560335413,0.10716634322313448,0.193916831775978,0.288870072671645,0.3285901190749855,0.15400746496688436,0.034615511510507256,02010006
21,420.0,581.0037457677463,0.20218943055400462,0.11216909529672346,0.2565314206370559,0.20069454603850734,0.33345243099535676,0.17176375129848376,0.0375578510305963,02010006
22,440.0,479.4197118738736,0.18353109388247268,0.1232993889209655,0.21615475107357138,0.2086045204097096,0.36598912652942983,0.16480087804014484,0.044450723947144305,02010006
23,460.0,513.2969487883427,0.21233194096150165,0.141348273672497,0.25088359134499494,0.16177851939825288,0.355367291681408,0.1935247251737791,0.03844587240156505,02010006
24,480.0,981.7956475719453,0.5969088046029749,0.041871683831796215,0.6940448990242828,0.11440067015170367,0.11639524928969992,0.06149404450245831,0.013665137031855425,02010006
25,500.0,431.1434069440122,0.13821672528276732,0.1787255149816086,0.17712828931227895,0.1367216954320187,0.41270435517671744,0.2196816793674349,0.05376398071155,02010006
26,520.0,485.16296630927974,0.128807138981901,0.13985967655813003,0.16804392506795596,0.15223122672065129,0.4408793494091992,0.18613371667561412,0.052711782126579496,02010006
27,540.0,468.40505588863044,0.17120572300625012,0.1580327487678811,0.19271745341019403,0.1358224952018172,0.4019408289218902,0.2160439559749588,0.0534752664911399,02010006
28,560.0,449.29731538920043,0.1528589887325393,0.15344669655452997,0.19213394305519027,0.14405899101694428,0.38481631098363167,0.2241960253590876,0.054794729585146244,02010006
29,580.0,445.0841946633628,0.12087209461694663,0.17042867370968284,0.18004099714023333,0.1217103007505989,0.3998957964509073,0.23961688688650537,0.05873601877175508,02010006
30,600.0,443.70389584938187,0.1600597923647361,0.1776792505815737,0.20062434743263996,0.1228673662062291,0.40081500934614916,0.20398842170501738,0.07170485530996457,02010006
31,620.0,455.3785571183717,0.11996824748689215,0.16971733395028146,0.1880337637489501,0.11115766204593822,0.4230515580734181,0.21049403642535683,0.06726297970633682,02010006
32,640.0,435.05661412011165,0.12007690150482363,0.19797274332206388,0.14735285726007336,0.0933390206740061,0.44998597485012964,0.22763413790828504,0.08168800930750596,02010006
33,660.0,440.66626295799017,0.09488627607322286,0.20170290534054897,0.1317671725258889,0.08210756224068792,0.43398833105601525,0.2734327042149752,0.0787042299624327,02010006
34,680.0,497.5637181270233,0.279228255251364,0.17338506384263935,0.327546220726896,0.10972135655180122,0.28191081381171745,0.21041550066732756,0.07040610824225772,02010006
35,700.0,461.80932162862246,0.10049625338711887,0.205717121906977,0.13748553822125437,0.10108589547880333,0.38735752510746146,0.30208556138592724,0.07198547980655368,02010006
36,720.0,448.4308009100648,0.18658999245645072,0.21442979417363547,0.21849128417346178,0.14611093210864737,0.27634947821054845,0.28209942356400874,0.07694888194333363,02010006
37,740.0,502.0506735810018,0.14775845916439598,0.3003132487119402,0.1864679811998207,0.17551443838392256,0.17802784896242033,0.3382192000861442,0.12177053136769224,02010006
38,760.0,450.05673664996846,0.0969914622655687,0.22478908689980331,0.11861179785311274,0.14220448397369173,0.3638282765460543,0.290821537078747,0.08453390454839432,02010006
39,780.0,502.20822391347156,0.11121413023991689,0.18150508306631913,0.13740546800157907,0.12018440886311081,0.40582255387042176,0.27021597120541024,0.06637159805947801,02010006
40,800.0,787.0264231672738,0.5784369493123028,0.10019302538046944,0.5543545925481744,0.1165152058122522,0.16308806379240812,0.12742461649328218,0.03861752135388317,02010006
41,820.0,594.9251359504693,0.358065587411016,0.15979275198918966,0.39145524385226704,0.12294971145155761,0.22596749971170527,0.19808527959416464,0.061542265390305495,02010006
42,840.0,490.9805533139309,0.07848887002127675,0.20484453439239203,0.10049825958448279,0.24642892839020172,0.3016851874444608,0.2714034824801396,0.07998414210071506,02010006
43,860.0,479.160882751217,0.2980183873424449,0.1291957578413221,0.3798941244490478,0.13958004885409653,0.2781596166892776,0.15870741515641115,0.04365879485116703,02010006
44,880.0,410.9667701045774,0.1350058770718055,0.18115407106221595,0.19255809308639774,0.10076093967185033,0.4117084225424858,0.22708446020070813,0.06788808449855797,02010006
45,900.0,440.07380755519904,0.12582005549486375,0.12376668518280304,0.17123090328708301,0.09750649347186947,0.5100252191491645,0.1829626098172189,0.03827477427466411,02010006
46,920.0,487.1551588019602,0.09622048910607672,0.11263993817552315,0.1451305950455106,0.3222864625549368,0.34088223983553384,0.15239219116825264,0.03930851139576619,02010006
47,940.0,611.237633107024,0.5614193772505969,0.06445194948817527,0.6073388667605422,0.0878615240800929,0.19635696573479028,0.08451582073878078,0.023926822685794012,02010006
48,960.0,411.1543671077855,0.13239542320566852,0.16702190393723512,0.1694404756420815,0.08319491483121028,0.45103340185181556,0.23780810511478762,0.05852310256010502,02010006
49,980.0,453.23225548903144,0.09586724055375993,0.15473952322459014,0.12803888310599487,0.09422099620006143,0.5062926716286197,0.20368584573180462,0.06776160333351927,02010006
50,1000.0,461.7903359471054,0.09641317470159191,0.1820376443966881,0.12459003377806929,0.09313549638706688,0.48866238172079707,0.2153521205881465,0.07825996752592025,02010006
51,1020.0,460.21212737050945,0.1343837924255305,0.21837336227187948,0.15217359237940947,0.15214883801636883,0.3363669945253783,0.2611515540035535,0.09815902107528976,02010006
52,1040.0,492.16695136044615,0.10404516875227633,0.1842519272467703,0.14562889918818217,0.20931961738600682,0.35399379129208297,0.21544967669789608,0.07560801543583194,02010006
53,1060.0,489.92599384292845,0.08541676880420326,0.18269724192662154,0.11223371210374168,0.23136669645392152,0.33708710041388845,0.24180840620506425,0.07750408482338411,02010006
54,1080.0,491.99488532090373,0.11511640843671427,0.1989664160153359,0.1551265574665738,0.14186674293676088,0.356471964908289,0.2515320069939629,0.09500272769441348,02010006
55,1100.0,489.82111665353744,0.11160661913544126,0.2342999027081705,0.13035938833551672,0.14998327896582261,0.33909592919759385,0.2759786094405312,0.10458279406053557,02010006
56,1120.0,456.4268640083395,0.10104638106383129,0.21240055754988837,0.1578184809159812,0.21976865110139207,0.2909558223132858,0.2537366134432629,0.07772043222607812,02010006
57,1140.0,440.27382598170806,0.129682699748341,0.14455716889872947,0.1659698102800625,0.1884953806325707,0.39870475047001713,0.20513856679797654,0.0416914918193732,02010006
58,1160.0,461.6659529142263,0.13790083016777152,0.1455178595104291,0.1863411072541152,0.09530435992451987,0.4525530925983867,0.21968191167940895,0.046119528543569294,02010006
59,1180.0,624.3044707359957,0.5336671730302999,0.08406019685254491,0.613196543438093,0.08316937680779347,0.16655489552535963,0.1088373636103805,0.02824182061837327,02010006
0,0.0,602.2365482768967,0.4476727459516884,0.04140196805035586,0.517320589906771,0.14766403256232938,0.25728222905141795,0.06220144363263071,0.015531704846850913,02010007
1,20.0,507.47377164368953,0.28584305136994426,0.061750609734869476,0.42765430114836017,0.17167141961262156,0.2994208037604887,0.07987423747595464,0.021379238002575005,02010007
2,40.0,619.5576947130658,0.5187363016599675,0.05589098653322889,0.5979442317414252,0.15084362104879886,0.16031857100451283,0.06897976118793207,0.02191381501733101,02010007
3,60.0,564.422315199693,0.4774114040737021,0.043421723718746134,0.5625995115247253,0.13533768035126623,0.22141380374656627,0.0667803821014244,0.01386862227601761,02010007
4,80.0,498.0600198659054,0.3021080988555447,0.10254931189906383,0.39546961045545986,0.16068939638884783,0.2966795798827484,0.10281404853253695,0.044347364740406944,02010007
5,100.0,594.7332147344237,0.46998533690911054,0.048816719837251873,0.550813824322124,0.1450685946301978,0.20834146520251337,0.07575912027894596,0.02001699556621896,02010007
6,120.0,535.358029864204,0.4321841249826252,0.07535245218821031,0.4988074247224695,0.13355153872497644,0.24474582270336243,0.09526300623502357,0.027632207614168115,02010007
7,140.0,529.2855241705737,0.3281823791963996,0.06286373965017891,0.3767553163737173,0.18326673117520614,0.3259966024562535,0.086651295938077,0.027330054056745823,02010007
8,160.0,562.7359764183642,0.37805251581614735,0.054427324212586885,0.46774295726258674,0.11975512078839122,0.31620873941074257,0.07614508107248213,0.02014810146579735,02010007
9,180.0,509.51525632557633,0.3260189323428752,0.09653998759204804,0.3591602802351595,0.15470652085599304,0.3294511546298967,0.1127568754296273,0.04392516884932336,02010007
10,200.0,481.087344106651,0.2749336580067511,0.070520273527304,0.33210589898395826,0.18319663521757168,0.3541697428751141,0.1076795653818367,0.02284815754151938,02010007
11,220.0,538.4022451248765,0.31947648976551807,0.05673808057198532,0.36165860046715137,0.17851037745181575,0.3434105974002176,0.09746958276340102,0.01895084191741439,02010007
12,240.0,524.8642912607279,0.37696576669943743,0.09664220180325897,0.5111662041744933,0.14033880526938547,0.19666886770989994,0.1202999363141247,0.0315261865320967,02010007
13,260.0,447.2942505941668,0.41951445836335705,0.07578514493621204,0.49073987471178665,0.16151372537449638,0.21656483405831992,0.09952354034645952,0.031658025508937676,02010007
14,280.0,672.3031162586442,0.644795120073879,0.04036955608148802,0.7069451413316433,0.10992383687209703,0.10850828419573792,0.05870042767232008,0.015922309928201588,02010007
15,300.0,476.06690258387914,0.46668865651094854,0.0707194056976335,0.48949657255773743,0.14148563685268659,0.2381963752582629,0.1094984865694469,0.02132292876186609,02010007
16,320.0,427.47977041406756,0.26120841558414304,0.07851166558366723,0.3140929048417986,0.14258241329635415,0.39002971946414194,0.1308542182230407,0.022440744174664753,02010007
17,340.0,462.7067493728317,0.438383326145679,0.07036863363177889,0.4996249382984554,0.11632758133265855,0.2551041506732767,0.10427121786414244,0.024672111831466968,02010007
18,360.0,472.9647002813563,0.36623609117109784,0.07811825408331359,0.4056246105703509,0.14688548404758878,0.3062672573011151,0.11588681651397702,0.02533583156696822,02010007
19,380.0,496.68097579455144,0.3445628431269257,0.08360561829928033,0.3988699769432743,0.15744460921461434,0.29533569040240126,0.12254552945788237,0.025804193981827653,02010007
20,400.0,599.2785789037663,0.5891142729399597,0.04894335520394596,0.6346661498277685,0.0902873961188055,0.18922638887138177,0.06924961846754144,0.016570446714502814,02010007
21,420.0,511.5772842404214,0.4759809069383677,0.07631950435540825,0.5263271840861014,0.1145837273206995,0.23118112522563375,0.09774068570027884,0.030167277667286524,02010007
22,440.0,497.1293131003676,0.33470159726262894,0.06787739456927032,0.39917348414290776,0.10416161530372159,0.38517717378228605,0.08828197836880061,0.023205748402283836,02010007
23,460.0,442.0501654766172,0.31946131066574013,0.07932762387495482,0.35414423692088715,0.162666129055528,0.34968838016560605,0.10220966053491339,0.03129159332306536,02010007
24,480.0,471.83041651453624,0.37421291754581804,0.07999743694864694,0.3932219913101774,0.10992823246719269,0.35234680734619844,0.11728129090787236,0.027221677968559222,02010007
25,500.0,473.6266481715864,0.3700254403517237,0.0755678440348086,0.37447158789720514,0.12142687515398734,0.37178840198793534,0.1104715356125966,0.021841599348275613,02010007
26,520.0,433.2101843728923,0.21637501097056705,0.09598055675168313,0.36698455255464374,0.1381111788977722,0.34567054065334113,0.11855645433002639,0.030677273564216727,02010007
27,540.0,463.7560700498426,0.3432917449701195,0.06593275601042216,0.40199362265819416,0.1415232812248603,0.3205313313256057,0.11764291796964146,0.018308846821698414,02010007
28,560.0,493.2122017258997,0.2505149333493678,0.0947455706813975,0.34316303022399924,0.14317569689396215,0.36044493002474526,0.12312160814924199,0.03009473470805135,02010007
29,580.0,793.0743557384402,0.30924787010126875,0.02199298467563413,0.7482747444303739,0.09047805816760396,0.12111086300120484,0.03253213053125155,0.0076042038695656984,02010007
30,600.0,477.13345086220113,0.24263607033607773,0.08359801995606607,0.30398776922018866,0.18458663300796901,0.36704558717818814,0.11778769319647624,0.02659231739717798,02010007
31,620.0,505.4609836224929,0.31785162637216124,0.062390894217734943,0.4479387133703256,0.11985840558654166,0.322039995158489,0.09047891934858825,0.019683966536055492,02010007
32,640.0,604.0023873936203,0.5323627652398615,0.04033831254427511,0.6359840982435122,0.12494518201757672,0.1641707825242618,0.059504308473538665,0.01539562874111065,02010007
33,660.0,516.7808149299207,0.19380729445266326,0.05167496403032026,0.3349924729379947,0.17607208020683232,0.3994119048726757,0.07297936753423988,0.016544174448257374,02010007
34,680.0,467.0463336183172,0.2724059334045424,0.0813199613687924,0.34817083041849733,0.15593539002319834,0.37267925891804293,0.09180488966601046,0.03140963097425109,02010007
35,700.0,542.363171535656,0.2650569987920582,0.09471999338739086,0.32946239041207376,0.16972064112807822,0.357304537644502,0.11149161105406333,0.03202081976128284,02010007
36,720.0,425.07143958258877,0.19534394252671164,0.10456756980202495,0.24985881524208858,0.17507882502713382,0.408962539909244,0.1293323645187724,0.03676745530276125,02010007
37,740.0,489.5261527603832,0.13153093585730966,0.0872856820750456,0.17353823829170573,0.12022070312825008,0.5509111942533024,0.12236129280606076,0.03296857152068116,02010007
38,760.0,489.5973516760792,0.35230080831369376,0.06089185791203573,0.4255274004298054,0.1263273344809924,0.3432404045046413,0.08441373236368219,0.020491128220878625,02010007
39,780.0,479.52931028141364,0.22896890196892639,0.07242744125867444,0.3176260530392202,0.11985958855428178,0.43769543841042546,0.10004837641530392,0.024770543580768738,02010007
40,800.0,452.5597220421851,0.1809756421841524,0.070126868875989,0.2839420159634949,0.1565850065731381,0.43229681127482217,0.10951215243031774,0.01766401375822722,02010007
41,820.0,529.1574794624977,0.12286782604875382,0.07969114212807993,0.15172517430856455,0.12550778297099524,0.5828079483346008,0.11725849559066814,0.02270059879517139,02010007
42,840.0,449.3977600015461,0.251812281912478,0.08606685644403901,0.31333044536948573,0.18601926126261653,0.3568724309950962,0.11628629520053134,0.027491567172270113,02010007
43,860.0,468.4776208003439,0.21918138628112666,0.10699457494392028,0.2882236058562002,0.15479192901227248,0.38929454707474836,0.1267877026452469,0.04090221541153214,02010007
44,880.0,462.1918530318776,0.22230476007502245,0.08549125049984624,0.30062596259605834,0.1729934293345031,0.3760617538965751,0.1274066042145238,0.022912249958339567,02010007
45,900.0,506.37069870452865,0.3661804960850402,0.13170373917141298,0.44972928847912935,0.1142065874860068,0.25845226370656804,0.1259860985946528,0.051625761733642965,02010007
46,920.0,480.87172322688497,0.14797176494925823,0.09834927612626902,0.20179736533122755,0.11784613769880978,0.5258815433504033,0.1297149254887715,0.024760028130787853,02010007
47,940.0,483.4339820563906,0.3259809495047681,0.09590652904714217,0.4294610480161154,0.17404229094922394,0.24608862026307055,0.1106168385606351,0.039791202210954946,02010007
48,960.0,431.7702140663644,0.28374526720983223,0.09458661341098522,0.346056889202318,0.20841787145534735,0.2990033574896996,0.10701384942774148,0.03950803242489363,02010007
49,980.0,433.5300748351223,0.19622867686304815,0.09803532936005016,0.28516599871685383,0.13043436687023832,0.4300748252395111,0.12619097294275175,0.0281338362306451,02010007
50,1000.0,481.11893424182307,0.3842677261365696,0.08450648513748825,0.4525925694824683,0.12961456113603717,0.2712769731773118,0.11526172559529332,0.031254170608889485,02010007
51,1020.0,415.3392402172019,0.2879584757008149,0.10847675050524469,0.3313764788265174,0.09932862799810722,0.3961107456482375,0.13600773675402125,0.037176410773116474,02010007
52,1040.0,512.6084536835621,0.30692233519374545,0.06802320210208496,0.3384669241549665,0.10610847998979753,0.43327645355709465,0.10198114035995669,0.020167001938184548,02010007
53,1060.0,473.58165828422426,0.36492112517414405,0.06874490736223572,0.40059052855267996,0.11847607024870042,0.35960473000099696,0.09959503078381184,0.021733640413810797,02010007
54,1080.0,476.83137600097047,0.35793334284650086,0.07507497834052214,0.4028152486608964,0.1471491132203677,0.31525358575628953,0.10890023029984133,0.02588182206260504,02010007
55,1100.0,478.573259488581,0.2816688642093647,0.08137336047536188,0.3371776237479114,0.11780215009642507,0.40952550499788204,0.10764280363543306,0.027851917522348477,02010007
56,1120.0,524.5241729564838,0.44835723361145186,0.06967005211135359,0.5169196398208247,0.09247397413469449,0.2750689484724397,0.08741892018865444,0.02811851738338669,02010007
57,1140.0,451.6298999140145,0.23456549843090416,0.10105091910769011,0.2949387430814888,0.15413093381005988,0.3822344176846942,0.14023448318366757,0.028461422240089497,02010007
58,1160.0,500.86381259646504,0.3132879631295986,0.07029022614513553,0.3748037290383309,0.11965143760859583,0.35998476981672767,0.12618706882922406,0.019372994707121425,02010007
59,1180.0,528.5301014653854,0.29873592395383064,0.0726211982405443,0.3296722763425257,0.13800088991747242,0.40566874735692754,0.10676450801917221,0.01989357836390218,02010007
60,1200.0,2411.7731607047826,0.35069631895471126,0.07896591933069215,0.475372680043913,0.25346914280569005,0.11182357006235959,0.13572349187866786,0.02361111520936959,02010007
0,0.0,674.6864260496852,0.2841347712139427,0.029565005704328667,0.3479680675032591,0.2580438821031846,0.2667663502181584,0.11687996603155293,0.01034173414384515,02010008
1,20.0,622.1699505733187,0.5298323891733386,0.030718305234607432,0.5981892768577435,0.11103088403128258,0.19880603869939784,0.08019952448813131,0.01177427592344486,02010008
2,40.0,407.24935786698194,0.20233626891747475,0.07544977811168606,0.2606151742264755,0.23260195511596116,0.2954931614174052,0.1818076740346325,0.029482035205525656,02010008
3,60.0,543.4697480498552,0.2589305694348632,0.03981571704560351,0.3689776886250172,0.20684797236358213,0.29171656141250835,0.12018954418379796,0.012268233415094336,02010008
4,80.0,497.6896821983431,0.37245668846017266,0.043616902416805395,0.43692304889418265,0.19190223119979713,0.25052498881024865,0.10517057475392494,0.015479156341846663,02010008
5,100.0,485.4003299249774,0.35378181822960786,0.05109349925073157,0.4127776070098891,0.16289353563184952,0.31027983677194737,0.09651918458329509,0.017529836003018988,02010008
6,120.0,562.5185708792496,0.4883800422788814,0.043722770028426665,0.4938132413219068,0.18388338585401906,0.22707922223777913,0.0807260116011641,0.014498138985130865,02010008
7,140.0,476.94059781059656,0.42990125713057226,0.0670269747017304,0.4448787202935728,0.15342287621537587,0.2696572027072983,0.10795452255971597,0.024086678224037126,02010008
8,160.0,517.6165502631695,0.5084940832620528,0.05353548567802779,0.5161586320131467,0.12355946491581475,0.2451072600607112,0.09366947954045982,0.021505163469867555,02010008
9,180.0,499.481026647514,0.43186925359425304,0.0661191790663439,0.5027437432594177,0.13278602253245306,0.22717124344595838,0.11521715051520075,0.022081840246970116,02010008
10,200.0,560.7196168783992,0.5499723411586824,0.053434469322241655,0.5677481291193212,0.12547567502010176,0.20565471544025674,0.08012829750177032,0.020993182918550044,02010008
11,220.0,562.9607416837458,0.45966832174222316,0.0684717049098394,0.45390999837836976,0.15488982537817764,0.25910408252721795,0.10603737860122969,0.026058715115004964,02010008
12,240.0,636.5306230762515,0.3796349417094549,0.05790759555716426,0.40697846535315635,0.19276072083848503,0.291788162705635,0.08994356328506202,0.018529087817661556,02010008
13,260.0,599.7270390263506,0.2641394411590307,0.05390396925122463,0.2926549579861816,0.21651764024452252,0.3836925607388299,0.08866079629842685,0.018474044732039105,02010008
14,280.0,583.72039306674,0.30747029410131255,0.06284915030333445,0.30454151487931597,0.2172012856900533,0.366182251773124,0.08988784839967892,0.02218709925782789,02010008
15,300.0,608.6756821518319,0.37744288413507726,0.05712953876014655,0.42626293487917694,0.18140996564547052,0.28279823840535145,0.08948555405411186,0.020043307015889182,02010008
16,320.0,710.1711312287551,0.49219166499944517,0.046186491961170695,0.5526628924692423,0.17192802608501315,0.19013763257948488,0.07177381355180441,0.013497635314455341,02010008
17,340.0,599.8074003843632,0.5741725611974924,0.06267999421088971,0.5443655287783528,0.13771447370708884,0.2051142255751332,0.08873659705705973,0.024069174882365534,02010008
18,360.0,437.9995732591379,0.2630319835731251,0.1390661618838579,0.28582193099082664,0.13845034165882636,0.33817380904362976,0.18957551930717545,0.04797839899954173,02010008
19,380.0,445.76918582661585,0.372368930499466,0.11869683800266784,0.37346798942899606,0.14703930853541972,0.25268413167332854,0.18134743045643026,0.04546113990582552,02010008
20,400.0,601.1743822069536,0.5411925261011308,0.09650701511299793,0.5255574996956163,0.09372682253358817,0.22939237810344001,0.11496374044919203,0.03635955921816359,02010008
21,420.0,654.630755703504,0.46925221480047,0.08012245148757995,0.5420460121472602,0.11293315562280613,0.19902101404815578,0.11445250154445372,0.03154731663732425,02010008
22,440.0,555.1933968556654,0.5074350534018074,0.05172540863750853,0.4918419945079598,0.12287331509567029,0.2929582798996956,0.0776649463433354,0.014661464153339018,02010008
23,460.0,582.3127486296316,0.6498607371897659,0.04213541827400838,0.6229671481119328,0.07332077711060059,0.22393846158649333,0.06727255597561034,0.012501057215362847,02010008
24,480.0,466.44516404527195,0.6046561269680059,0.055813314762306616,0.5733578565452163,0.08379095761787088,0.23545482119423725,0.09001748172618527,0.017378882916490288,02010008
25,500.0,449.90865953511803,0.5263330070524042,0.06855778722745964,0.5002780247303499,0.11758942013983714,0.26113173803652134,0.09779590112313023,0.02320491597016137,02010008
26,520.0,439.63724227550557,0.36835390260250633,0.09514068835564356,0.37685738402749475,0.13658023734332927,0.3118928220097152,0.14422252738613958,0.03044702923332115,02010008
27,540.0,420.1688890141608,0.40861695564210276,0.08164846437889672,0.43695826898613566,0.1366240186936203,0.2823061423038339,0.11663173616448123,0.027479833851928953,02010008
28,560.0,550.8058188761138,0.5929678657305624,0.0673559203221393,0.5767897624615941,0.10186501868506022,0.206656131071015,0.09164146996900961,0.023047617813321163,02010008
29,580.0,633.9253923620447,0.6938360268687995,0.031759826149250305,0.7249980508958562,0.07245413972027766,0.1440040725803481,0.04732973845714093,0.011213998346377086,02010008
30,600.0,626.793326846514,0.5858137530401708,0.06632315671020829,0.598405747602157,0.08585893839247431,0.20015198077003085,0.08811711285296601,0.02746622038237198,02010008
31,620.0,793.2399107479388,0.6997282829401076,0.030593460777641662,0.74871330803146,0.060362006228237744,0.13838340111066696,0.041772277387458374,0.010769007242176908,02010008
32,640.0,558.350010746128,0.44436461072884,0.08361940472890768,0.4405648676685238,0.12025140748313912,0.2786804865839482,0.12901940070472015,0.03148383755966874,02010008
33,660.0,549.7322790869302,0.42245221943214173,0.09512422932881624,0.4834683345775979,0.10229440937595159,0.24646654802132031,0.13325113618521606,0.03451957183991396,02010008
34,680.0,598.2782511708492,0.5294525482138165,0.08211920888785061,0.5666346738940456,0.08399424795569045,0.20600405479792006,0.11391857342331371,0.02944844992903019,02010008
35,700.0,560.9346294535221,0.46904910193149785,0.09592303236689412,0.5213725698096813,0.07657247251282691,0.2412578741814451,0.12724986255694548,0.033547220939101195,02010008
36,720.0,494.84657400248733,0.41955075989144325,0.1269106674222859,0.4088029708015722,0.12788884271066514,0.23117010208810274,0.18457279211188962,0.047565292287770365,02010008
37,740.0,399.3068734229227,0.5098337227853293,0.16902108501543084,0.4827655937807172,0.10903388473289385,0.09092848640167643,0.2516001714806915,0.06567186360402108,02010008
38,760.0,672.5189200408544,0.7580177639886576,0.056398406421190005,0.7681930969654832,0.054366419358496676,0.07206923421249624,0.0850835173504224,0.020287732113101597,02010008
39,780.0,556.1983865566854,0.4971205987592768,0.07533529551486347,0.5238390247931728,0.08715307706462505,0.2621319746114871,0.10271377984099514,0.02416214368972006,02010008
40,800.0,399.1908533176915,0.32311805852225467,0.10249761060040566,0.3907766112192711,0.1232810541277476,0.30656729891905915,0.14873158022557928,0.03064345550834285,02010008
41,820.0,347.32365549925976,0.3030827151385739,0.07917162339788232,0.3352291554608982,0.12891474530900102,0.3809550484454986,0.13131828263531517,0.023582768149287073,02010008
42,840.0,488.709365697922,0.4605071107606366,0.05962592652019597,0.4344400269902077,0.0781528724476733,0.3815118079537838,0.08615660518096152,0.0197386874273738,02010008
43,860.0,433.2794204276253,0.4748661488402186,0.05521814616371327,0.4575354153258683,0.06637277544138724,0.35570408442914997,0.10426743159564986,0.01612029320794475,02010008
44,880.0,372.2628819144642,0.401841448635458,0.06330066622147838,0.404857540004718,0.12200958967624383,0.3529388164025314,0.10289188789021644,0.01730216602629027,02010008
45,900.0,422.24124361859714,0.44738105136659545,0.0465084700279766,0.4498174031722346,0.14019596429779518,0.3190123240538991,0.07987768163303426,0.011096626843036736,02010008
46,920.0,506.5458905311014,0.7068260947228125,0.03320895154053787,0.6972151814549067,0.05852980900516517,0.1770444306674618,0.056157099852353634,0.011053479020112654,02010008
47,940.0,460.20486307510566,0.5445713387790081,0.0454042308131549,0.5742006072137327,0.0958956426185906,0.23540386912620534,0.07946702014903873,0.015032860892432777,02010008
48,960.0,486.01490364800105,0.4385819841971017,0.04896288468018631,0.46323115357709693,0.12557065103787127,0.3144423098606729,0.08308934264142631,0.01366654288293249,02010008
49,980.0,487.5269289710817,0.5932637483841654,0.05450721942545894,0.5606366000230777,0.08673800388214437,0.26019675774206963,0.07826559171509517,0.014163046637613036,02010008
50,1000.0,509.2790444561338,0.6534859849795759,0.04391078220572999,0.6110808303914438,0.06434492430360708,0.23488977268073766,0.07460682445910345,0.015077648165108058,02010008
51,1020.0,484.20550748925865,0.51673126709607,0.05911324615722878,0.5046434179661119,0.06670577139411908,0.3118553447327501,0.09866684242209048,0.01812862348492853,02010008
52,1040.0,428.6468041571497,0.3865192067088914,0.08524253094819889,0.4116797111159888,0.09360231669092257,0.3354976237535439,0.1321338333086857,0.0270865151308591,02010008
53,1060.0,392.4221825933983,0.41837695926327384,0.09072080634670016,0.41152538633621627,0.0871439134405072,0.3290631553620891,0.14576354688317236,0.02650399797801514,02010008
54,1080.0,372.48217694471504,0.2921770864145742,0.11548793029317421,0.2891760953102661,0.1123092550559522,0.4024141440247055,0.1565439944906159,0.039556511118460216,02010008
55,1100.0,514.9448080443201,0.5244952057653934,0.06373217829377305,0.48294377719910403,0.09447357284855673,0.29225597401287745,0.10812527009598215,0.02220140584347975,02010008
56,1120.0,551.8798938925717,0.7268972477095537,0.052326281309028964,0.7336216158615694,0.06210476360767464,0.11817526978727928,0.06708071172384225,0.019017639019634658,02010008
57,1140.0,517.0082036455692,0.4654788944075763,0.07104091182813979,0.5416948409256669,0.12272878878564386,0.20850209575632628,0.10361823476429324,0.023456039768069713,02010008
58,1160.0,525.3341133134624,0.5823843260545444,0.06665658069292518,0.6190086134503028,0.058808907565199076,0.21082794690151765,0.0907374004736307,0.020617131609349762,02010008
0,0.0,512.0607874013219,0.4062104260773187,0.05370812780952065,0.5034857869175676,0.17466652832995644,0.23816646074099004,0.06408851347878976,0.019592710532696213,02010009
1,20.0,424.31099042040216,0.31856484433567905,0.0499532747486059,0.519189584184562,0.1643826417689316,0.23978439823471762,0.0545819271255644,0.02206144868622438,02010009
2,40.0,343.91311257855176,0.3583140277913124,0.06971656139629286,0.4265208023716089,0.14265616291125197,0.3064075921707551,0.09752887204487755,0.02688657050150654,02010009
3,60.0,328.42387504397885,0.25476036511047445,0.07353552467818604,0.3595372879582827,0.19588479648953414,0.3226003921827332,0.09145715751006184,0.030520365859388048,02010009
4,80.0,480.4334751125804,0.55186903561103,0.05132507568776787,0.6275578514001879,0.13359209755235074,0.14962991798879563,0.07154407997036602,0.017676053088299757,02010009
5,100.0,375.4338611953413,0.3178565425087361,0.06229408877671712,0.45179413632998056,0.20297838723535566,0.23839676870946613,0.0850255358166732,0.021805171908524434,02010009
6,120.0,322.14662254121924,0.33811763742010564,0.08005303953921596,0.38772089706318813,0.156374050776381,0.3241502640752256,0.1028320587779584,0.028922729307246972,02010009
7,140.0,629.7806299214865,0.10947757670008391,0.04970258576591629,0.14859240330228518,0.4304132518382763,0.29493408835205404,0.10723291384582381,0.018827342661560713,02010009
8,160.0,430.26216430508424,0.22015939125767242,0.0734706484520653,0.26824141564791104,0.2938699010855109,0.29033638116040106,0.12693813166570633,0.020614170440470512,02010009
9,180.0,328.1088546773498,0.3782497608336676,0.05759437930947034,0.4931354542628648,0.18437611625911388,0.2087565878741618,0.08674993105423741,0.02698191054962222,02010009
10,200.0,312.0043596559724,0.31288372914621027,0.07682275312193254,0.41451238935368756,0.21464148103782263,0.2296216280041722,0.10545864488858189,0.03576585671573576,02010009
11,220.0,351.9978992107536,0.4654921383506669,0.05337236443310375,0.5577758158519577,0.16584408224142658,0.1854008994232187,0.07049270876656806,0.02048649371682907,02010009
12,240.0,344.81757561872,0.25366895608740686,0.0688074423797993,0.36352295698381853,0.20895443077509138,0.3104417480138708,0.09498756738383349,0.02209329684338581,02010009
13,260.0,350.51993992805666,0.23209588571963766,0.081407372807312,0.3278187423171731,0.24367144274322264,0.2888435357187523,0.11413773750988103,0.025528541710970864,02010009
14,280.0,670.5404453213125,0.2058311497154352,0.044421481114409744,0.323694669261456,0.374092898558141,0.21001758386654207,0.0771627056477308,0.015032142666130061,02010009
15,300.0,554.6802035817392,0.42068622130771116,0.055685872299963496,0.5017262253911857,0.18497572299322632,0.2116095911925826,0.08543420956140006,0.016254250861605386,02010009
16,320.0,382.2453078192032,0.45712979732913284,0.06535091271192747,0.5232033616361884,0.20192536333568695,0.15016689767779814,0.1011034120499728,0.023600965300353736,02010009
17,340.0,305.28980404263194,0.3414808324529069,0.08538441076638903,0.4181028670342842,0.22057158594716134,0.20479135795953798,0.122305748797189,0.03422844026182745,02010009
18,360.0,762.7672709495978,0.19068174798631796,0.0645101190582808,0.26401586981298836,0.34004482593160634,0.27713499424532095,0.1002880921451038,0.018516217864980526,02010009
19,380.0,460.4624076221888,0.28663331103889844,0.08007572154746119,0.36856445463757864,0.2036630153596851,0.28449281539132054,0.12536540731265458,0.01791430729876124,02010009
20,400.0,317.4104091131054,0.36308687618905666,0.07185039987425036,0.49963868495639446,0.185265517067829,0.1907984016107911,0.09680734425053729,0.027490052114447983,02010009
21,420.0,673.3175847896979,0.26737107699462775,0.029485148544605964,0.39461196674929344,0.3653357701303956,0.16775611126959308,0.06356689662552249,0.008729255225195376,02010009
22,440.0,385.33196086271414,0.21952615479002913,0.07414078131045841,0.3272815045849204,0.18421858202004263,0.36453167443070333,0.10380328295542109,0.020164956008912598,02010009
23,460.0,585.9460728866145,0.2866358794373424,0.06885517888597348,0.41130936871121004,0.21220271299906124,0.25595777005428694,0.10506663287576487,0.015463515359676988,02010009
24,480.0,449.0847068940229,0.19078255633053112,0.1277976032079042,0.24282853415554373,0.19738773762641298,0.3659606282251125,0.15295223418041934,0.040870865812511585,02010009
25,500.0,500.00315954622425,0.42339764174910743,0.05807046621855317,0.5310557045271502,0.21889929666217353,0.1463956174422733,0.0892290723203194,0.014420309048083538,02010009
26,520.0,295.3495561058081,0.36538981655764097,0.08523317422456758,0.48503723761014733,0.23246217168616976,0.14574686246390375,0.10646343011761379,0.030290298122165236,02010009
27,540.0,330.4200415991046,0.4390436384254417,0.058410486216477334,0.5073673782778795,0.20257207502082555,0.1653957718951845,0.10662559189207092,0.018039182914039498,02010009
28,560.0,293.5695108327823,0.3453245037672132,0.082701740667771,0.4390399298502325,0.20259103390050628,0.21122867968566847,0.11479503521194896,0.032345321351643704,02010009
29,580.0,348.86546761245273,0.38023918975729365,0.07272451122140705,0.4977488160358066,0.19776447521866697,0.17652947260293814,0.10329868298502069,0.02465855315756769,02010009
30,600.0,511.9647369403564,0.5450956196801425,0.03681839479342062,0.5599592297961052,0.1694114945372781,0.18325782539876373,0.0762909991329675,0.011080451134885337,02010009
31,620.0,513.154504072914,0.2555452613009706,0.07583703040280869,0.308154133690856,0.15860502612143354,0.39784111931047095,0.11845915709825103,0.016940563778988255,02010009
32,640.0,530.6930712754834,0.23560366518988202,0.07014632048191456,0.31969637171451604,0.3071311000219489,0.21798417695953817,0.1407577022587081,0.014430649045288799,02010009
33,660.0,979.8736872822458,0.2015816636193789,0.025290289165428186,0.2884098226111498,0.12433178224007616,0.31672331990583474,0.26570040897904834,0.004834666263890995,02010009
34,680.0,317.2754537054174,0.3460424771678307,0.08324241440050789,0.4429615069131654,0.18050301349812947,0.2143929826187998,0.13772971912417453,0.0244127778457309,02010009
35,700.0,656.2780780204649,0.1549274448681193,0.029026377192777796,0.28743313396188863,0.41034389834717355,0.24230880961294232,0.054376895246438336,0.005537262831557214,02010009
36,720.0,389.70366134114005,0.27461126156354304,0.05104012028863964,0.34360381170707194,0.16848570435044385,0.3861927267570839,0.08394723379831111,0.01777052338708914,02010009
37,740.0,436.47060088836383,0.2098213198308312,0.0590453422026898,0.27159782153857115,0.1553159296237024,0.4354063805070593,0.12035841980292893,0.017321448527738068,02010009
38,760.0,473.55191868404444,0.18045256555854766,0.04862958058430909,0.317596902881103,0.2969506623754287,0.27511477361032766,0.09586912953714045,0.014468531596000173,02010009
39,780.0,483.0448227635426,0.23768716333784715,0.051488085336654915,0.28945092372587755,0.13460328564394483,0.4694708129691653,0.09256454271610329,0.013910434944908972,02010009
40,800.0,478.00188312056054,0.46069452206949896,0.049193779686202734,0.46282283533567015,0.10735109253592327,0.31340468142239386,0.10201457385457893,0.014406816851433867,02010009
41,820.0,305.37440566493376,0.5035233550574156,0.08574984645855875,0.5651321816942815,0.15849880909187175,0.12574144501892534,0.1260685503192619,0.024559013875659556,02010009
42,840.0,414.7116387258911,0.6707180842180158,0.037572149725939356,0.7201792083986525,0.10635865722484808,0.09199605966098176,0.06645593463955328,0.015010140075964387,02010009
43,860.0,271.66422517945,0.39236184090616705,0.07997335810679768,0.45938484046295197,0.17597905975262998,0.2090582253746984,0.12645883059938715,0.02911904381033265,02010009
44,880.0,259.7086717146798,0.32406387599420594,0.08268851544934762,0.424375468173398,0.24252382075806822,0.1671779172421807,0.1328639499998501,0.03305884382650307,02010009
45,900.0,491.35020678539524,0.2071787527043067,0.09747088806919424,0.2437720069813115,0.1177456661125662,0.4813093553325708,0.13723324459352634,0.019939726980025208,02010009
46,920.0,667.3439023067824,0.16139977388622045,0.05524652187244969,0.22250546299524612,0.15565229701000735,0.5182672313986967,0.08835967728265241,0.015215331313397331,02010009
47,940.0,437.4551101956016,0.28533736749548805,0.07076024751133872,0.34394530360940334,0.17992768625623345,0.26910808261415503,0.18668108129161054,0.02033784622859766,02010009
48,960.0,264.90430767120904,0.4136766735443063,0.08427290877218112,0.5042845672398875,0.1472964718797343,0.19039945115608908,0.1219771516594626,0.036042358064826675,02010009
49,980.0,298.27617036476164,0.40863775961775417,0.0718373997394789,0.5042666889836783,0.1616382637634847,0.19235080235194477,0.11607901733640773,0.02566522756448464,02010009
50,1000.0,274.6447107206152,0.38962100432349095,0.07261032852330716,0.47234255024716126,0.1632345581238365,0.21903566005034522,0.11590477684541349,0.029482454733243468,02010009
51,1020.0,294.5588632295479,0.3324008877058259,0.07915550911104206,0.38915394032365247,0.15408419252378575,0.31055963691605515,0.11918094371750437,0.027021286519002284,02010009
52,1040.0,333.2278126537777,0.31227255353876654,0.1199723754136359,0.3672828216000945,0.14379881557848465,0.27847724926048273,0.17685745092647612,0.0335836626344621,02010009
53,1060.0,421.1702619898584,0.36001730682971267,0.06335514281062289,0.38701027188883536,0.13334820036829378,0.34822365974912106,0.11489091190977668,0.016526956083973168,02010009
54,1080.0,288.96160336555437,0.21324557467027963,0.07557582927223098,0.2922069294681856,0.1703159667961557,0.4133730550030362,0.09438184571783262,0.029722203014789787,02010009
55,1100.0,331.47486692698743,0.44457588042963886,0.05533646582481945,0.5184844268069649,0.11787267691948872,0.25828779008904573,0.08430086696380464,0.021054239220696026,02010009
56,1120.0,309.36016997410786,0.3069824136285047,0.07321448059584099,0.3629846007088507,0.1713002515633052,0.32531464824967515,0.11277367438011221,0.027626825098056723,02010009
57,1140.0,280.58073373007136,0.37939849428214495,0.08579406791797822,0.4326368011725794,0.16477479462948183,0.23994482234018766,0.1316666233142815,0.03097695854346971,02010009
58,1160.0,303.0535908665882,0.47730054127836125,0.06688365433946901,0.5296085097795794,0.16274630040918503,0.18556128591479448,0.09905799097952979,0.023025912916911424,02010009
59,1180.0,327.73297967441783,0.4309646564491938,0.07332520277302707,0.4692216004039967,0.21000011765690377,0.19571298885329128,0.10231394718729105,0.02275134589851718,02010009
0,0.0,463.17614259271295,0.24303428698291366,0.048774594057601456,0.44699874106249976,0.24489236396191935,0.2112315700395361,0.0813553456378543,0.015521979298190379,02010010
1,20.0,541.5587345384946,0.19588055805823054,0.030686015249151308,0.4102585918675037,0.321251657145263,0.20423747694772074,0.05425272005191734,0.009999553987595175,02010010
2,40.0,533.4641672230122,0.3707318794451014,0.029946970172160577,0.5645736707476855,0.2309665636569294,0.14233997886136684,0.054347712919895555,0.007772073814122744,02010010
3,60.0,539.3494011782616,0.2741392994339824,0.03044437098196348,0.38276421959391477,0.33348246065240855,0.22021118868934475,0.05245460991594511,0.011087521148386842,02010010
4,80.0,520.0938424443825,0.3074649678964764,0.028358133701342696,0.5036393640675111,0.2780555377866317,0.1566630353004674,0.05185671351837783,0.009785349327012057,02010010
5,100.0,561.6617691554578,0.3099791237267977,0.029892123535515132,0.5387104801008722,0.24979646961713278,0.15754743560051454,0.04324620855056293,0.01069940613091763,02010010
6,120.0,483.62136876742846,0.21011624881311156,0.0335463471961083,0.34132076499322095,0.3227037287700254,0.266272485633173,0.05892109130704138,0.010781929296539306,02010010
7,140.0,509.0340749071928,0.35173916044377884,0.03078053181360328,0.48165431447994583,0.24289475031448834,0.20788298628659443,0.05794456943186128,0.009623379487110107,02010010
8,160.0,494.1953445589199,0.17835311008591997,0.03286791930132976,0.3623989432179528,0.3417006629180534,0.22313907248533232,0.06064866947593114,0.01211265190273044,02010010
9,180.0,514.0640070798796,0.17111366915044687,0.029739533735834257,0.2637733333344969,0.4124255847663036,0.24932473001118968,0.06501557909155321,0.009460772796456698,02010010
10,200.0,410.66268493360684,0.22771918734644783,0.043438693017990554,0.3363164425213563,0.2687700200987929,0.3063652919748703,0.07239775806015052,0.01615048734483005,02010010
11,220.0,411.08592035999817,0.23036614251606377,0.0511695324581265,0.32760485640785814,0.2836608199451717,0.29064082427379617,0.08058276433803903,0.017510735035134905,02010010
12,240.0,434.93818714072574,0.20985107741544393,0.04453567640278602,0.28641480554477994,0.19603259352457308,0.42226510517280824,0.08159277065789886,0.013694725099939938,02010010
13,260.0,410.8708851357608,0.3314425277787212,0.04587899988789518,0.3808272873287676,0.19361851919576223,0.3254812016047275,0.0854547857161624,0.014618206154580234,02010010
14,280.0,464.0381247114763,0.3075690837725903,0.03742877037863978,0.34827632113507717,0.20649704023141105,0.37259190645293433,0.06200798132076317,0.010626750859814422,02010010
15,300.0,421.7546533637351,0.27070109389577507,0.045224180500694,0.32852716614060645,0.18888277096154527,0.39052715331707094,0.07852033223207676,0.013542577348700624,02010010
16,320.0,418.9590576777767,0.2976920525782916,0.045558588482179856,0.4826563828157966,0.17374937436469895,0.27239389441392525,0.059740483502708414,0.011459864902870829,02010010
17,340.0,417.2017271668532,0.3767092454299262,0.046127671654603,0.43557662734643354,0.13475384669187676,0.33654760431133024,0.07934804770054332,0.013773873949816237,02010010
18,360.0,407.7115104844,0.2911169394307507,0.04682142371767533,0.34594775883192536,0.22691567852809072,0.3306922878719703,0.08313898968318666,0.013305285084827149,02010010
19,380.0,433.4562934592335,0.3354985224070143,0.03578218827759595,0.4068106377910878,0.18003545228955656,0.33181008044956184,0.06939304313127986,0.011950786338514069,02010010
20,400.0,397.5954234624665,0.2896448599722758,0.0446802989769352,0.3988713133473465,0.17485698297507202,0.32910243290979907,0.0823091026792997,0.014860168088482666,02010010
21,420.0,404.7468270956229,0.3526868153719387,0.052908613009755544,0.3998225717092441,0.19157176806640558,0.3075269991385169,0.08428213065501872,0.016796530430814752,02010010
22,440.0,391.07256903040786,0.2669127746224267,0.041758370560456795,0.3678016365342202,0.23270403907853782,0.3070821968308108,0.07900588761242154,0.013406239944009654,02010010
23,460.0,603.9322692288096,0.5689126972833539,0.017902000893673796,0.6990230894516971,0.18586419715666055,0.0763286597756007,0.03327223556850029,0.005511818047541375,02010010
24,480.0,467.1403830093736,0.5052353431408878,0.03724887494251182,0.6075913843406165,0.16740845684741318,0.14624582841109107,0.0670192437509354,0.011735086649943762,02010010
25,500.0,446.65864255721226,0.34482430630701194,0.04328044707362745,0.46127980027862403,0.15127519886076168,0.2917691793156348,0.08215245452401272,0.013523367020966803,02010010
26,520.0,434.94721745022883,0.5301255557462052,0.03739164570784739,0.5556844935138816,0.2014101828280568,0.16826623109729852,0.06453866985838283,0.010100422702380136,02010010
27,540.0,448.1086796712794,0.4845717406498986,0.03843687204028104,0.5061873201137038,0.1985305740013384,0.20924646536509828,0.0742816497131126,0.011753990806746856,02010010
28,560.0,396.62438162498,0.34027613504234233,0.04857093329487794,0.40590602544497123,0.24821647080645223,0.2392517487529183,0.09268803068152574,0.013937724314132618,02010010
29,580.0,500.6599277238546,0.5071269445767512,0.03943618330237595,0.5950966964301748,0.15520586779397524,0.17818828980749718,0.059380849336638744,0.01212829663171416,02010010
30,600.0,451.9413550723628,0.46479720892639403,0.044017195585665324,0.5224700290368778,0.1513982434379521,0.22963137630918004,0.08288628857673681,0.013614062639253157,02010010
31,620.0,405.9970666240276,0.2260476841057281,0.05090836741607583,0.28560172506536663,0.21923544384811053,0.3772979288801967,0.09945864615529094,0.018406256051034978,02010010
32,640.0,422.35389080687105,0.19408154006529213,0.04998704223133964,0.2993424538900534,0.2710287081744492,0.31965888249707497,0.09467089328908722,0.01529906214933533,02010010
33,660.0,427.20606781575896,0.37446699633291536,0.04860016832608829,0.3878372674611455,0.15979637461175378,0.35838859143375384,0.07946100646190339,0.014516760031443419,02010010
34,680.0,477.24521604874445,0.4432470018898893,0.08433417679627034,0.523877370226709,0.1872618170162991,0.15007651564468621,0.11362823010431755,0.02515606700798818,02010010
35,700.0,491.8143759391486,0.26368342475023127,0.03038321407016958,0.32095600886459763,0.21733502667702312,0.3803047972196418,0.07165321915994505,0.009750948078792418,02010010
36,720.0,478.8086810486803,0.4592850761649978,0.040965587531252956,0.5098902581865357,0.1796485413997635,0.22027309181467455,0.07738008283003318,0.012808025768993089,02010010
37,740.0,534.362906071358,0.5975211743509354,0.029176120494342983,0.641743372567363,0.13339946781154055,0.16547283726324977,0.05075476861625596,0.008629553741590548,02010010
38,760.0,498.58252620036905,0.36750139147308214,0.028972819825075737,0.4466267699126711,0.224875687689502,0.26531821758749075,0.05401549680435517,0.009163828005981128,02010010
39,780.0,458.29599060997197,0.3163586245258071,0.03973050181933392,0.42899328405377646,0.2366954951513811,0.2518117837295129,0.06984330385821985,0.012656133207109767,02010010
40,800.0,391.30694993329473,0.18955882820725992,0.049003323545700445,0.30705357900301233,0.28541629024986526,0.30121563697021814,0.0925997123996605,0.01371478137724394,02010010
41,820.0,557.2656341236758,0.4825481736441445,0.027158426081316727,0.5518434395328176,0.18445215414695262,0.19402971571155544,0.05929188241620402,0.010382808192470451,02010010
42,840.0,475.43850239291066,0.29635018962856174,0.03082178243597001,0.4652219630241606,0.1939668168011535,0.2642788168439912,0.06608379001206413,0.010448613318630715,02010010
43,860.0,439.4676823768349,0.21923992166743325,0.0384050936498432,0.3273439354532718,0.2590306682098776,0.3279571909695029,0.07241431846482013,0.013253886902527712,02010010
44,880.0,468.0033359691465,0.37823388686751497,0.061852208565790476,0.41774528853828347,0.2212264012928997,0.2508708920128613,0.09071330075206555,0.019444117403889856,02010010
45,900.0,434.8888242587773,0.3182804502755421,0.043177224785433024,0.3442484556880531,0.23123849046057168,0.3279980538682429,0.08247358198293668,0.014041418000195755,02010010
46,920.0,440.58907240516106,0.219864719351351,0.050081620148768755,0.33251210471928405,0.2646745030507391,0.2955291405631905,0.08990728898777589,0.017376962679010427,02010010
47,940.0,458.34849819512846,0.2942417940471289,0.03948662195610275,0.38778948955437015,0.2463381133167372,0.2762812837217531,0.07605077713851131,0.01354033626862838,02010010
48,960.0,898.2035839627434,0.6409369799800617,0.030102260568771622,0.7064469641969678,0.1452812813602227,0.07789275338553128,0.06360401553524313,0.006774985522035126,02010010
49,980.0,463.1739465763927,0.33093411203333334,0.04745677021738162,0.5437937461776997,0.1706299523643843,0.20205077282790843,0.07102490972728732,0.012500618902720315,02010010
50,1000.0,429.0255053542661,0.41768738350459933,0.04397766587903028,0.4683864504862452,0.15329862246025944,0.2870351283309982,0.0800522404698014,0.011227558252695813,02010010
51,1020.0,687.8642500245642,0.5111162328971414,0.021572646587740985,0.6720001565783728,0.13057644354066142,0.15281362027679615,0.038467692953069295,0.006142086651100341,02010010
52,1040.0,460.3470260149355,0.3371142409928317,0.039960327452456035,0.4262895849555961,0.2073548930773749,0.2878757512341407,0.0681980191341361,0.0102817515987522,02010010
53,1060.0,531.8391936650629,0.3943887906986767,0.05271779629571725,0.4969035266949873,0.13632931678779406,0.27361589946259873,0.07712351552695867,0.016027741527661354,02010010
54,1080.0,811.6036788233039,0.6220350585343893,0.013604156983650357,0.7967015101311469,0.09595233044465669,0.08282811933320072,0.021040091631497462,0.0034779484594982114,02010010
55,1100.0,623.2412782375001,0.5241187206391902,0.026981886931725627,0.547758174391242,0.16697492553292337,0.22527757588093353,0.05327431110070329,0.006715013094197803,02010010
56,1120.0,675.9410164965809,0.67532688756129,0.023158519439083963,0.7084007358950328,0.10157227206712727,0.14187987555311568,0.04057819055744858,0.007568925927275618,02010010
57,1140.0,698.5260953114803,0.6682047569598079,0.020727603802293798,0.7145454706553411,0.10222059559958362,0.13956554354475742,0.03809276852517518,0.005575621675142658,02010010
58,1160.0,614.5658389749252,0.6018483327020852,0.023450258686692847,0.6788642137373974,0.11434341869092599,0.15043610796460263,0.050485128207335486,0.00587113139973845,02010010
0,0.0,1161.7165843686985,0.5074053833058944,0.015961311131060012,0.5968517300572324,0.16149301775433902,0.20590699701884327,0.030506301446690056,0.005241953722895426,02010011
1,20.0,801.5211813762702,0.35520558692234755,0.034895074150868594,0.45804584945784094,0.11271301262465562,0.3705472044802858,0.05162866942091111,0.007065264016306451,02010011
2,40.0,759.017250958489,0.22555887863818372,0.040640060992859356,0.2784328045049828,0.07690121262744491,0.5551223163253463,0.08074787441134135,0.008795792130884836,02010011
3,60.0,847.3596245493658,0.44209798940952477,0.027827192696506724,0.5166881154474204,0.08799345898479359,0.33842266456057635,0.0500707634826499,0.006824997524559677,02010011
4,80.0,1054.6170270950904,0.42905009188571247,0.026549545778792184,0.5280220524703908,0.08550001132055893,0.3345080206982398,0.04607888789052001,0.005891027620290503,02010011
5,100.0,2527.185283843227,0.8021609173025191,0.004569606881011223,0.8701432222766123,0.07005591894457268,0.05128714994474803,0.007655622445708743,0.0008580863883581912,02010011
6,120.0,889.1088706628412,0.37287546587859827,0.030580947381030787,0.44974549114682894,0.094330505855739,0.4018670848677209,0.048314639906404534,0.005742278223306757,02010011
7,140.0,907.051767162806,0.38068485277090996,0.029761796380763927,0.44560247440989625,0.0903190075952287,0.40414074578639253,0.053081301010177974,0.006856471198304404,02010011
8,160.0,829.7096386827501,0.34787578835298416,0.04099383422748826,0.3950137442606986,0.07833783707281894,0.450925129133673,0.06816639325172011,0.007556896281089405,02010011
9,180.0,871.2489565304176,0.42162505662196936,0.02624538623227332,0.46790575093247566,0.0994027448981477,0.3761759362884545,0.050618342346054515,0.0058972255348675945,02010011
10,200.0,909.8357891796358,0.37894980115269766,0.03744402085277152,0.42328726874479145,0.08107381853440336,0.4354545511511536,0.05403954585612291,0.006144815713528654,02010011
11,220.0,1024.356153705763,0.478919403454409,0.022202486859005353,0.5399504442086861,0.08040762361942703,0.3226233628169434,0.05290342488797119,0.0041151444669722485,02010011
12,240.0,901.7576705385854,0.40020108623511186,0.032955110270712705,0.45251682176270974,0.08518775715242755,0.3948015705119955,0.06073058840211431,0.0067632621707528024,02010011
13,260.0,909.5524006889926,0.3712553124565854,0.03314416586920421,0.4106625191579917,0.09424735192089474,0.4305259892738506,0.05792085420649088,0.00664328544077213,02010011
14,280.0,920.3210768024798,0.37712098665893656,0.02978456216952744,0.44213930643782545,0.09425420728959673,0.4130667106411273,0.04476134448768745,0.00577843114376308,02010011
15,300.0,908.0743227549887,0.4122730474741462,0.02604730623108231,0.46850498740482693,0.08724222945283447,0.3909784406066305,0.047330179245042917,0.005944163290665294,02010011
16,320.0,914.8214769499529,0.4723836205284348,0.03369890264345412,0.5250150363152447,0.10858662293921811,0.3114390365608049,0.04792136593054374,0.007037938254188483,02010011
17,340.0,941.461199336891,0.4296542119461136,0.02566616552549417,0.4705519675335818,0.09290650390220823,0.3856126091646345,0.04547901728026539,0.005449902119310002,02010011
18,360.0,787.6512351186965,0.281492960381165,0.04205081861238144,0.31364471958491574,0.0884046929439824,0.5226827714927014,0.06684628912374205,0.008421526854658436,02010011
19,380.0,902.5370633716552,0.3128760104611527,0.03533776000961742,0.3789399247009752,0.08098741857770314,0.47350900644846805,0.058723138565525045,0.007840511707328551,02010011
20,400.0,922.3308706557913,0.3506152121293013,0.032492327682916516,0.4369639279204341,0.13453879764985013,0.3642310319894817,0.05796960973566214,0.006296632704571905,02010011
21,420.0,1006.238155429087,0.36596177539815833,0.033739257054811976,0.43799584781656287,0.09933787320538881,0.40204617729366,0.05469833078859429,0.00592177089579394,02010011
22,440.0,966.6865921042075,0.3838876103335037,0.0357367727946603,0.44962680152743667,0.0992350506527684,0.38498208215788876,0.05911400693902601,0.007042058722880109,02010011
23,460.0,890.5811901330221,0.4014507929473854,0.028470920042231118,0.49132608396402555,0.10011834486946637,0.3546641303503597,0.04678432866766309,0.007107112148485224,02010011
24,480.0,953.6647881844555,0.4800652749185663,0.032181767205357564,0.532213014590187,0.08920599271637931,0.3155910467301564,0.05588133948511457,0.007108606478162676,02010011
25,500.0,800.3440305598376,0.2434752524200433,0.04131621328061741,0.28356503696026936,0.07107162205878613,0.5577778624554944,0.07933839804148692,0.008247080483963271,02010011
26,520.0,906.4909045265781,0.35574682967681714,0.027349116640182334,0.46949785065099886,0.11842597549869732,0.3625150724866107,0.04323279522911359,0.006328306134579473,02010011
27,540.0,880.1304861413754,0.2948781699248011,0.04301468596774741,0.3585925247098732,0.08109353172790636,0.48631009175649265,0.06326195800174607,0.010741893803981764,02010011
28,560.0,785.3941702507042,0.23448662011650476,0.044527856389461884,0.32607050418632544,0.07952749224086604,0.5123835374393059,0.07262304149739458,0.009395424636108141,02010011
29,580.0,847.5300209173128,0.3245298757853606,0.03616011911180654,0.38305428374376643,0.07352266819583987,0.4827015907334281,0.05250341886315349,0.008218038463812038,02010011
30,600.0,718.447329974878,0.20713485134489595,0.05311173663926428,0.22522481611005649,0.056286482853681805,0.609123735281854,0.09822032409551432,0.011144641658893319,02010011
31,620.0,777.0205935185609,0.1381425078204354,0.044030721468253875,0.18764550543930464,0.07801662573604727,0.644980559789943,0.08020700232570836,0.009150306708996735,02010011
32,640.0,877.0059421004089,0.3137163069236648,0.034841431611058286,0.38740230451476837,0.07577831727407774,0.46571832285965625,0.06462471452672591,0.0064763408247718295,02010011
33,660.0,876.3216250172077,0.3412721121999861,0.04058481481374738,0.3736891983826179,0.09109155342481202,0.456748981928449,0.0697500868567107,0.008720179407410347,02010011
34,680.0,774.0898845066106,0.3232580652825297,0.03633834695837073,0.38116566606881247,0.1009633958110685,0.44792919539277604,0.06139242844300382,0.008549314284339271,02010011
35,700.0,983.6065492712263,0.40720842806235896,0.028611371533896757,0.525626498418909,0.12407593265220569,0.3042746452257575,0.04125751695519108,0.004765406747936707,02010011
36,720.0,863.940573659017,0.3319576659744,0.03394713185721776,0.4032904615450806,0.07877632522183975,0.4513447711306983,0.06018042357158168,0.006408018530799797,02010011
37,740.0,883.0182213347896,0.4057096573832961,0.03197416286903208,0.48125609460378393,0.0944996609729969,0.3622981043154646,0.055616771513397986,0.006329368594356542,02010011
38,760.0,821.3353051437724,0.3858918730660181,0.03353114282271208,0.46730585143891573,0.07685595152195425,0.4033932724364862,0.046215037090169095,0.006229887512474775,02010011
39,780.0,745.3121167806983,0.31189907788460924,0.04458882498291429,0.38715992228703316,0.08992868703064057,0.447180371080246,0.06574159292238589,0.00998942667969441,02010011
40,800.0,883.2382383281263,0.40933574930661576,0.03418968322309052,0.5196239794119736,0.07751963322751267,0.3433799453908743,0.05161578658207955,0.007860655387559848,02010011
41,820.0,798.6832507248029,0.40831241339556823,0.04088567623737287,0.5015680785324679,0.07396621675173105,0.3541164704483072,0.061611641811508626,0.008737592455985368,02010011
42,840.0,733.9414423664791,0.1953317775607579,0.05321152587918037,0.21223904275461172,0.06517801757832342,0.5920223482856933,0.11819483162992987,0.012365759751441718,02010011
43,860.0,857.0671966102681,0.3587320188351659,0.03563021922153348,0.4741358435679844,0.10092360214532682,0.36405205277221925,0.052864725571968425,0.008023775942501034,02010011
44,880.0,823.2768635415501,0.31984750030501535,0.04790008393083482,0.37164861625704604,0.0732120644273868,0.4560858371166413,0.08972093126892569,0.009332550930000374,02010011
45,900.0,725.7516361329974,0.2503788620930326,0.04650445012445043,0.31574166416772576,0.05971732989994045,0.5412712062011538,0.07390789839627929,0.00936190133490081,02010011
46,920.0,869.9773249270078,0.29533360386372687,0.039004172384280125,0.36920937024665335,0.0714501511138729,0.486321149222749,0.06423093241057982,0.008788397006144883,02010011
47,940.0,854.2081525443066,0.3694587728441486,0.04147710635386178,0.4170162923622303,0.09358302469810198,0.4206302971749895,0.060664925326406,0.008105460438272111,02010011
48,960.0,879.6167590290248,0.47123990453662706,0.03143004395976097,0.5043583566318144,0.08302440381309256,0.34210761456726396,0.062098194484688035,0.00841143050314122,02010011
49,980.0,902.112740219427,0.3684613436786043,0.03702552225370274,0.452539986658034,0.07884939176367187,0.40866285853284173,0.05354212434477699,0.006405638700675451,02010011
50,1000.0,877.9871860686238,0.41336258702918965,0.03312074040248987,0.5136397485927741,0.09321323977901692,0.3292334852525966,0.056412341303351106,0.00750118507226116,02010011
51,1020.0,843.8254640558042,0.41484016314902444,0.04036037405084721,0.49792302097045205,0.07339847548096168,0.365588274447912,0.05498838655140186,0.00810184254927247,02010011
52,1040.0,771.8015800952055,0.26558807196223133,0.05204090098244341,0.3299973188097287,0.0672810465086021,0.49934197421919946,0.09184930652864207,0.011530353933827588,02010011
53,1060.0,807.6160625485584,0.3531733817443612,0.03869363374447856,0.42474934603707987,0.11407073820007568,0.3886587175344364,0.06309904902945133,0.009422149198956647,02010011
54,1080.0,923.8232034661297,0.39235705333610177,0.0323649137713416,0.5313885493574199,0.10942402858912359,0.2963395231015126,0.055719925456220926,0.007127973495722956,02010011
55,1100.0,831.6527690170507,0.3338406618235014,0.04837590749234253,0.3779612481005983,0.09268762434025439,0.4454228018317535,0.0746866638474568,0.009241661879937045,02010011
56,1120.0,871.3627263566863,0.38419084856543856,0.037761302617790794,0.4908349842407338,0.0846021887641597,0.360493330146301,0.055170450505997455,0.008899046342808055,02010011
57,1140.0,828.2488097825967,0.3532420581659072,0.03882319168032544,0.428868627387685,0.09089238742076647,0.4090869851483961,0.06214585313272968,0.009006146910422837,02010011
58,1160.0,871.5087889450134,0.21523049979458728,0.045167026781679054,0.3679246129392005,0.1030664208888227,0.44234027350316935,0.07758650808571846,0.009082184583089119,02010011
59,1180.0,895.2859123925841,0.4089687715031634,0.039827581227579886,0.49197768235125733,0.09897192849493587,0.34690802482405647,0.052992487252794214,0.009149877076955974,02010011
0,0.0,1171.369759964727,0.5071760180083413,0.023332581781282672,0.6321521437053622,0.25782395688625104,0.06751016813557906,0.03384394654164861,0.008669784731159008,02010012
1,20.0,998.8785803342956,0.5381288119338865,0.020167948997735812,0.6756224597868368,0.21578737592330657,0.061080878377735806,0.03840203834369492,0.009107247568425795,02010012
2,40.0,1122.2475622883035,0.5332463619066279,0.031703087068870144,0.6230321487736312,0.15795905011039815,0.15240937826151224,0.054868734405037055,0.01173068844942135,02010012
3,60.0,1006.6932215703937,0.5836213251491079,0.019630219717015,0.7485473115223993,0.1282846750511896,0.07258657714307544,0.042042206511337894,0.00853922977199765,02010012
4,80.0,1500.1087062756592,0.6854542923530641,0.018478168705131706,0.768926440527676,0.1375789460414177,0.05265634323704551,0.03502337770177074,0.005814892492090094,02010012
5,100.0,981.198266788323,0.5972957346429125,0.0193661795819252,0.7261536764075006,0.1747156764609192,0.06380818715718958,0.028487161618242905,0.006835298356147614,02010012
6,120.0,922.4802309645922,0.6135681132696507,0.023628367906449017,0.7047122013895666,0.17332752130959986,0.07698614932884175,0.03595050507520896,0.009023622896782718,02010012
7,140.0,899.9882332482395,0.6384305892312924,0.027363920444706973,0.7549430975638421,0.1195657343924258,0.0675158592210548,0.04435658557908334,0.013618723243594014,02010012
8,160.0,958.6888097527458,0.5780035359613788,0.0219936043025691,0.7168562268740075,0.18668601973177892,0.04448485477343905,0.041928151656153635,0.010044746964620823,02010012
9,180.0,1125.7168577238863,0.6859668178998195,0.017923864067362356,0.762550605193771,0.11269037179462527,0.07815077177795841,0.03978484863242088,0.006823402601224224,02010012
10,200.0,1021.2727216757438,0.6869612665427232,0.01564064183542198,0.7419320727686964,0.1569602465505414,0.06124203563913385,0.0324388594933488,0.007426785548279537,02010012
11,220.0,1053.1640324257494,0.6087870798598658,0.01770521528582501,0.6983435805073467,0.14894473046464476,0.10895471510598657,0.036738163311437706,0.007018810610584325,02010012
12,240.0,968.43665120824,0.7495092942450392,0.015218010112251035,0.815928451546333,0.09966143053197027,0.04815476558465628,0.028050021623060615,0.008205330713979893,02010012
13,260.0,845.7724891842992,0.5733631395875155,0.06512017338365607,0.691002603375289,0.13741219224917894,0.06672497297308137,0.08056298034396722,0.024297251058483522,02010012
14,280.0,882.5105121038067,0.6654831180854076,0.021687239715961426,0.7741007355478391,0.12435089753622339,0.05290777994326429,0.038459125017038805,0.01018146195563456,02010012
15,300.0,851.7678795226731,0.6664209573050615,0.018823673615513563,0.7590143122734642,0.1386692504539473,0.05868621126883207,0.034792878309704164,0.008837347694052379,02010012
16,320.0,760.6925250204032,0.6053336363125617,0.03268842874663634,0.7163008712814897,0.13365099283496962,0.08314607872652108,0.05275176368246445,0.014150293474555271,02010012
17,340.0,789.8329461528859,0.6197807514109719,0.024119557115495946,0.7247279893628036,0.14345949757996534,0.07609597540154908,0.0441327123477476,0.011583825307934385,02010012
18,360.0,968.497406980183,0.6605553999177843,0.02785700420949059,0.7587777552168737,0.13473143794297268,0.050872033238160384,0.043951134495303856,0.011667639106689427,02010012
19,380.0,937.7696162983315,0.6131576639273736,0.02090075447758123,0.7245277843347971,0.16184264206600563,0.06885300108691689,0.037121849024904265,0.007654723487376156,02010012
20,400.0,887.0012648120963,0.61938156063319,0.01986779572870328,0.7123229242284586,0.19224078438937578,0.05389183526937975,0.03325228690391827,0.008292169208867646,02010012
21,420.0,821.9364123414043,0.6650831236340005,0.027183712628400743,0.7550850126800089,0.11120947044904801,0.07736255080198987,0.04644905624973645,0.009893909819216675,02010012
22,440.0,909.8772932408483,0.681933436202912,0.016700010114778847,0.7745856868604648,0.14182080471169142,0.04692468271234241,0.028572299772141364,0.008096525943360073,02010012
23,460.0,823.8049659565135,0.6746307421334772,0.030977828740693866,0.7336555894616615,0.11720485569192887,0.08782601420889763,0.048892258914919544,0.012421281722592516,02010012
24,480.0,798.4925393195173,0.6813844293783102,0.027815073241841962,0.7759523543283161,0.10929848581808525,0.056162082379927064,0.04647720220484373,0.012109875268827825,02010012
25,500.0,959.0861657601325,0.7264096086215248,0.018145492954098178,0.8042014365428348,0.09915946980724373,0.05645228557070088,0.03267668889728063,0.00751011918193995,02010012
26,520.0,849.3779300810778,0.5775390319690986,0.024606095512105325,0.6755533600706075,0.1751635150450375,0.09582039786951738,0.04359139395237521,0.009871333062462415,02010012
27,540.0,700.268652054158,0.5162512560212784,0.03815043859202513,0.5953154584658998,0.22407925080076202,0.09940012424882189,0.06455409283555648,0.016651073648959895,02010012
28,560.0,680.3133333632285,0.4553719274626074,0.049333288288241704,0.5432901760714814,0.2032511573736914,0.15411145726188782,0.08172306910868181,0.017624140184257425,02010012
29,580.0,920.1433846181276,0.6469567647761277,0.04457173778280575,0.7276449911471645,0.11940913496994877,0.07306153660941353,0.06118138713656312,0.018702950136910167,02010012
30,600.0,1198.9057684213647,0.5336507771065535,0.013250737599969567,0.6256985166906373,0.16448154182127322,0.16517031617606065,0.03895309737252783,0.00569652793950118,02010012
31,620.0,1145.2761284114922,0.5742597849913408,0.015712842399409312,0.6492250220785031,0.13206810856747137,0.17020866096033538,0.042812180283731016,0.005686028109959145,02010012
32,640.0,1298.4992176969974,0.6581588584752668,0.012672947120161602,0.782828991391627,0.09170963138716073,0.09208340498605448,0.029718502801845823,0.0036594694333118654,02010012
33,660.0,1130.9114906321938,0.6593747030490937,0.018398899317637486,0.7226770421318611,0.12759688889793358,0.09889184179487212,0.04491054167531975,0.005923685500013403,02010012
34,680.0,844.7383714916401,0.3749310371239502,0.034221385903086585,0.46045196280576545,0.1948865891180373,0.24424796486437458,0.08923871082481795,0.01117477238700475,02010012
35,700.0,998.4165519211423,0.5540440546111779,0.018588951291203776,0.6510194251395742,0.1554981687364047,0.12488991568860522,0.06183826302569861,0.006754227409717215,02010012
36,720.0,943.1661781741834,0.5900626077425859,0.022925592904618,0.6814329262159327,0.08349189435240192,0.15361800121712263,0.07415939312836496,0.007297785086177768,02010012
37,740.0,1185.033772894394,0.6788303529138789,0.04233459727704159,0.7906220470103278,0.07438760943778075,0.07390307764004816,0.04945865990489807,0.011628606006945054,02010012
38,760.0,992.3351940141998,0.5196124993686466,0.01853547588307425,0.6291584282573701,0.17154192688623443,0.14677374787335198,0.04588535544293454,0.006640541540108806,02010012
39,780.0,931.3231610902677,0.5687066951788988,0.036449751586225154,0.6445097031668306,0.12919971772099798,0.14771376318794838,0.063948191110254,0.014628624813969204,02010012
40,800.0,948.5815282208969,0.6504430395357368,0.02312009934510203,0.7427395599519597,0.1203356434244303,0.07768696980589447,0.04989186329666828,0.009345963521047199,02010012
41,820.0,804.5215373629222,0.5444425377658999,0.034259257973816785,0.6256503330614083,0.15773559449996982,0.12906961932053634,0.07406294289434183,0.013481510223743887,02010012
42,840.0,870.165793682198,0.5196029708628586,0.03607913151019099,0.6112882074599449,0.14822088619212204,0.14156315220144391,0.08551791873917769,0.013409835407311528,02010012
43,860.0,860.6381130206042,0.5999054864335124,0.025871000452682483,0.700142318220839,0.11557506528950426,0.110397262984503,0.06415506646926715,0.009730287035886607,02010012
44,880.0,824.9243359285288,0.5522087485897981,0.03092376666479383,0.6343428660408835,0.10366647472512666,0.1728573804301273,0.07810230777861914,0.011030971025243379,02010012
45,900.0,833.1970673326839,0.44346480132071664,0.03938099902698126,0.5134170992252407,0.14205223808275785,0.24933052292151792,0.08025111078930455,0.014949028981178978,02010012
46,920.0,835.633981206057,0.4790062777237552,0.03204680842675076,0.596994483779091,0.14479682312095984,0.17248844945372896,0.07126171153203567,0.014458532114184457,02010012
47,940.0,670.510760146768,0.36243567220180545,0.04778646045721697,0.4581180052764903,0.15617476408375594,0.2624521609956055,0.10596565217856652,0.017289417465581745,02010012
48,960.0,843.2707016240283,0.5687410175298632,0.031473026162585606,0.6383917347655977,0.10913235662477579,0.1788644778279649,0.06173728484189109,0.011874145939770507,02010012
49,980.0,695.5158477345542,0.34283040781576263,0.09668547073097358,0.4300500111608762,0.13228434609730091,0.22883014044392483,0.16931620882840448,0.039519293469493635,02010012
50,1000.0,699.3389957109393,0.45289638507792757,0.04520690911933973,0.5244615378438299,0.14568224625081205,0.22971043280818146,0.08424753310063825,0.01589824999653836,02010012
51,1020.0,714.8395328135434,0.6010238641751733,0.04323633552169061,0.6733424595293208,0.13522070597841263,0.10279605333937197,0.07489893248762201,0.013741848665272586,02010012
52,1040.0,596.3006618151616,0.5006097777738601,0.07254024323245781,0.5612434803347546,0.12270681700415059,0.17370076931834832,0.11709681577375206,0.02525211756899451,02010012
53,1060.0,792.6771446716606,0.6039754277970886,0.0856599798051046,0.6636687377422106,0.11001403149511303,0.09394615858745335,0.10614264917121213,0.026228423004010886,02010012
54,1080.0,663.5225899325134,0.49642931136075086,0.05073421151567519,0.5784948650061931,0.12561326257231797,0.1891792509248116,0.09126564968082553,0.015446971815851885,02010012
55,1100.0,570.306589816657,0.435445699918349,0.06692087571616005,0.5005333853040741,0.15909406101778084,0.21589363678426016,0.10199079391700787,0.022488122976877006,02010012
56,1120.0,690.0488869775878,0.6189152469419744,0.040784519543824886,0.6790645784570656,0.11947395090098098,0.11241916088163566,0.07311933411756963,0.01592297564274812,02010012
57,1140.0,677.7807626604028,0.6161964947140091,0.04855773718185198,0.7236944546191837,0.09163028619030819,0.09279702493110259,0.07384679734262714,0.018031436916778346,02010012
58,1160.0,715.2877055737883,0.6312939794311182,0.047577555250192416,0.7503537265959105,0.08085268665369108,0.07810961772834633,0.07403176017660787,0.016652208845444227,02010012
59,1180.0,742.0016012422095,0.6824088975803786,0.031120334454110197,0.7624930895444878,0.07481264102707694,0.09414518372284666,0.056778382481351745,0.011770703224236801,02010012
0,0.0,968.0031697784685,0.7753115324849118,0.017745014409272335,0.7972278328263311,0.0940766434958287,0.07479003341906226,0.028688488781407333,0.005217001477370477,02010013
1,20.0,547.1509687669143,0.42679190388589877,0.03879400627609805,0.49916184908543443,0.161075587635839,0.26207314380560554,0.0652565267584518,0.012432892714669156,02010013
2,40.0,464.2635183319046,0.33010179562817366,0.0485443989745026,0.38854261992590705,0.21037872458598506,0.3078772634747586,0.07664447800817174,0.0165569140051774,02010013
3,60.0,520.2726397595106,0.5036274286162503,0.04213497665242626,0.5792485115740176,0.12858060445079747,0.2146942577996194,0.06443361417979859,0.01304301199576692,02010013
4,80.0,861.2091236517857,0.698644660956761,0.01627070038892259,0.7208866518770973,0.1265453009472821,0.11772909141494857,0.02948236901400264,0.005356586746669223,02010013
5,100.0,532.7306574761876,0.3812200307592833,0.03985819733792378,0.45926297103036884,0.17296910971754154,0.27988249530230175,0.07567660521544145,0.012208818734346557,02010013
6,120.0,485.92875013734294,0.439630789234417,0.05250206294556468,0.5078691798720099,0.1443990791596621,0.23857726065507248,0.0903923894722297,0.018762090841025793,02010013
7,140.0,558.8904683780679,0.43409033990932117,0.03353532115074548,0.5206948394348795,0.16338049340492966,0.23883884791890533,0.06625000746083563,0.010835811780449785,02010013
8,160.0,459.60536783820123,0.3550638865170541,0.050887118772565076,0.41234003077645887,0.16873633728209408,0.3192480303566888,0.0816895008529836,0.017986100731774615,02010013
9,180.0,466.2607158172424,0.3014942147593392,0.046583526635812174,0.3701262198737361,0.1537910731802328,0.37616189971979996,0.08393807164605736,0.015982735580173716,02010013
10,200.0,474.5495475142662,0.36877640969692166,0.049061680704042,0.43295354796808166,0.16017049099575137,0.30137078138498186,0.09072116719814638,0.014784012453038847,02010013
11,220.0,659.6435553822691,0.739230402256142,0.023902175144065604,0.7360349942961827,0.08008509411926361,0.133281465937608,0.04377225813711533,0.0068261875098303325,02010013
12,240.0,473.40987044642173,0.34045129831577897,0.0481716474785453,0.4164712022103781,0.1570015198502837,0.33029722025954344,0.08192759283926053,0.014302464840534265,02010013
13,260.0,508.5249122567248,0.4183228976862204,0.04311289754389037,0.4713450530013461,0.15946100306241898,0.2855100641054785,0.07039588063770949,0.013287999193046986,02010013
14,280.0,396.46858199607885,0.35180662760884274,0.0693338456140122,0.4401216078584818,0.14777606294984386,0.2844738447962972,0.1055006137930651,0.022127870602312062,02010013
15,300.0,657.4683293369302,0.503692192801688,0.030265909869914242,0.6190770548525656,0.1156382219934287,0.2076403170282637,0.048819068093771956,0.008825338031970017,02010013
16,320.0,861.0182298483577,0.6967902178147051,0.025571383465599434,0.7514473780490981,0.07636226521934478,0.12222009639398886,0.0423253856435569,0.007644874694011436,02010013
17,340.0,724.9017793632377,0.7675269784396396,0.01991441938677278,0.7634418662835362,0.06102329034777081,0.130271931090535,0.03869296526616377,0.006569947011994297,02010013
18,360.0,520.7953020583999,0.37372724553308867,0.04591226042605382,0.4420004828212574,0.19662840614002802,0.27036757254409566,0.07876663864030835,0.012236899854310385,02010013
19,380.0,559.9259071244011,0.3754763590561452,0.04132236779534683,0.4575193959663842,0.2079935987315163,0.25125966180482123,0.07195191885800435,0.011275424639274044,02010013
20,400.0,427.0138646120678,0.22095752598493085,0.055016605741915595,0.32984864084475746,0.1604145628364522,0.3929089721070128,0.09878936146961681,0.018038462742160817,02010013
21,420.0,391.8887938810844,0.2972674916043259,0.061959674504989036,0.3445867345190402,0.20520341644699097,0.32747012687001514,0.10343851044101644,0.019301211722937264,02010013
22,440.0,360.0985444145552,0.4462481526746674,0.08833374356710558,0.5118330849399159,0.1637744240854658,0.15762455989581692,0.14276559646053885,0.024002334618262487,02010013
23,460.0,494.48678804335293,0.6278895246334291,0.03834905658606671,0.6515293078450461,0.11527328285906642,0.14721906889337863,0.07220566388904219,0.013772676513466703,02010013
24,480.0,932.9830789976669,0.8018417948727159,0.011884877405739068,0.8303512746841354,0.05365873458756265,0.09165606221683657,0.020582913301023145,0.0037510152104423644,02010013
25,500.0,476.39668835122535,0.3707853530811164,0.04739739926003807,0.46997275885515455,0.1444144943265638,0.284730111388997,0.08538698998265341,0.015495645446631285,02010013
26,520.0,827.3236552056601,0.7186418515223494,0.017330063280936614,0.7882458857445306,0.08683313844198502,0.08809652841407949,0.03201234810528324,0.0048120992941217315,02010013
27,540.0,897.2779878137942,0.7603476348608971,0.021190631941123392,0.8129224725474742,0.06537717052421872,0.0835547101706496,0.030984862894164508,0.0071607838634930795,02010013
28,560.0,572.5791568382507,0.5191379704005306,0.04031598390215378,0.5751164054208645,0.10341798518132646,0.238908687308176,0.06867025159438095,0.013886670495252324,02010013
29,580.0,552.3751734457775,0.43232037845634114,0.04988849156039572,0.5273625528803475,0.12614324995018691,0.24563985704234892,0.08564300496627181,0.015211335160844901,02010013
30,600.0,517.8779302785221,0.34220062055688555,0.041960900048142256,0.42645796312353706,0.1644520403712872,0.3246800054315598,0.07038241644880416,0.014027574624811934,02010013
31,620.0,498.2741329746805,0.2733062131123595,0.04726436257911483,0.3321331314387044,0.1843847015146829,0.37885188289333005,0.09098328939535799,0.013646994757924913,02010013
32,640.0,554.8735931649454,0.5694054800601008,0.036903849728895724,0.6197046342439978,0.08065592736895395,0.22354450099748005,0.06579133285437223,0.010303604535196034,02010013
33,660.0,443.69218569069176,0.2866105520527856,0.05406226474350585,0.36888602503772394,0.2254678644820816,0.2827252402711906,0.10526832848416848,0.017652541724835307,02010013
34,680.0,382.63929472158674,0.4185012564514697,0.08070299005000202,0.5243236783826191,0.1755802069590688,0.14488864578883165,0.1329034457714425,0.022304023098037945,02010013
35,700.0,426.18062629501117,0.38206231707865,0.07394707203376039,0.4574853548794852,0.18051542577853227,0.21310734703230724,0.12451909902434488,0.02437277328533039,02010013
36,720.0,1047.2599478570394,0.8388848236699136,0.011250752937156747,0.8261001063018489,0.03752729240403417,0.10948995194343704,0.022777997269515224,0.004104652081164615,02010013
37,740.0,366.6231915503662,0.4087510333378915,0.0724326079090995,0.5111478763269421,0.167294679505961,0.1785275592016034,0.12210007278614969,0.020929812179343824,02010013
38,760.0,343.956676282778,0.4603360772648149,0.09215721562149314,0.5639383115307298,0.1585698933033647,0.11019527430900973,0.1406409997339221,0.02665552112297367,02010013
39,780.0,491.7736143433338,0.28087095653041183,0.08211113498159783,0.33240180257592955,0.12830786782206088,0.3616771418227477,0.15741558518424778,0.02019760259501406,02010013
40,800.0,449.190368964719,0.32665913667217666,0.0585349569149744,0.40611078898975195,0.15241848173602396,0.31602566876221083,0.1065839673094352,0.018861093202578172,02010013
41,820.0,460.14419243216236,0.3681348516712206,0.0546717492147037,0.43348951056587276,0.13499774121141137,0.3179133109124741,0.09534765197819914,0.018251785332042657,02010013
42,840.0,502.9298621926108,0.375616110287153,0.050043944595255394,0.42046857084205475,0.1538898487290379,0.32228525005039876,0.08766063509129877,0.01569569528720992,02010013
43,860.0,433.9599092512748,0.5046726042949318,0.07243200095989452,0.5991642148591202,0.1547606069591916,0.11354298210945182,0.11104320234541853,0.021488993726817954,02010013
44,880.0,637.1842754780237,0.5093364757173144,0.0387508656365213,0.586970182812683,0.12046700714549374,0.2177704134817706,0.06386085057514755,0.01093154598490508,02010013
45,900.0,426.7657468518117,0.20933968239487466,0.07035191106498373,0.29170443001602114,0.1263565197674031,0.4341792371191503,0.12438508296954455,0.02337473012788084,02010013
46,920.0,391.5224152053159,0.2899926184229279,0.08430094442632616,0.39088666917201015,0.1533762512982875,0.3016208942938417,0.13221125887965662,0.021904926356203874,02010013
47,940.0,383.0518222720666,0.263746505600375,0.06184045675879902,0.34458223040412167,0.1518712248397313,0.38013478224969216,0.10139077820193981,0.022020984304514903,02010013
48,960.0,521.4700756240062,0.41770704910596,0.040676147464678715,0.4486048201231688,0.12648899476828523,0.3338532519244432,0.07599109792431899,0.0150618352597837,02010013
49,980.0,972.4196315540465,0.7793304613263565,0.01491913871828021,0.8044758374017154,0.061925106680607155,0.09959635730594571,0.0297499160110651,0.0042527826006665565,02010013
50,1000.0,410.58632972710507,0.299727529477113,0.06501554432145515,0.366391250295843,0.22382515238477116,0.27314775500392846,0.11794220979786733,0.018693632517589983,02010013
51,1020.0,398.01878468018344,0.4394862276050679,0.06304640174940754,0.5125777825367159,0.18888108610141183,0.15652908139706118,0.12365725309467149,0.01835479687013953,02010013
52,1040.0,490.31551245482365,0.2937835835181585,0.040620069861099846,0.319778650785,0.15267963854031102,0.43335125353585274,0.0836094227967889,0.01058103434204725,02010013
53,1060.0,343.759276792705,0.3486225492084055,0.08485312726899613,0.4039921691534905,0.15130531580875614,0.28620941215580675,0.1370820768650316,0.021411026016915108,02010013
54,1080.0,459.1838002412725,0.3381480062045717,0.05168312191828886,0.40106832890245153,0.13128777254208882,0.36708381146718644,0.08406775838291786,0.016492328705355275,02010013
55,1100.0,614.9113525580832,0.5852191297131556,0.03141597073160548,0.6239178796141557,0.09593267672316894,0.21497624236837728,0.056318124230041254,0.008855077064256948,02010013
56,1120.0,426.90195327907395,0.29219944312877655,0.0615736103294935,0.3490496385773224,0.166623958679974,0.3716057614441589,0.09737768998705694,0.015342951311487643,02010013
57,1140.0,474.41656909458686,0.27284811616380694,0.05540131962712043,0.31705024065683385,0.13361625117910886,0.43904052688939915,0.09336379269179601,0.016929188582862232,02010013
58,1160.0,1157.6135369098795,0.7151670380939331,0.00884260743388018,0.8108546792517651,0.12330237264596089,0.044062385523237046,0.019121868046528562,0.0026586945325083795,02010013
0,0.0,465.27643748033546,0.20364127268117696,0.17589475785619668,0.2441087394353192,0.1301408181960955,0.38882600225868824,0.15006860889033594,0.08685583121956124,02010014
1,20.0,446.496968967599,0.1818141599343314,0.1791444846047926,0.218979229057962,0.13051413524550456,0.41022185530177174,0.15206593367551524,0.08821884671924642,02010014
2,40.0,441.6576966584829,0.27906418905456104,0.14917901777398818,0.3556206931048896,0.12615988311048684,0.29676022538923236,0.13107829302889987,0.09038090536649157,02010014
3,60.0,496.5802690927204,0.3264442621280145,0.11204691269261323,0.4035909601165584,0.13872667521840645,0.30893645017652444,0.09031313772797896,0.05843277676053172,02010014
4,80.0,450.6342257806874,0.31457308088648556,0.11922610347391711,0.33694908530609124,0.14968356040985703,0.33515359796184896,0.1138456114445048,0.06436814487769796,02010014
5,100.0,449.72592912226895,0.23185045918139302,0.1623620579612506,0.26780641908140934,0.15667590056623648,0.33969930946359284,0.14680688039621675,0.08901149049254459,02010014
6,120.0,466.73639385639086,0.30960032078543176,0.13014451573947375,0.3649109330054986,0.13022608836644325,0.3113140838311344,0.11581266725646232,0.0777362275404615,02010014
7,140.0,469.93269905532554,0.2711188029911772,0.13833092289871954,0.32606824538372686,0.133148486183696,0.3477240804401946,0.10712076773433761,0.08593842025804496,02010014
8,160.0,416.7127535946351,0.15105859677707062,0.21974784076865003,0.19728376470703704,0.13537322197608184,0.38176271878422213,0.157305167001079,0.12827512753158007,02010014
9,180.0,395.91590233443935,0.1582009942180113,0.23432398178465477,0.20037217660495454,0.1483768875156484,0.3218824649382003,0.21600907751190382,0.11335939342929291,02010014
10,200.0,422.01519816157446,0.2439355153023195,0.20249736277369873,0.2598266820794392,0.11773755268076587,0.3284283145343599,0.16925780142041602,0.12474964928501908,02010014
11,220.0,399.0883568272565,0.23246221643415277,0.13980102344752696,0.2706957915385329,0.14373371145324193,0.33353909091622164,0.17381915642314305,0.07821224966886062,02010014
12,240.0,355.94372228828144,0.19892449540424587,0.20711958469934671,0.22413902830334367,0.1583524932558665,0.3178605789465789,0.19637029528442398,0.10327760420978695,02010014
13,260.0,377.3528575519554,0.22716688849915673,0.2164701112444544,0.2728896734671107,0.1825513012620751,0.2325613412328528,0.180873900661141,0.13112378337682043,02010014
14,280.0,389.6705690695441,0.2699628898819506,0.20210037774573641,0.3222640069345391,0.15542812286478483,0.24544692624311884,0.1603459196163377,0.1165150243412194,02010014
15,300.0,391.69360833877187,0.17245876174834837,0.22853332157108797,0.21660521321856627,0.16757341888533386,0.3031230685635305,0.18888211265255556,0.12381618668001386,02010014
16,320.0,363.52798148277816,0.16727603364587204,0.25083357953132357,0.22643832012829918,0.1733136128880542,0.26502658073900925,0.20346793083557432,0.13175355540906317,02010014
17,340.0,377.69446328310966,0.16045509784818393,0.2552773255003073,0.1977056090130061,0.16803160333199488,0.26695310812204665,0.23121887145561532,0.13609080807733698,02010014
18,360.0,361.87184176484436,0.28738413311778366,0.1943273944647158,0.3534788680432384,0.17663785956331482,0.2005877463136587,0.15352492346718055,0.11577060261260755,02010014
19,380.0,393.5121543837682,0.24372661809085575,0.17494327850491023,0.28264819787347356,0.1313956479916506,0.3228301117285964,0.16888734014067153,0.09423870226560792,02010014
20,400.0,367.3016773261748,0.17099296239410083,0.250556605420341,0.2042202521828484,0.15436369990674906,0.3022969208015226,0.1967547339872408,0.14236439312163918,02010014
21,420.0,384.12465275837957,0.11173068973900505,0.26499842723460015,0.1669191164619876,0.22926521766501573,0.2675087187751887,0.19695123230682646,0.13935571479098152,02010014
22,440.0,381.77370922802027,0.174896676191316,0.28389432179388996,0.1999498022973387,0.19158985286941338,0.24251267161020498,0.23686972316089736,0.12907795006214562,02010014
23,460.0,371.5037353137605,0.1984896061484196,0.20841377357327215,0.23022477991467416,0.1602528734535537,0.32367390305611915,0.15247839140626313,0.13337005216939002,02010014
24,480.0,377.55295675915517,0.16866055563573967,0.27717820687222344,0.22233834674677014,0.17178184068306776,0.27399655250489036,0.1852416856842208,0.1466415743810509,02010014
25,500.0,384.0769077577364,0.255907889829682,0.24101837223022582,0.30009307985067724,0.16204975916758557,0.24476242780463597,0.14361041317538867,0.14948432000171258,02010014
26,520.0,397.37027686826974,0.25352818971945074,0.19904655707368107,0.3133889219074572,0.15787962887648527,0.2637420538961957,0.1547082523051937,0.1102811430146681,02010014
27,540.0,394.3811846999777,0.14828701733444338,0.2258709202906562,0.1840155670530829,0.18769317829152854,0.31559802702551837,0.18657456473774445,0.12611866289212567,02010014
28,560.0,415.4310028640783,0.18778184416720486,0.1834390314440051,0.23086106431321143,0.16632010111814594,0.32899547293114034,0.18150675170181063,0.09231660993569174,02010014
29,580.0,369.20164491495865,0.2660558933863735,0.1987120282360807,0.3049646567401834,0.15155988650972005,0.23770735454056321,0.18885927474943212,0.1169088274601013,02010014
30,600.0,375.76655467906454,0.36150577580438903,0.21840685032238058,0.40802637528428937,0.13745730721721575,0.15247990179735593,0.1831632394762016,0.11887317622493723,02010014
31,620.0,436.54495704944003,0.22628325981112907,0.2491242597545745,0.2685980728149873,0.1728779381348391,0.23352263646013913,0.1655099601637389,0.1594913924262956,02010014
32,640.0,422.03194262355146,0.3497454014459524,0.14842614812307944,0.39662950128219626,0.13559826550810034,0.2478467694180793,0.13568137237202424,0.08424409141959992,02010014
33,660.0,425.1770333453333,0.28483308188271167,0.19660316030449315,0.3437248987133265,0.1551662773804559,0.2229069100253627,0.1569672526366694,0.12123466124418547,02010014
34,680.0,452.9532200413007,0.3378126807621239,0.20237951003302926,0.37410314925432125,0.1426811044136712,0.22811685600609355,0.1519849459581227,0.10311394436779124,02010014
35,700.0,412.33082396166384,0.1503446018229859,0.23940443572302778,0.19349796098872338,0.13672666775362702,0.35436376500550715,0.2009846200250221,0.1144269862271204,02010014
36,720.0,395.781721030187,0.18017739823746778,0.3057258642161832,0.22421997335405494,0.16634679272617597,0.22538856806875987,0.24695128302598693,0.1370933828250223,02010014
37,740.0,487.51750672481376,0.3638832257757649,0.11317774478014705,0.39900298350034163,0.18908475457612708,0.24709706986247473,0.10628024528020998,0.05853494678084658,02010014
38,760.0,401.12530438510043,0.20023565501378995,0.23330051261210613,0.23511893066863565,0.1505693987910484,0.3141422603630239,0.1684831995085608,0.13168621066873118,02010014
39,780.0,374.40159394740834,0.10539778931900615,0.27902139106973817,0.1452136556723013,0.20913741262825108,0.2740004441941763,0.22282143418328793,0.1488270533219834,02010014
40,800.0,380.24464109601536,0.17926524606433858,0.16554301096792462,0.23121160907817367,0.17171547276522414,0.3325411522214139,0.1850430552302717,0.07948871070491656,02010014
41,820.0,411.7432399990807,0.2156624498595252,0.21142297969042576,0.26152642232421197,0.1590859333750246,0.2996904168095312,0.15844006872910685,0.12125715876212534,02010014
42,840.0,410.9649088684974,0.1828292227991775,0.22266840860487672,0.22641329682989308,0.15989083309651064,0.3320123808844143,0.17930319421728386,0.10238029497189817,02010014
43,860.0,393.5175536167396,0.14207084430683342,0.3226703553153735,0.1839635185898663,0.16261440709094319,0.2505428145525394,0.22779892560439566,0.17508033416225555,02010014
44,880.0,336.7244734963042,0.1768089016456685,0.26465237853995977,0.23207829843093122,0.23587108794905923,0.18436078663038785,0.237866315080899,0.10982351190872272,02010014
45,900.0,386.235593029352,0.1803670710652423,0.228792793668705,0.21824525418706883,0.1670227112535941,0.3201245242552586,0.1916922059413065,0.10291530436277195,02010014
46,920.0,393.6279783287182,0.24296278371782717,0.25187986795172207,0.2927195472568854,0.21876752621642617,0.18037269537060213,0.17080206925186736,0.13733816190421888,02010014
47,940.0,352.41056582167266,0.19918673527231714,0.26464142096403537,0.2389493846327758,0.2349547565225358,0.1722616846821765,0.2580372647023754,0.09579690946013658,02010014
48,960.0,389.3691186963396,0.21443033822211113,0.2198581007054838,0.2806150010855079,0.2804667394084301,0.14088706317031116,0.19922258762341588,0.09880860871233496,02010014
49,980.0,305.1248961715803,0.23806497169029048,0.2948390701836114,0.2808115761821818,0.19625720249782364,0.1397073047874276,0.23441080883283932,0.14881310769972783,02010014
50,1000.0,368.06976698871506,0.32516507778341597,0.2210691286426147,0.37138704405465056,0.12722802417593923,0.21594191644721802,0.14113348987470142,0.14430952544749065,02010014
51,1020.0,384.00556501252055,0.20225411435549834,0.23413419333093394,0.2727070088096505,0.25270608730387706,0.16248103053452126,0.18851520181943168,0.12359067153251964,02010014
52,1040.0,377.78106859957967,0.2807265497797944,0.1985779426417703,0.38380541040811667,0.26720746944199664,0.09943696012262924,0.15777644616584668,0.09177371386141076,02010014
53,1060.0,369.1678648723892,0.19705541653651218,0.26425983279179277,0.229136405823333,0.18279440257605786,0.19045491171946133,0.2951894724589111,0.10242480742223667,02010014
54,1080.0,346.0958751860563,0.32546563863001166,0.20357738519717059,0.3694244872688935,0.19847229675622227,0.15709224798383212,0.17913503765534636,0.0958759303357057,02010014
55,1100.0,376.41277080751036,0.12199861925281533,0.24529563027274792,0.16776051623836813,0.25620167787425235,0.24650455997567797,0.24524142398962676,0.08429182192207464,02010014
56,1120.0,331.820028625224,0.19391287503177415,0.23390189879404427,0.2759037136563558,0.28122670675359795,0.1346650820667423,0.21787516589042422,0.09032933163287982,02010014
57,1140.0,380.29969992817183,0.1630028640249249,0.23158889892081963,0.2349040736775602,0.28651800945596984,0.14410985686191827,0.25563308477340274,0.07883497523114909,02010014
58,1160.0,353.11969342788495,0.15844624345567856,0.23387411191678903,0.21012617514623416,0.19943032340948733,0.2752778927768996,0.20332879636358517,0.11183681230379365,02010014
59,1180.0,403.188250694997,0.3738242868216326,0.1724594928190343,0.4155270107477803,0.24553189630753394,0.10119922914130654,0.15778729580751644,0.07995456799586284,02010014
0,0.0,599.9591469396959,0.7078216816712002,0.03714320773193673,0.7393737552609205,0.0842451354048845,0.11002774980485731,0.05574863211781255,0.010604727411525123,02010015
1,20.0,489.05369716069936,0.587147531122248,0.033541600426264556,0.6634356734445673,0.11458824894248408,0.16167563707231575,0.04920923083883049,0.01109120970180249,02010015
2,40.0,615.4809731924978,0.7591505375101918,0.01774445513412076,0.825362987873712,0.05326788094072265,0.08829673014542265,0.027700321345171364,0.005372079694971478,02010015
3,60.0,443.97285744688867,0.5748947891621357,0.03383499989411132,0.6240858081345687,0.0993938733430442,0.20315702173035036,0.06467034723711346,0.008692949554923245,02010015
4,80.0,534.0649760444695,0.5752856737261404,0.024790296687693582,0.6652147811229403,0.1335469092907377,0.15256847570274207,0.042826617896453506,0.005843215987126451,02010015
5,100.0,718.848959370121,0.7423593864724469,0.016151321344804438,0.7942324146903722,0.08060339356388245,0.09340962052833329,0.02736881235439192,0.004385758863020132,02010015
6,120.0,432.41324221959405,0.5670477347225572,0.03673214436334721,0.6666434294013993,0.11578964059819749,0.15311543785470177,0.054732604503080574,0.009718887642620737,02010015
7,140.0,543.8994744744883,0.6012046772689894,0.026655451904761346,0.6984741985988008,0.13105153576930395,0.1187548847129395,0.04542996883591707,0.006289412083038735,02010015
8,160.0,656.3214858095331,0.6788333542203299,0.013210778845405518,0.7741271341662521,0.10070217787904755,0.09862117648357124,0.02359459522009619,0.0029549162510327446,02010015
9,180.0,591.7537833720643,0.755651477985039,0.01780282299385414,0.8156901911501437,0.06290582076252206,0.08546764880714823,0.031127187467577314,0.004809151812608634,02010015
10,200.0,505.1864203113652,0.6890222884850403,0.023000888421197744,0.758372418161981,0.09282355984394398,0.10440254746164722,0.0384780429464759,0.005923431585951897,02010015
11,220.0,711.565304283675,0.7284472869499525,0.016036979592209538,0.8071627245388573,0.07937245021500271,0.08476508067368016,0.02338851578285156,0.005311228789608366,02010015
12,240.0,921.5829812306503,0.7303623822878441,0.02604014575216206,0.8325986672410775,0.09254944349112336,0.036185675013494685,0.023532934290453916,0.015133279963850587,02010015
13,260.0,670.0233056409672,0.7261400532738,0.01220335727325924,0.8269476367663313,0.10291370426381735,0.047078702790524125,0.0196509542948161,0.0034090018845110894,02010015
14,280.0,633.9650293958271,0.7116545228961102,0.02065457733558389,0.7866498839907082,0.10671532298611246,0.06845543138304643,0.0322608135028766,0.0059185481372562255,02010015
15,300.0,743.9207488233825,0.7773253899435861,0.012548828120449095,0.8437549369784001,0.07544606854796286,0.05836006768988315,0.01927581531769683,0.0031631114660570707,02010015
16,320.0,594.5961859451279,0.7231225660850849,0.018747818155369612,0.7916224893971946,0.0963687467760087,0.07847161734315562,0.028340060124490557,0.0051970863591507205,02010015
17,340.0,779.84651389981,0.7478794196954516,0.013971556109859319,0.845984249736859,0.09495030806121238,0.03488804788261231,0.020393231882317224,0.003784162436998932,02010015
18,360.0,686.3781120806924,0.6880919096990801,0.01528051188696971,0.7783131485279089,0.10402337797493638,0.08868887547876235,0.024785081527432265,0.004189516490960086,02010015
19,380.0,767.9336140786671,0.7410962989541583,0.012844781971126762,0.8061226639369993,0.09728949054051438,0.07160484527990596,0.02171787861023453,0.0032651216323457944,02010015
20,400.0,769.7978731590302,0.695633956093463,0.015212094959575597,0.7838212611742577,0.09565472580734403,0.09153455589417792,0.024957034786777042,0.004032422337443344,02010015
21,420.0,858.7046347420941,0.7758638372108868,0.007513279792348266,0.8473772362254657,0.098032090602147,0.039465554886319594,0.01294264451764999,0.0021824737684177915,02010015
22,440.0,1088.1318670082642,0.8139748175530894,0.004676439320906679,0.9119585827236858,0.05981143229880829,0.019400575613643598,0.007609868977107299,0.0012195403867550996,02010015
23,460.0,760.6204781551993,0.6851727189132328,0.013878425727254952,0.7819026133442403,0.14217403227355996,0.051086223350645055,0.021271363452343966,0.0035657675792108504,02010015
24,480.0,688.5042467299786,0.7362183474446579,0.01591291608310606,0.811971724284668,0.08306740336073425,0.07665976629712308,0.023746781911158196,0.004554324146316413,02010015
25,500.0,604.2411385302013,0.7022806051695548,0.0185855946041018,0.7723814236559088,0.11051673758078326,0.08105752692077713,0.030538336655287258,0.005505975187243622,02010015
26,520.0,640.2318059761444,0.6578115540907394,0.0203838246449868,0.7210569022433854,0.12173009541646262,0.11942198458329446,0.03256654384005236,0.005224473916805247,02010015
27,540.0,851.5467647071965,0.8095887622111045,0.01061503046049578,0.86601332623619,0.06798749496326974,0.04571051559737955,0.017405326544691867,0.002883336658469052,02010015
28,560.0,720.1324190622507,0.7324770751723436,0.011623150674374758,0.8376163173449094,0.11478461743387337,0.025997412114886948,0.018624414146104842,0.002977238960225534,02010015
29,580.0,782.5513666695094,0.7305023999296154,0.010815376498874794,0.8175029411863625,0.11924993930681337,0.043319047561600314,0.01717242377173828,0.0027556481734855942,02010015
30,600.0,699.4513304478475,0.7131102054279891,0.013349555152213663,0.8101174785482598,0.10156020710287113,0.06210233253801314,0.022585858962425244,0.0036341228484306877,02010015
31,620.0,663.3024212069846,0.7238073326788815,0.01752458741818631,0.7879330181137528,0.09791389685749233,0.08062051612035126,0.028666611283850695,0.0048659576245528,02010015
32,640.0,623.946439573848,0.6664683419712922,0.04697376972434314,0.7244098443196103,0.13338031028288772,0.0733639667553358,0.05115594915792699,0.017689929484239354,02010015
33,660.0,781.0200248895967,0.7013083835720559,0.014872047710218182,0.8322223569959817,0.10776657758475595,0.034910361908220305,0.020391141325166805,0.0047095621858753,02010015
34,680.0,776.4608024648854,0.7398326147985467,0.012580033649448819,0.8187523909785555,0.10361665647772243,0.053404050505445035,0.021069239279559594,0.003157662758717458,02010015
35,700.0,749.5196572644086,0.7829253515467162,0.011113576257226893,0.8500480175518208,0.08470733169401046,0.04388385709712662,0.01796780894718388,0.0033929847098582732,02010015
36,720.0,649.400569983078,0.661006736506389,0.01597061535028382,0.7400125428169324,0.11839438393815703,0.11183209668219862,0.025092340068980694,0.004668636493731434,02010015
37,740.0,652.7180377167631,0.7340761948705711,0.017785422616570234,0.8278733178625834,0.09655730689195546,0.044615761240757335,0.0255413935809734,0.005412220423730367,02010015
38,760.0,846.4197030773452,0.768143931119276,0.010330417465339211,0.8303402540328497,0.09017900287258378,0.05973007522585818,0.01644088120726483,0.0033097866614434607,02010015
39,780.0,828.6646018729576,0.718682046502686,0.008982193244908813,0.8344987215564285,0.09518513097078354,0.05354421360959484,0.0142337633962647,0.002538170466928529,02010015
40,800.0,624.1328611231778,0.6917822842769594,0.0183568702952474,0.773316827228966,0.08296595486416954,0.10870115050004464,0.03031973313535323,0.004696334271466669,02010015
41,820.0,719.5684645630422,0.7767858345852673,0.009929028261368182,0.8716319152310588,0.07811804793296884,0.030791949747093515,0.016790233352022055,0.002667853736856836,02010015
42,840.0,655.499599892063,0.7401527538449463,0.011731442562550511,0.8183560166771715,0.07568053300871251,0.08257333709075226,0.019893753827951464,0.003496359395412347,02010015
43,860.0,705.18685824737,0.6889665812943168,0.011655694913160704,0.7769515052352838,0.10129546359172896,0.098035029757299,0.020743272774391475,0.0029747286412968284,02010015
44,880.0,774.2695064002726,0.7235449448901663,0.009860572092583023,0.8207444759187167,0.10925126118336345,0.049701602361811946,0.017569185379349584,0.002733475156758367,02010015
45,900.0,823.208501600865,0.7125040573803804,0.00876407474217132,0.8125561792889499,0.12039430101600625,0.05038088159425944,0.014345505757617583,0.002323132343166748,02010015
46,920.0,653.4988019104459,0.5983582111547965,0.017856945674508677,0.725041287969221,0.12228362260429859,0.11811472756845227,0.029444111353396016,0.005116250504632121,02010015
47,940.0,676.3933657646045,0.7805061820594074,0.013475627787610788,0.8150795698747196,0.07692007505882299,0.08274166313707002,0.02137045501062817,0.003888236918759188,02010015
48,960.0,557.3616415058519,0.6304541719087347,0.01873861909661124,0.7576182119179041,0.12051004918736198,0.0840216091420012,0.03253251811910162,0.00531761163363112,02010015
49,980.0,681.2888067169998,0.6586069275685075,0.01605007169115746,0.7569065248135891,0.09075651608931076,0.12351808362076042,0.024377010390009276,0.004441865086330269,02010015
50,1000.0,471.60859816307857,0.629250997956135,0.026275352056437017,0.7506036980088109,0.09429703110550948,0.10630454247910211,0.0410254082930888,0.007769320113488883,02010015
51,1020.0,419.803254456621,0.5875719979823485,0.03299220816715197,0.6824302762614112,0.0881708756940422,0.1685133062065101,0.05181855130359823,0.009066990534438234,02010015
52,1040.0,527.0755649977069,0.5863445222983135,0.01957071847113859,0.7153785026296636,0.14550421210196438,0.09974779655034628,0.03351582828937947,0.005853660428646183,02010015
53,1060.0,521.8924890047874,0.806141591764803,0.019773401349559936,0.8383341883323691,0.06111090958490375,0.06097943813918023,0.03327969298587575,0.006295770957671172,02010015
54,1080.0,479.40464577209906,0.5006120086927834,0.060522377468433725,0.5758596432408641,0.10950383582443857,0.2235069068369937,0.07178722400673858,0.019342390090965104,02010015
55,1100.0,688.5377738648078,0.7031107409456596,0.014830780998585966,0.8171087088329709,0.10023270053625245,0.05675476658186432,0.02189175699679883,0.0040120670521135455,02010015
56,1120.0,682.6260163370737,0.6958413678750153,0.018051413727199248,0.7818004081362204,0.12025506742247512,0.06775879260561486,0.02545957771048089,0.004726154125208658,02010015
57,1140.0,784.5437333488134,0.7397551225765714,0.012078763357061123,0.8531045131497305,0.10133788779085709,0.024967400139730662,0.017263039294826397,0.0033271596248553408,02010015
58,1160.0,607.3034924962295,0.6619686531186705,0.02303156905949697,0.7654767676262122,0.10539790537342529,0.08987458179061951,0.032103040479937825,0.007147704729805219,02010015
59,1180.0,531.7019625565935,0.6726771658976323,0.023972973494341566,0.7914698927742536,0.07008317520725073,0.09254505870496868,0.03783386250167619,0.008068010811850835,02010015
60,1200.0,655.9189971659948,0.725106374984772,0.017794274951420178,0.8025707286373025,0.08414610131227498,0.08286750114220467,0.02546617745558583,0.004949491452631944,02010015
61,1220.0,579.6017866021637,0.705796196304337,0.02325592842996095,0.8015362394277538,0.10030929302211074,0.05854542661696612,0.032817326355852626,0.006791714577316651,02010015
62,1240.0,458.7248544792885,0.5617061834211898,0.037666126865902975,0.6311643756737877,0.10061860586667773,0.20504084332113817,0.051300533819673755,0.011875641318722777,02010015
0,0.0,1455.75003876274,0.6624091024076344,0.008882152085396978,0.8119643212884524,0.14000384333325813,0.03462941222921275,0.011470389417189522,0.0019320337318872434,02010016
1,20.0,1552.5357318194344,0.6429230178988263,0.007800732214002228,0.7973731984491216,0.1671850285474059,0.023687474977970028,0.009990716892716646,0.0017635811327857207,02010016
2,40.0,1693.6925158874556,0.6173327330320942,0.008525912472502126,0.7967107130664559,0.1482883744377668,0.04270046484348286,0.01032747905014799,0.001972968602146497,02010016
3,60.0,1359.3529243411072,0.5144469026169437,0.013114668291177389,0.730807238984649,0.2059048424477408,0.04288167861211954,0.017495210236908268,0.002911029718582419,02010016
4,80.0,1503.1771294780767,0.6240255673289049,0.010622971151453083,0.7716000881446591,0.17809482365351945,0.034554633078688314,0.01329326229885554,0.0024571928242775737,02010016
5,100.0,883.5047793574802,0.601823795092884,0.027341925334912358,0.732596378174606,0.14212813673444122,0.08280366020367531,0.036459452175036926,0.0060123727122405905,02010016
6,120.0,1680.6567368851454,0.6338846535305658,0.006793894169162559,0.8328876242431388,0.13928622879340766,0.01724833235640018,0.008762761671572262,0.0018150529354809834,02010016
7,140.0,1156.3300274006435,0.6550408088405546,0.017618137903933448,0.8268512971980851,0.10765089887103022,0.04132253647668159,0.020881689505449632,0.0032935779487533626,02010016
8,160.0,1411.5197321809085,0.6786026429316889,0.01110960679823335,0.8259410016048632,0.1276800401099579,0.03009438710191996,0.013829214673029241,0.002455356510229813,02010016
9,180.0,1128.743769725451,0.7062171962942575,0.01473089520904508,0.8287306505996132,0.1172694824757242,0.032517449312322755,0.01841504688311224,0.0030673707292277357,02010016
10,200.0,1093.517096712098,0.7179524277437145,0.016535096737421866,0.802378907625015,0.1266188158337401,0.04574120227166235,0.021720426435277204,0.0035406478343054026,02010016
11,220.0,1270.5364649306514,0.5778516460022148,0.013954478039135026,0.7911478130279574,0.1571773393899983,0.03254959477979426,0.016380834432040695,0.0027444183702093144,02010016
12,240.0,1455.5903607665612,0.6958099913388499,0.009930990803823765,0.8604490190955424,0.101596121023443,0.0233859223256195,0.012133449621345532,0.0024354879340495513,02010016
13,260.0,1009.2971144139115,0.7439642486657738,0.019560314566028945,0.8268838740036281,0.08601874134756234,0.059073733100583815,0.023921082429926268,0.004102569118299576,02010016
14,280.0,652.3258453050777,0.6194701798006661,0.05260567269203381,0.6701119668661898,0.08550517108150087,0.1624029727794708,0.06886207281935847,0.01311781645348009,02010016
15,300.0,928.5768084667517,0.749320418500907,0.022442567616430216,0.834885166273492,0.07129367363148828,0.06049045579091878,0.028967339143513637,0.00436336516058725,02010016
16,320.0,875.7951070963117,0.6981323814373803,0.025058159030501046,0.7398465525184625,0.1442237908731982,0.07750391834740723,0.032338252584365054,0.006087485676567039,02010016
17,340.0,757.0091525901357,0.7223602133648401,0.035876080704418056,0.7735083729506647,0.08690760563397637,0.08846939274128256,0.04305957434535249,0.008055054328723972,02010016
18,360.0,656.6526325260417,0.5334205469836188,0.044095101465583174,0.6487111231636459,0.15827782391963297,0.12631780810511167,0.058070065730126776,0.008623179081482532,02010016
19,380.0,608.4142994053713,0.6201136025494938,0.04864192147920175,0.6862662723544799,0.10467684064205339,0.13212889082725476,0.06666365749965439,0.010264338676557669,02010016
20,400.0,832.1881685994834,0.6423311512502504,0.02195665582504124,0.7783293421488101,0.10874655911019629,0.07562892575490097,0.033266367662887465,0.004028805323205154,02010016
21,420.0,1038.511360383315,0.4323844293372898,0.018003621697678242,0.7466289011328147,0.15968310240917374,0.06591937997461304,0.023553031498639843,0.004215584984758758,02010016
22,440.0,1183.0554911862537,0.6733761643074899,0.013310317209988732,0.8371317751132438,0.10420964285180777,0.03848663285338768,0.01787220055011068,0.002299748631450077,02010016
23,460.0,938.4760290414672,0.5853526091396559,0.021540659834340354,0.743632505279854,0.17227701376582286,0.04805290436654401,0.029672163105403635,0.00636541348237531,02010016
24,480.0,872.3253863259737,0.6508084696520622,0.026831648611747205,0.77289882609893,0.12586043336153938,0.06111294550741244,0.03355505780897819,0.006572737223140025,02010016
25,500.0,626.7695811519983,0.6513146219086692,0.05499426162705011,0.6834808343422406,0.10553572348152075,0.1283149472862548,0.07167015509651284,0.010998339793471007,02010016
26,520.0,500.7480273359807,0.5135457057838713,0.07892202347848075,0.5629759133462406,0.10107429985060215,0.21956391103102896,0.09905503164407699,0.017330844128051373,02010016
27,540.0,687.7271900271098,0.6280744119386523,0.04182113297888607,0.7307600279232633,0.10812688570112704,0.09082396859590615,0.06268470695324092,0.007604410826462564,02010016
28,560.0,1161.719815901244,0.6571813982120251,0.016420412478055285,0.7745496578627368,0.15852814548601546,0.04248394347351612,0.021457485568852425,0.002980767608879205,02010016
29,580.0,1167.0490789427195,0.66133061904016,0.015832801973585216,0.7983853079364556,0.12906201792724661,0.04775740843541977,0.021572978363718076,0.0032222873371601053,02010016
30,600.0,1420.330659763975,0.7155105486283602,0.009181792349197894,0.861116691149285,0.10789342748165247,0.016586443100700253,0.012172204248205093,0.0022312340201571324,02010016
31,620.0,1344.562825958841,0.6469865023850998,0.010653924139658757,0.8168994082298848,0.13577355310964434,0.03095972037215791,0.014192526653462623,0.002174791634850378,02010016
32,640.0,1381.9821130511386,0.6315039892823245,0.01178685437467628,0.8301717346121371,0.11825537929711802,0.03390266008675794,0.015573162458115405,0.002097063545871425,02010016
33,660.0,1414.178815251467,0.694165793170012,0.012487505344093937,0.8257729432730173,0.1320810531726523,0.025650009589767354,0.013681176043736226,0.0028148179208267207,02010016
34,680.0,809.2822826239204,0.683654705108273,0.029255316986250477,0.757927258129004,0.11866253119568816,0.07934284247954754,0.03765001304070488,0.006417355155055514,02010016
35,700.0,562.4851762665697,0.5267423183897758,0.07030105901199399,0.5896081181225006,0.12343585053949128,0.18629123791034258,0.08901981948464255,0.011644973943023003,02010016
36,720.0,623.5681923614922,0.5708213327734198,0.05409351436425717,0.696349994247141,0.09371563165410571,0.12413893606119407,0.07752683216862855,0.008268605868930655,02010016
37,740.0,685.5189522476231,0.6226718997828006,0.04260502043084865,0.6910274807362767,0.09475988686513488,0.1367341771688578,0.06955365342651143,0.00792480180321911,02010016
38,760.0,1220.2147426572424,0.6496525179810164,0.014185704072287232,0.813812090331325,0.12172094857671109,0.040930983382871995,0.020858213567145557,0.002677764141946472,02010016
39,780.0,635.0278710841316,0.6506992218192333,0.043476342059132006,0.7216659085771959,0.08831049706408346,0.12904633515915667,0.05323923490353959,0.007738024296024424,02010016
40,800.0,739.7840393334119,0.609192441439467,0.038387994142817274,0.7287207809061463,0.09508385551037425,0.1188924823362286,0.050841082497829794,0.0064617987494210135,02010016
41,820.0,563.1134742304995,0.573042724266403,0.05428488488440319,0.6438910088034507,0.09231464455247408,0.16609297519084007,0.08840253992377485,0.00929883152946011,02010016
42,840.0,1307.8249415826947,0.7430404436143621,0.009775803094022869,0.8811545354559874,0.07881390310032707,0.025543110380711213,0.012428084094727577,0.0020603669682467056,02010016
43,860.0,1124.2141891254953,0.7335971367656301,0.017164655031906024,0.8419854310653724,0.074857830324222,0.054381409832615614,0.025265661144128555,0.0035096676336613475,02010016
44,880.0,1223.101074329834,0.706094539499031,0.013196558743673245,0.8487537243849347,0.09845479989862134,0.033439443510079825,0.01660177967678996,0.0027502525295742455,02010016
45,900.0,957.2501639951081,0.7217974910796497,0.020054778163639625,0.8172100302769256,0.09156631890728045,0.06112842287898483,0.02675064812976728,0.0033445798070417753,02010016
46,920.0,970.2140314722581,0.6094841950316209,0.024492115502183637,0.7867584417762901,0.11354008858524227,0.061300817157710547,0.03445840023720558,0.003942252243551637,02010016
47,940.0,877.5110096922233,0.6933711728544713,0.025936170514819213,0.8035476344552096,0.07389920364169594,0.08493514700509719,0.03300607592824328,0.004611938969754061,02010016
48,960.0,670.5846167316158,0.5886435826457378,0.042287265350098927,0.6686787920205282,0.1177650512584222,0.1511501561474033,0.05434880943347748,0.008057191140168984,02010016
49,980.0,658.2181363524616,0.5935113281361285,0.04340799233470623,0.7447748444622784,0.0855195788888674,0.10406469287801702,0.05870405009400088,0.006936833676836268,02010016
50,1000.0,798.2912564142525,0.7450622064499675,0.02629340057238386,0.8108108857014726,0.05044089144229128,0.09703611620604785,0.037323384214483675,0.004388722435704647,02010016
51,1020.0,1308.9785846436425,0.6794734851589975,0.012197392628540336,0.8434967789043827,0.10585789645475387,0.03305968621859026,0.015350121662500292,0.0022355167597728678,02010016
52,1040.0,630.7712374974351,0.5840750327107026,0.05937820389086999,0.6252395677040765,0.09629972484145988,0.1789797326581709,0.08823673373687847,0.011244241059414241,02010016
53,1060.0,597.3778352705535,0.5280317852563017,0.0607666390758146,0.574668947158401,0.0882038892466265,0.24116313665963177,0.0865740451772755,0.00938998175806526,02010016
54,1080.0,1006.2738569431065,0.8539307361135439,0.013566509966932556,0.880779292796999,0.040173091923613055,0.056561725993462174,0.02028371848762521,0.0022021707983005054,02010016
55,1100.0,466.6844529223474,0.38118688866200173,0.07494794398182104,0.4179956171799368,0.08710514449883351,0.37933134418888403,0.10307722115105585,0.01249067298128991,02010016
56,1120.0,430.3011541544899,0.43506884937766266,0.09419185453661606,0.48377193464550394,0.09023867177548611,0.28572398423935474,0.12390354885764464,0.016361860482010535,02010016
57,1140.0,684.9795155601478,0.5166100226314824,0.03719982214499484,0.6628464205850855,0.14178954810129163,0.13444827581560756,0.0538950728412735,0.007020682656741965,02010016
58,1160.0,452.8895755244767,0.29841086285255625,0.09212259036029286,0.37764432512684104,0.11492871926007361,0.3626171059289851,0.12574809798265335,0.019061751701446812,02010016
59,1180.0,607.1855032609917,0.6105930681472248,0.04866134541467841,0.641970691698207,0.05294965770478064,0.22871167181448082,0.06718594994987828,0.009182028832653212,02010016
0,0.0,941.5427375843723,0.6273969220241239,0.01834183109849512,0.6878576897505028,0.22186049346202397,0.06057832054060348,0.02481697042797426,0.004886525818895459,02010018
1,20.0,1234.1104283085724,0.6922333664769861,0.014608062932939137,0.7222293099684993,0.22237480834387327,0.034878077733635104,0.017476088027676227,0.00304171592631624,02010018
2,40.0,877.7602648883234,0.3898418546612412,0.016054391422941242,0.47456902940335427,0.4345415901055693,0.06423415440724968,0.02232512127396473,0.004330104809862089,02010018
3,60.0,5862.581700154585,0.8659568652309686,0.0006186511341308852,0.9318636660599331,0.06427562272066983,0.0028476208430317238,0.0009436056481056241,6.948472825964203e-05,02010018
4,80.0,1661.8276687396806,0.4957459814561438,0.02915888657398022,0.6058311270665122,0.24284997150712775,0.08348362106833992,0.06023827754400677,0.007597002814013337,02010018
5,100.0,739.1251536869321,0.42018973955803607,0.031003128043067752,0.47036245549691064,0.393712631989634,0.08776109034583181,0.042132289786013834,0.006031532381609519,02010018
6,120.0,686.6316742349574,0.5145305264424342,0.028800118949927143,0.5656027948473707,0.3237263556540774,0.06828295050956895,0.03606472488187434,0.006323174107108487,02010018
7,140.0,777.9858650538628,0.38235158467502156,0.023763595455676724,0.4327930589393148,0.45991824240304285,0.07026861085867477,0.031534656883734295,0.005485430915233393,02010018
8,160.0,670.7592021380848,0.4862715921552605,0.02875392971327208,0.5325018514435531,0.3303046937514276,0.09165401739102708,0.0379477886936037,0.0075916487203883795,02010018
9,180.0,719.7202369816458,0.4568372083156758,0.020121127031070336,0.48354518225928805,0.40480810431785436,0.07786596436786065,0.02748886116538885,0.006291887889608071,02010018
10,200.0,556.7536265066908,0.3435917135411497,0.035742372015033226,0.4013372330312361,0.41722192240768186,0.12435581961106305,0.04548643898360324,0.011598585966415886,02010018
11,220.0,639.3233712074399,0.38931279808860286,0.041471843186727,0.4471634468125148,0.3643077459728922,0.13015628514626218,0.04818394576959919,0.010188576298731756,02010018
12,240.0,579.692248526224,0.44828329458324295,0.0365931101611574,0.49834283206489793,0.3134639674617092,0.12996606795661783,0.047225636587541246,0.011001495929233938,02010018
13,260.0,517.7857403983601,0.31792529976200895,0.048456763578658586,0.3640070384882006,0.41118362197621006,0.15542635074075875,0.05555471653614614,0.01382827225868439,02010018
14,280.0,533.3654303514114,0.3264810984084837,0.043252910425544494,0.35656000613410826,0.4283845052940012,0.14791903182541238,0.05417068119374728,0.012965775552730922,02010018
15,300.0,536.2219190457149,0.3845388857535816,0.054856486891164,0.4375103126747136,0.3657792489442697,0.11794806182482989,0.06113784106248399,0.01762453549370282,02010018
16,320.0,562.6721397852351,0.42411293499426006,0.04502744201076251,0.4493324209894704,0.355947789007899,0.12595353821351335,0.05319990846868898,0.01556634332042838,02010018
17,340.0,550.2814425698654,0.44520172940405556,0.04055744855012942,0.4893577842108585,0.33995663046366414,0.10829750240052931,0.04688354652606208,0.015504536398886014,02010018
18,360.0,571.8175085108953,0.4194820176717127,0.046986307608998995,0.45787280415003967,0.35485782445365327,0.12084252596334402,0.04938248157957063,0.017044363853392266,02010018
19,380.0,686.6760074717521,0.5460641426256677,0.031924845785046646,0.5897014042621004,0.275103038182707,0.08877216144522211,0.03464189801238001,0.011781498097590454,02010018
20,400.0,511.86386432612034,0.33313679428259996,0.050004606830379474,0.4831157125045846,0.31847014195268636,0.11889855981725585,0.06151068583349281,0.018004899891980477,02010018
21,420.0,455.18983078751154,0.4360912847764044,0.06949295870679248,0.46494955956807976,0.3232405862794563,0.11887031580928283,0.06674660322500862,0.02619293511817262,02010018
22,440.0,537.6688503297636,0.4553860021017956,0.04503919609664078,0.501312173936234,0.34010968874848324,0.0911760238633787,0.04919991862752644,0.018202194824377772,02010018
23,460.0,539.2535646360949,0.410601084800185,0.04803659050482048,0.49767170842818836,0.34736889910080787,0.08833424704778521,0.04773371397308298,0.018891431450135544,02010018
24,480.0,1042.0413125395085,0.641585176390651,0.023709618217394486,0.6825229346564295,0.23010739875359273,0.0473447016589895,0.030919815635780723,0.009105149295207412,02010018
25,500.0,4344.309717518976,0.8832036520843644,0.0033785938026608866,0.9227960935806472,0.05856528229294976,0.012744823779227582,0.0047489918093680345,0.0011448085378073845,02010018
26,520.0,570.8986750740031,0.32948973738484094,0.044037579603744464,0.44387808655310157,0.38950066893274216,0.09253645992516248,0.05469261761126764,0.019392166977726135,02010018
27,540.0,742.8630364565709,0.5645522364211676,0.022185618378329875,0.689258609862377,0.19812081455948052,0.0731370775825885,0.031230075342229487,0.00825342265332451,02010018
28,560.0,1003.7638084098023,0.5276269028629647,0.015542102768185833,0.6720631701763441,0.2711454277721592,0.032042837331851495,0.018156059062463797,0.006592505657181402,02010018
29,580.0,509.7900366401547,0.3084058309257826,0.07383519875465798,0.3872971665142167,0.39244996675146665,0.12031229734546119,0.06992963554563696,0.030010933843218457,02010018
30,600.0,585.3874821042294,0.32296122947615247,0.043869112138067864,0.3783502954348537,0.4854957191857654,0.07463163474978539,0.044619599096137254,0.016902751533458337,02010018
31,620.0,482.61137643531936,0.26221895019390684,0.059518561571442766,0.34277546069241216,0.46580312651076783,0.101969606989602,0.06666434354859624,0.022787462258621882,02010018
32,640.0,435.54281379121375,0.3211957102167277,0.056020928036304464,0.4276151573429865,0.36135676901369457,0.11386551743281295,0.07596949858969912,0.02119305762080689,02010018
33,660.0,541.159036019168,0.22380945016759327,0.04568480820973736,0.33802116485408973,0.5206891971918459,0.06836012581983941,0.05558801842664551,0.017341493707579436,02010018
34,680.0,589.6710319162894,0.46015512084090043,0.030514083077216116,0.5928798026850124,0.2905942151887874,0.06580803668775137,0.03749192559718232,0.01322601984126655,02010018
35,700.0,555.4793669315977,0.34704284250888334,0.0404124750168612,0.4805782414585712,0.3790131592317269,0.07685484319791064,0.0461742625882829,0.017379493523508205,02010018
36,720.0,553.1474652775669,0.5221808781706091,0.04576127886265108,0.60817835351914,0.25819039354062967,0.0705872543441443,0.044445339608706017,0.018598658987379963,02010018
37,740.0,404.60108590499095,0.32765477076361926,0.07841926575794424,0.40757408097049125,0.33456191217617853,0.1361761062523203,0.09265098841737322,0.029036912183636746,02010018
38,760.0,436.88711195696743,0.37509296308952617,0.07769663227270646,0.4621662828307357,0.31074402176880545,0.11473231088372939,0.07879030756919411,0.033567076947535385,02010018
39,780.0,409.7189023515157,0.36072237356774167,0.07724817663934085,0.42785802964725983,0.34641855130968563,0.1043726485624617,0.09035363621945965,0.0309971342611333,02010018
40,800.0,417.62692935276607,0.2600347951854008,0.06600342224476306,0.31820825830281496,0.4441840708159718,0.12935452564801114,0.08751894357131225,0.020734201661889832,02010018
41,820.0,388.2245467191926,0.19472227413599172,0.07700315305753849,0.3072990113809757,0.4629287536622257,0.1103793942360897,0.09200275944765009,0.02739008127305891,02010018
42,840.0,733.8816145462007,0.4158366723445557,0.06224928416869126,0.4956540938674404,0.31210721454137036,0.10114323937855298,0.06901129668011113,0.022084155532525164,02010018
43,860.0,9877.330801081182,0.9711817665246016,0.0002935516915009791,0.9790669424817876,0.019673727720746294,0.0006714317477525568,0.00046580763126045113,0.00012209041845310777,02010018
44,880.0,537.0807768218731,0.5412753463328047,0.0423458413528181,0.6561254684004919,0.20484489812391832,0.07036041286807163,0.05101285597208745,0.01765636463543064,02010018
45,900.0,481.9636801983533,0.5085287746380299,0.06255124360283164,0.5855247585258604,0.24746314011558979,0.08172373001961493,0.060363751879134696,0.024924619459800217,02010018
46,920.0,413.7334050654297,0.37333289331887043,0.059934659476204896,0.5219579845136304,0.2703611562962359,0.11022170379114948,0.0779076267749365,0.01955152862404781,02010018
47,940.0,413.9957004424159,0.34284665755430105,0.07200559970793119,0.4053050084766194,0.33155112240310436,0.13653426398497065,0.10054930366560942,0.026060301469696172,02010018
48,960.0,473.3308246233693,0.22972580947530397,0.048233753311512674,0.30703717914434503,0.5182183734349033,0.09909598456562228,0.058016499150674486,0.017631963704454835,02010018
49,980.0,393.44083947476713,0.3165075204591541,0.06521966387857302,0.40005883856621044,0.3835332430241698,0.10735668790500358,0.08420273115532846,0.024848499349287557,02010018
50,1000.0,409.987377427673,0.36659706019663163,0.062308152409413925,0.4299853703582143,0.3756231688154604,0.09325659140411097,0.07781848714155722,0.02331638228065706,02010018
51,1020.0,451.4977555904704,0.3088439222299085,0.05489228192222712,0.4111090548697474,0.3717689698961134,0.1284644377681682,0.06690886485124606,0.021748672614724934,02010018
52,1040.0,397.67619336062853,0.3632148230104505,0.0808796501626449,0.4434077532823407,0.3267343214171813,0.11285718075063847,0.08734838902601151,0.029652355523828035,02010018
53,1060.0,457.85930584285836,0.3410894215314392,0.06525450603588745,0.4478078189592367,0.3660808317079043,0.09860550537441651,0.06497416633489635,0.022531677623546,02010018
54,1080.0,396.1146003274947,0.37292795344118695,0.06945389676511778,0.4297149901705597,0.3399832572730776,0.1264946575482707,0.0794043404710291,0.02440275453706295,02010018
55,1100.0,388.7737252779331,0.3303420251895916,0.06395358002868531,0.3827530666805673,0.4116954912400547,0.10438076158365561,0.0803713047385625,0.0207993757571599,02010018
56,1120.0,370.0458876034063,0.3097658736164961,0.09455252934337131,0.37921805841297124,0.36854833877575094,0.11554834991121155,0.1031555750493497,0.03352967785071669,02010018
57,1140.0,458.2384143712599,0.29457542915112406,0.05315924167764974,0.37432613801072956,0.4623786800029993,0.08611259254398176,0.05613450506732422,0.021048084374965092,02010018
58,1160.0,446.24040365425816,0.5625993704303403,0.05475516626069032,0.6166635763636544,0.21574381776854087,0.0895214823850536,0.05667441224884144,0.0213967112339096,02010018
59,1180.0,488.07048282338394,0.4152439059528185,0.047395074575824925,0.5035898619487577,0.34935387056769646,0.07756524562052286,0.05155932416174225,0.017931697701280776,02010018
60,1200.0,458.6264341324756,0.41659987314581903,0.052107641138866886,0.4652216585050319,0.3653609143521776,0.09389244515541952,0.05764525248439304,0.01787972950297822,02010018
0,0.0,1190.4623288800187,0.6025870381977213,0.024413155125449868,0.7058867515808245,0.21842420173124738,0.03822014965849373,0.02969557852479252,0.0077733185046418695,02010019
1,20.0,973.5812797201286,0.5662524275850752,0.018101008111625166,0.6896132094354415,0.2024189946511348,0.06861497275150573,0.03128305629563206,0.008069766866285952,02010019
2,40.0,1055.7306184714628,0.5859973769183563,0.015276759038860775,0.725207090532417,0.1897357550227818,0.05343452677432647,0.02515340703760644,0.006469220632868239,02010019
3,60.0,1106.545091975328,0.591228093111413,0.0193799631051591,0.7149050080422173,0.18776822952990296,0.060740536982150636,0.028405730836667496,0.008180494609061652,02010019
4,80.0,1082.040135537574,0.5213492917672994,0.017020832244294046,0.719968352137913,0.1888744801964011,0.057450268967908676,0.027814981015905467,0.005891917681871709,02010019
5,100.0,1036.3225150216797,0.5695182293294685,0.020344088778759782,0.7080386999178483,0.19486937785627095,0.05966801671060184,0.02909459715570092,0.00832930835957787,02010019
6,120.0,977.1851355741264,0.5267839252247125,0.028293228634446214,0.6972465285944671,0.1760109539125712,0.07504600002888469,0.0423515301501577,0.00934498731391928,02010019
7,140.0,937.5864985879448,0.5818752712837761,0.019941442459887826,0.7101427244263873,0.16729910880516272,0.08408867450298622,0.030562457129196776,0.00790703513626711,02010019
8,160.0,957.9226070743044,0.5615482624608911,0.024754138053523462,0.6755180551403502,0.20627527887518718,0.07186942389845911,0.036553927564859263,0.00978331452114429,02010019
9,180.0,810.1456362729616,0.5364466550842302,0.03446835279692623,0.6537609713092962,0.19140541106434766,0.0817337589758914,0.058713908689564845,0.014385949960899957,02010019
10,200.0,892.4482001706865,0.5165452795105544,0.0332307679515879,0.6414674466546599,0.21701914419401305,0.08207687513628992,0.04772896994861304,0.011707564066424075,02010019
11,220.0,792.1250852915197,0.4214889387690592,0.04098761226456962,0.5516876294160967,0.23856300808695946,0.1328937834319483,0.060770266078262934,0.016085312986732582,02010019
12,240.0,678.8895178980782,0.32914117432229933,0.0901122133651571,0.44608985539035767,0.24543535277409628,0.16300337840705786,0.11257392523986394,0.03289748818862427,02010019
13,260.0,730.2991251826303,0.4682783640729446,0.05991726658168184,0.5143761395740124,0.24145877154726303,0.14770474659318647,0.07501597690060667,0.02144436538493138,02010019
14,280.0,1009.389730755265,0.5191434999254653,0.020989925466673064,0.6839791488489353,0.20000205369190316,0.07684468630851224,0.03214822201571684,0.0070258891349324025,02010019
15,300.0,953.5245823251246,0.38683025733997256,0.021734207237537048,0.5262736433587004,0.32206461840541156,0.1003187307724319,0.04249116521932443,0.008851842244131755,02010019
16,320.0,1112.9477646877795,0.5390740802503319,0.015157816706867219,0.6679113880875224,0.21916067634326242,0.07919364425036345,0.02751185289058157,0.006222438428270163,02010019
17,340.0,1036.0199022172937,0.45873947366448925,0.03830018986403288,0.5851275811195084,0.264225663436795,0.09273312298624821,0.043817749619470964,0.014095882837977492,02010019
18,360.0,914.6531439857315,0.4502523659180324,0.01725782105795902,0.637068658795459,0.2121568725776586,0.1093709007911336,0.03361658854401996,0.007786979291728934,02010019
19,380.0,708.6351792967736,0.296509715229657,0.09991520515751103,0.42712128176147846,0.24936673869694137,0.17600190411056096,0.11105012615086071,0.03645994928015854,02010019
20,400.0,542.478268305532,0.284977389640556,0.1657987064194299,0.34230751028647294,0.25777442885976903,0.17457207410873984,0.17147426376594,0.05387172297907816,02010019
21,420.0,612.3527082557333,0.3377331486141824,0.08654092098713972,0.42090318550456546,0.2759717532152318,0.171123420363402,0.10194643747811417,0.030055203438686628,02010019
22,440.0,899.0600913078033,0.4732451941019663,0.030579981539341623,0.5503065109412866,0.28134048009594387,0.11677397092333845,0.04128795798803226,0.010291080051398943,02010019
23,460.0,866.7920859439402,0.45005396815202614,0.015293531855431135,0.5583528511163375,0.2878869206945977,0.11361966759151983,0.033579590638890176,0.006560969958654845,02010019
24,480.0,1047.0034797937576,0.5472715220921028,0.01449369170282566,0.6473618055522685,0.2446658605087262,0.07820688401168836,0.023943404029893107,0.005822045897423796,02010019
25,500.0,714.9526507900939,0.3914644052369258,0.10177333488209035,0.49208361169563203,0.20141658666738552,0.16201226444031847,0.10199975551218096,0.04248778168448306,02010019
26,520.0,1008.6217077692169,0.456202486717879,0.0334893484532387,0.5951458080714184,0.25500673599669804,0.09631714617142921,0.04152774119537258,0.01200256856508175,02010019
27,540.0,1051.2980844145652,0.5533449548924096,0.043505328971865695,0.6909696689499556,0.16068253998257995,0.0837108138225159,0.046512459304963956,0.018124517939984573,02010019
28,560.0,1026.9880889785459,0.5212864259671849,0.038003339324839625,0.6440086864649208,0.2228269900057988,0.08178018834563011,0.040864485763664686,0.010519649419985424,02010019
29,580.0,1105.6594446488032,0.5203441179704922,0.01217134493635059,0.6363912342435416,0.25351767889906496,0.07686025554741581,0.02710647322745726,0.006124358082520376,02010019
30,600.0,1021.424729770996,0.5290202349506042,0.019949976540635926,0.6942006198055702,0.1711847684243729,0.09148861432635556,0.0348594830290047,0.00826651441469659,02010019
31,620.0,988.5223921155296,0.4756718291855644,0.0192342547113439,0.6249625277853603,0.25603443376410506,0.07966323731980002,0.03223776069857683,0.007102040432157805,02010019
32,640.0,1112.817912509345,0.4752444139569542,0.02985355449353667,0.614810425631857,0.2658209115962462,0.07242270608751367,0.035479545456914646,0.011466411227468396,02010019
33,660.0,888.8668342381848,0.4399727664260506,0.02588434338924618,0.5656137979180794,0.2656993095964004,0.11586346513461354,0.04302778611269181,0.009795641238214787,02010019
34,680.0,751.5001348084713,0.42871933465964296,0.04602415030111414,0.5368970432422537,0.2132115174825238,0.1656162072462965,0.0685434398014532,0.0157317922274729,02010019
35,700.0,709.636690037823,0.320758704500847,0.13691541986769726,0.44205607743417275,0.1262568607632494,0.21198117246238984,0.1633297713222459,0.05637611801794205,02010019
36,720.0,807.3542691281111,0.381202582294111,0.06447361168030324,0.5638003030430236,0.19672148590371105,0.13747453462178433,0.07533482004410813,0.026668856387372843,02010019
37,740.0,907.7298705277066,0.48340264729787585,0.021197473462715548,0.6594000540590647,0.19200504894607967,0.10030413878282131,0.040311993804977755,0.00797876440705659,02010019
38,760.0,752.0765327691823,0.35350623862351677,0.0674683873434765,0.49598021742711107,0.23623898593162088,0.14672320782219078,0.09075352339938861,0.03030406541968874,02010019
39,780.0,797.3397088028485,0.3211842269374511,0.0643206040626898,0.4571131095107742,0.25737896487956985,0.17658380176771984,0.0860432575502032,0.022880866291732915,02010019
40,800.0,984.7254526283808,0.38995905676480014,0.01617784901039413,0.5267519234164194,0.3158725533939356,0.11422851393819931,0.035855803867126904,0.007291205384318886,02010019
41,820.0,1187.9375617336964,0.5178848945505582,0.0076611179157129,0.6605729942272689,0.24169601269845734,0.07562369393613427,0.018543796193555034,0.0035635029445843895,02010019
42,840.0,1088.1672850903497,0.4939026737650555,0.023844222935458285,0.6298136703827456,0.243446763983506,0.08527791817214403,0.031073652006010002,0.010387995455594323,02010019
43,860.0,1105.731341014731,0.6030399849030011,0.011949967723878876,0.7014097354714214,0.20848927997479108,0.062025932869568534,0.02363380849428191,0.004441243189937197,02010019
44,880.0,833.5836219558236,0.5282745751349905,0.06449610431174332,0.5956041343300227,0.15966362687611882,0.1404503820866744,0.07839679277064834,0.02588506393653562,02010019
45,900.0,682.4087003848128,0.3815523312468548,0.13386273200643656,0.4856772432900714,0.12143829199433569,0.18999627698645186,0.15237069719461407,0.05051749053452694,02010019
46,920.0,763.164975936244,0.5583204137861234,0.05185762223755449,0.6643439139734197,0.1342879199081061,0.11426904436013574,0.06455693049529472,0.022542191263043555,02010019
47,940.0,767.845937405826,0.5030418605401935,0.030453326912437743,0.6207783205301335,0.2013497257902939,0.10927804194688054,0.053980044771428405,0.014613866961263666,02010019
48,960.0,1038.4976994666267,0.5412306164281155,0.01827828796733125,0.6906248274278384,0.1903580356939074,0.08336156214729844,0.02887799009572446,0.006777584635231361,02010019
49,980.0,954.9700323745882,0.5089666067176589,0.01647520647991093,0.6041931545338964,0.2767041291312593,0.08415935413256596,0.028429567937314923,0.006513794264963555,02010019
50,1000.0,976.9894515902319,0.34696309039811346,0.017570557563026636,0.4675977354872244,0.39348092000236856,0.10139758772043199,0.030070485897283856,0.007453270892691223,02010019
51,1020.0,1054.6571417975636,0.4788274621450433,0.025240511939096492,0.6279932626516269,0.23089684405079228,0.09300029650370369,0.039296698317784054,0.008812898476093046,02010019
52,1040.0,1145.2898166749733,0.43103342799712435,0.009545389574096565,0.5817623164976119,0.2916787688800069,0.0979369769922342,0.02456045061237554,0.004061487017771484,02010019
53,1060.0,927.9031692232235,0.4617709578225434,0.028432562319694835,0.6026930830683505,0.23795618354303244,0.1053025168756785,0.04198068747710535,0.012067529035833288,02010019
54,1080.0,926.9534702528541,0.5333603814930861,0.021839234622708675,0.6893394693968957,0.17269948188447215,0.09384796261811448,0.036086866305432716,0.008026219795084907,02010019
55,1100.0,778.3794198750171,0.3962701661738395,0.04452061172847102,0.5199642125471906,0.2645348887849199,0.13829810822297414,0.06196889064348303,0.015233899801432393,02010019
56,1120.0,782.9495246572496,0.3838881642981168,0.06774111060655959,0.5316333119670613,0.20909599167237813,0.1509367772605015,0.08195632394068526,0.02637759515937375,02010019
57,1140.0,1099.7923603347942,0.5093285569542279,0.013987618983236211,0.6502123481485794,0.23822634377891747,0.08082890153313375,0.02427543032000388,0.0064569762193654335,02010019
58,1160.0,1002.1265292281614,0.4107437315665623,0.022938690970833855,0.5894334105026279,0.27599258831976303,0.09278465853558428,0.03385356400955444,0.007935778632470362,02010019
59,1180.0,1007.2732150681878,0.5244236981300306,0.012681618294831562,0.6373482603906647,0.2389852319051787,0.09039714656686308,0.027353087937092384,0.0059162732002011175,02010019
0,0.0,622.9180476732018,0.5262502400346465,0.03336991060828466,0.5787305760758239,0.1340145058071981,0.21525606196003708,0.061976734052425674,0.01002212210451515,02010020
1,20.0,603.257798912723,0.4980173512465825,0.03802629175227674,0.5301141323549236,0.1779181824628632,0.21503588094889492,0.06590532065816247,0.011026483575155902,02010020
2,40.0,608.0286229014912,0.5398393951427067,0.03758355012355474,0.5777988941602812,0.11804239276356877,0.23297667600566516,0.056047237824380605,0.015134799246104298,02010020
3,60.0,873.9039211429299,0.7303735702956018,0.017086151382929824,0.7782780503720319,0.09490763389478996,0.08925837258222999,0.03088288731028139,0.006673055840666655,02010020
4,80.0,604.8088857727324,0.5835633830862249,0.04142658391926467,0.592010357428102,0.14013827176861665,0.18491360153481498,0.06641512388102233,0.01652264538744401,02010020
5,100.0,741.1937549399609,0.8120368054125588,0.02156382367971166,0.8171898917972985,0.04945428809182117,0.08684294168419913,0.03689303513907655,0.009619843287604598,02010020
6,120.0,725.2237640854166,0.6086891945204357,0.028180934022114534,0.6681853905468537,0.14316396625722683,0.13642644823528202,0.04070874853604037,0.011515446424597177,02010020
7,140.0,732.4235119984005,0.6347661449728684,0.028124926470143904,0.6888897715029441,0.13513353583257118,0.12391514724832686,0.040949923680242355,0.011111621735915568,02010020
8,160.0,659.9334046028958,0.6207903247931965,0.02868618094490739,0.669146384948478,0.14796295466703605,0.12448140036348805,0.045318551090801164,0.013090708930196763,02010020
9,180.0,533.6804568080471,0.4717429309388474,0.04653682535984456,0.48793773942173907,0.23604486019032148,0.1804602858953502,0.07390238952607102,0.02165472496651828,02010020
10,200.0,743.7203501413723,0.7082075843684238,0.03178289224466677,0.7175631705182748,0.08732388370687898,0.13572734030102773,0.04600295991626531,0.013382645557553299,02010020
11,220.0,693.30812414565,0.7317793556669587,0.025555580177178856,0.781351804274363,0.07637910358373455,0.09380136835128604,0.037843931807316544,0.010623791983299892,02010020
12,240.0,600.2541878194521,0.5668322509419468,0.04933287323268759,0.6108487725100852,0.13711284742807966,0.16320220751873796,0.0671723279875434,0.021663844555553844,02010020
13,260.0,1100.118901319341,0.8928036614978421,0.011108883586985271,0.9008539160959165,0.05055253922226149,0.028849808050965313,0.01491730677919004,0.004826429851666831,02010020
14,280.0,677.540336626488,0.7692797234642279,0.03240226093389587,0.7711793287526215,0.08652919481789026,0.08479521812268406,0.04394539332447336,0.013550864982330765,02010020
15,300.0,698.08752020746,0.6304946082956207,0.029033779712995117,0.6991883827058092,0.1386725525394495,0.10516513552091876,0.04329302260961187,0.013680906624210705,02010020
16,320.0,664.5588358534411,0.6919877207248701,0.030185130999700095,0.7488001565185516,0.11045990416914388,0.08677146829249853,0.03898693304428482,0.014981537975521266,02010020
17,340.0,607.5438536022278,0.6247366144656828,0.03664129690306062,0.6737936292169697,0.1544690942695406,0.10614965923280564,0.04951399244597036,0.01607362483471363,02010020
18,360.0,544.5784304967143,0.6711978109317627,0.04097945567589654,0.7018941719157921,0.11524075494785381,0.1049042489406511,0.05817870054883315,0.019782123646869997,02010020
19,380.0,666.3923716950814,0.7489874365792293,0.03464241460288758,0.7651373039549355,0.09533894121513901,0.07949396731581376,0.042451756943601315,0.0175780305705105,02010020
20,400.0,736.2734560295047,0.792917896744469,0.02581420899432403,0.8262826754569113,0.05822221924182326,0.06511995791084732,0.038322834001162556,0.012052313389255595,02010020
21,420.0,687.8909818110726,0.7395610564182897,0.028253666052824575,0.7926672828814225,0.08702697241685271,0.06625845517209755,0.04069430102750918,0.013352988502118057,02010020
22,440.0,680.0630883468651,0.7615155117110116,0.03022673356028877,0.7827968723452084,0.09659865008750736,0.06585121963793808,0.04058968957527983,0.014163568354066283,02010020
23,460.0,783.9562713692068,0.8174928873347777,0.020738700251120182,0.8285877953681955,0.08897874574103809,0.04345828067501925,0.028488486187470786,0.01048669202827648,02010020
24,480.0,810.6295408973825,0.7779307751234459,0.023350113551433037,0.7862429491492533,0.1128994485038914,0.056253013846321566,0.03216975177560083,0.012434836724932775,02010020
25,500.0,707.8145649778938,0.6366653484664635,0.02677592597597215,0.7144595385429214,0.16491220192114292,0.07232070480454351,0.034116789630134224,0.014190765101257892,02010020
26,520.0,687.6773246272861,0.6520859366352487,0.03257448391660434,0.6709242411503837,0.20364543823548015,0.06501613254837026,0.04431053473488562,0.01610365333088022,02010020
27,540.0,558.4863796898508,0.7324672128605947,0.04589923915528314,0.7256472083730205,0.0934433239716035,0.10045508893021679,0.05767807965168184,0.022776299073477377,02010020
28,560.0,678.2555918326775,0.7447413129338218,0.03291377228659898,0.7440730311115773,0.12921902903318552,0.0654065867092809,0.04386150857930496,0.01743984456665127,02010020
29,580.0,609.0202647099829,0.7383224862472542,0.039472647280612026,0.778861553462134,0.09403985595657466,0.06461920042170954,0.04171415890060229,0.020765231258979527,02010020
30,600.0,621.6636082291695,0.7007769853699439,0.030465808401049167,0.7508711723967656,0.10016667641625233,0.08908734374978441,0.044791798046675844,0.015083009390521708,02010020
31,620.0,791.4591536903737,0.7749493257557136,0.021866439694009872,0.8023315862167175,0.09242538660749194,0.06500478168148982,0.029015758464339913,0.011222487029960822,02010020
32,640.0,495.54401542139095,0.5124659405912282,0.05454877083742939,0.5552139347938393,0.2084905673187229,0.13767054420912822,0.07214338287258001,0.02648157080572957,02010020
33,660.0,676.1494318447789,0.7894350159390734,0.026412810814280537,0.7687482771975023,0.08962931574582857,0.09068742190968188,0.037590300731066034,0.013344684415921279,02010020
34,680.0,703.1339773749579,0.7624547588333864,0.03147078655987103,0.7774297069158611,0.08492683514764277,0.08135783419470514,0.04207437022449166,0.01421125351729942,02010020
35,700.0,733.235588349301,0.7371033613841028,0.02620871049353606,0.7313718838794291,0.164283210853102,0.04924767230657821,0.04167109289829316,0.01342614006259768,02010020
36,720.0,715.0527859533274,0.7485420357713211,0.023646657107805762,0.7727303622523823,0.11886275906748758,0.06186964944914016,0.03371330485376926,0.012823924377220552,02010020
37,740.0,823.9804553373675,0.8674195119968031,0.01874404882148169,0.8421521632186615,0.06970321079760008,0.04900984518716293,0.029158055570955303,0.009976725225620106,02010020
38,760.0,687.1833462855403,0.68691471279204,0.02772294874827676,0.7482880131964967,0.1346259527108526,0.06623552483149006,0.03642372600017594,0.014426783260984743,02010020
39,780.0,699.3577955545121,0.6782900068124139,0.02844131672498595,0.7680112956666202,0.11093769129923045,0.06922632047420864,0.036770177303463575,0.015054515256477144,02010020
40,800.0,496.9035065606255,0.6698054834172766,0.05169437653175417,0.6997281953299912,0.11184400946429063,0.0986421293129104,0.06207058417058231,0.027715081722225463,02010020
41,820.0,671.8366788393166,0.8300860469945417,0.029858024779165007,0.8297702273800294,0.07170503624356012,0.04356430914526172,0.039348038404908796,0.01561238882624016,02010020
42,840.0,491.2344527071399,0.5214761315819246,0.061264285017606133,0.640202820062606,0.16100543324795788,0.08411908317823846,0.08079984145797456,0.03387282205322313,02010020
43,860.0,765.8400940761418,0.7941600144860715,0.024561982037059147,0.7983645296341829,0.09661083741017469,0.05427935877505924,0.03679651463715606,0.013948759543427142,02010020
44,880.0,626.8255911248468,0.7322667500309896,0.03719043679180834,0.7320478408563625,0.13115013195626418,0.07017361227047071,0.04654117712299805,0.02008723779390462,02010020
45,900.0,531.1428654497442,0.48305874947667904,0.05334910123848814,0.5704955928133943,0.22565888730013162,0.09428589437464902,0.0766115560322853,0.0329480694795397,02010020
46,920.0,692.0527302645495,0.8194168308142279,0.028700606804130703,0.8535186395737341,0.06431190758233762,0.03584900138104395,0.03090936154443755,0.015411089918446658,02010020
47,940.0,731.8401949221461,0.8080321511981833,0.02664821594019311,0.8497491965338476,0.08021427472674376,0.02711031971482224,0.02958035384494273,0.01334585517964375,02010020
48,960.0,766.4124483410664,0.7947734258869705,0.02487905628513623,0.8379375959633156,0.07747181542464131,0.04262004143030604,0.029056623326879142,0.012913923854857708,02010020
49,980.0,481.8689354726874,0.6286584336560025,0.05487552883436243,0.6907319692106808,0.13990207492428358,0.07595813100052363,0.06558673232359738,0.02782109254091474,02010020
50,1000.0,499.1425147563221,0.46429717969836504,0.06416937754757425,0.5664073126977666,0.15902663743894951,0.15594173276773546,0.08565703600523042,0.03296728109031806,02010020
51,1020.0,726.5672846887127,0.6615320790345247,0.031720793837488444,0.7198824672831615,0.14878877711087773,0.0678848521253804,0.04641758541400938,0.017026318066570973,02010020
52,1040.0,829.0498511885403,0.8392905148089026,0.018233022467152346,0.8525359323362325,0.06841857409620215,0.04401155410029298,0.02398306000913288,0.011050879458139342,02010020
53,1060.0,773.1065119062821,0.8270521886395199,0.028019079175102685,0.8200072911691987,0.07779364971339786,0.054194027881414794,0.034466593728862946,0.013538437507125627,02010020
54,1080.0,742.7364884385723,0.5846857572081103,0.05532482780526382,0.633769209034484,0.22461615367428764,0.05568319810752619,0.05958405011990502,0.026347389063797255,02010020
55,1100.0,849.4591456488224,0.8086900256482654,0.0221485451829965,0.8382628691946064,0.07938035837468976,0.042695254390665884,0.02744423700290477,0.012217281037133161,02010020
56,1120.0,398.45233968476424,0.5628091432813987,0.08593416405683867,0.637525296222897,0.13814036363965912,0.08169946923812124,0.09259924689886137,0.05003562400046128,02010020
57,1140.0,829.7125398055687,0.7323166689620374,0.02069724010363445,0.7671345756301688,0.16042938101893664,0.03521960052091061,0.026810995184233712,0.010405447645750207,02010020
58,1160.0,736.273863257007,0.7949328604374796,0.04050131811277546,0.8128764226516917,0.0724737801154506,0.050255544636272874,0.04349847473573799,0.020895777860846804,02010020
0,0.0,709.4931357107671,0.21410106407020515,0.019197818261710613,0.2733013454341506,0.27074880482246255,0.410464831333062,0.04063753810433868,0.004847480305986215,02010021
1,20.0,522.2806673164757,0.31257255897340713,0.03534977173805866,0.37642665594733987,0.2603324431598461,0.28723232819347055,0.06707985002515489,0.00892872267418852,02010021
2,40.0,794.2127058702148,0.15878517119251453,0.023432566811520526,0.22821890027329872,0.34739304101149043,0.3379603715084052,0.08071050590932576,0.005717181297480055,02010021
3,60.0,541.4100988740421,0.15542740945951727,0.03629687684400265,0.22625063307374252,0.3155420445291919,0.37417321835804024,0.07517532589032513,0.00885877814870019,02010021
4,80.0,581.118819105965,0.1613256701119465,0.029088783672615928,0.22261509063348905,0.30118506784388904,0.3600967279184202,0.10851202682288856,0.007591086781313203,02010021
5,100.0,412.47232869931,0.3291458260628475,0.04578446572354122,0.39126493375601756,0.2267610643995457,0.24566143511599556,0.1225029663814881,0.013809600346953114,02010021
6,120.0,404.9410906465833,0.2837380372857495,0.051024113611166155,0.36051783860431524,0.18052266171654582,0.33398893695878257,0.10952410782475186,0.015446454895604547,02010021
7,140.0,382.93133973506053,0.5561587891657133,0.04929001155663465,0.6258151341921173,0.16771720176194216,0.07454347916819216,0.11773427241092899,0.014189912466819533,02010021
8,160.0,378.4366479286963,0.4679160425502009,0.057166353737368246,0.5885152828494219,0.153680404172902,0.13034795776557745,0.11185970146887694,0.015596653743221693,02010021
9,180.0,357.5227887909567,0.362485637598369,0.062434515096832933,0.4242693677132529,0.14962207020664883,0.2807195196857045,0.1276427170956234,0.01774632529877037,02010021
10,200.0,332.9238480549545,0.32721595574407325,0.08901924321730148,0.40892029936007496,0.15222105868970803,0.24866291795651568,0.16514029480926185,0.025055429184439437,02010021
11,220.0,341.8263889732037,0.3669706825169561,0.06836008993200414,0.4453551358831367,0.22050446534595866,0.16328831507007469,0.153435709650489,0.017416374050341066,02010021
12,240.0,367.79261735120485,0.38699064308460135,0.05785262241119777,0.4820787159472486,0.13185636355509336,0.25711707094124103,0.11394394763669889,0.015003901919718229,02010021
13,260.0,332.3199214984426,0.3082069618194461,0.06342997302123017,0.3955393876950694,0.14354857942560512,0.3209685862296728,0.12207560568239952,0.017867840967253204,02010021
14,280.0,321.2568125680451,0.5070620304310707,0.07258465851763347,0.6117140540065757,0.13718595850396528,0.10344047360848571,0.1277998753037671,0.019859638577206264,02010021
15,300.0,300.25756548063174,0.35129545737446216,0.08716189411112184,0.4534220038965171,0.17670021967454194,0.20024068157977837,0.14321822997624942,0.026418864872913173,02010021
16,320.0,274.01165470930664,0.3620775372121469,0.11062855798489846,0.4307494420121514,0.18688694407586742,0.18268838493506556,0.16379697499485593,0.035878253982059585,02010021
17,340.0,313.0060491028523,0.35265194854785165,0.09438088242933705,0.4680678453852248,0.1853407113529466,0.14536761200743772,0.1743393270382797,0.026884504216111303,02010021
18,360.0,365.36889319632775,0.47079669969886256,0.066667063235687,0.5636096678218695,0.15782794074295703,0.12891668956887542,0.13098874339494376,0.018656958471354245,02010021
19,380.0,336.248422189538,0.2566040006986773,0.07918703444989564,0.36588566470750555,0.17785395709551224,0.2707117982211212,0.16318410369459665,0.022364476281264447,02010021
20,400.0,445.35518371730166,0.5657204909023535,0.04417880455769406,0.6468301185532095,0.12281286432375026,0.1203861700027162,0.09706694336817492,0.012903903752149112,02010021
21,420.0,481.12504207049284,0.5203662416405019,0.041846601066005774,0.6028210258098435,0.228599707714795,0.07809976379399208,0.07779589787035378,0.012683604811015657,02010021
22,440.0,398.6027958425293,0.42886690282338497,0.0642865989074509,0.5192916901570358,0.21503655427987642,0.11894940011896192,0.1308842926114326,0.01583806283269328,02010021
23,460.0,471.8051890386839,0.37624493507837586,0.040214921688604195,0.4707524509354893,0.3095086282579871,0.12414984654205159,0.08334479511929244,0.012244279145179527,02010021
24,480.0,553.1996189857036,0.34554200849974614,0.034649632690069467,0.40893506149507347,0.33150955185756414,0.15846794912492326,0.09278919349662483,0.008298244025814172,02010021
25,500.0,569.2658565621654,0.18419609404021958,0.03993169946357214,0.23209287163151784,0.42916515026963087,0.21258837084431506,0.11642869085601122,0.009724916398524963,02010021
26,520.0,321.29182594341734,0.3151299970524551,0.07698435595706574,0.42033165131637756,0.22897998572017728,0.20164100896351772,0.127644343267236,0.021403010732691317,02010021
27,540.0,321.4908588885256,0.37993102400839623,0.08440242554605422,0.47212444057378816,0.1548770393774187,0.17598589188634792,0.17439333264421994,0.022619295518225276,02010021
28,560.0,317.09192188167697,0.3380817387867956,0.09235312000827013,0.4334888015139988,0.23088161328225767,0.1323803234100043,0.18084105202689318,0.022408209766845946,02010021
29,580.0,319.0338393142663,0.31910325288730573,0.0702487370962974,0.49370417233166763,0.1878195005568501,0.17426353182574522,0.12315708120833495,0.02105571407740208,02010021
30,600.0,674.914645258338,0.20177744924726188,0.05182675906796404,0.33043774960933847,0.38969386870777434,0.13913729769291908,0.12966005111385864,0.011071032876109466,02010021
31,620.0,277.35838908926627,0.28748705488463355,0.11050426231405942,0.3919824166530355,0.2175102290390614,0.14474803221316182,0.21150472973101034,0.03425459236373107,02010021
32,640.0,296.9835666612304,0.34051349956008775,0.10677336768418924,0.4664980248140526,0.17170785363532606,0.1624921605203458,0.17035507251818002,0.028946888512095544,02010021
33,660.0,338.0990956053906,0.4328462819401004,0.07372156479344444,0.5267604644590179,0.17894356128632505,0.16033226124321756,0.11128651135922236,0.02267720165221715,02010021
34,680.0,428.36479528665626,0.46970034556945,0.04600395119689087,0.5649174588267214,0.15079725325100438,0.1703346008809254,0.10141107150859664,0.012539615532752338,02010021
35,700.0,435.71086427422244,0.3479711458648738,0.05196397737557683,0.5340021727147192,0.21086024463352804,0.13751384961740507,0.10504054417877183,0.012583188855575843,02010021
36,720.0,377.60200061616615,0.33690075193319635,0.04992490940460906,0.4782438009759988,0.25489857037102803,0.14089401146202166,0.1121006661627498,0.013862951028201734,02010021
37,740.0,512.0865174887011,0.29600757939705025,0.03693358932253455,0.43042410423316646,0.31789233222959556,0.15147243496363233,0.09209391057032797,0.00811721800327771,02010021
38,760.0,832.3621824459549,0.28331461417083914,0.021681915894237163,0.4509535299338287,0.4298515582071181,0.06357871012036423,0.050245350469518,0.0053708512691711015,02010021
39,780.0,482.4276431013788,0.3125202926295842,0.03523857019879161,0.5161747319380443,0.2571090664059009,0.12424848609667101,0.09480292275769682,0.007664792801686979,02010021
40,800.0,324.541366201647,0.44530912803230494,0.058103558676054594,0.5391561865702242,0.23275503329146238,0.1200562828035362,0.09297814413587786,0.015054353198899266,02010021
41,820.0,399.86079691640066,0.4437111981302773,0.0514903683940365,0.5447339360392053,0.1771797004422614,0.15456977236155076,0.10809973760602516,0.015416853550957378,02010021
42,840.0,470.2495003282948,0.5014419503988738,0.04086386969000839,0.5888547033446228,0.1633723211454109,0.1616198605637681,0.07350656464281817,0.012646550303380112,02010021
43,860.0,698.535671892098,0.6682833497474009,0.0332636269224515,0.7534774225043975,0.11094165399668089,0.08192817712712377,0.041930122816543104,0.011722623555254556,02010021
44,880.0,430.3494168434739,0.4121155861634679,0.07264802615311321,0.5068190067478021,0.1370692787774973,0.20940807053897634,0.1286143875368933,0.018089256398830893,02010021
45,900.0,413.2019931957235,0.3952319984267852,0.07485011974550418,0.46342294284077784,0.18968220652601295,0.21562116088118563,0.11048253094587135,0.02079115880615216,02010021
46,920.0,390.26821529990093,0.5083929006411728,0.07364048287946487,0.5481466556619485,0.1515468172793408,0.13675065191234614,0.14240212333734736,0.021153751809017116,02010021
47,940.0,435.04961368087083,0.5744707991604336,0.05814268097367538,0.6222318204227996,0.12572377599195025,0.12226632289997864,0.11497365155484889,0.014804429130422726,02010021
48,960.0,584.6863591528986,0.626330452399871,0.03306422826510527,0.6979244060103386,0.15230479921824056,0.08690057444631492,0.05444422895339665,0.008425991371709294,02010021
49,980.0,488.96729280702084,0.5524314161494962,0.06784155970759938,0.5907108346140131,0.12762952658832385,0.14134106564737314,0.11765045193849319,0.022668121211796705,02010021
50,1000.0,708.6960418078925,0.6888317735675804,0.02680419399950943,0.7451826036589364,0.0690567828691514,0.1293211439560103,0.04992788976998793,0.006511579745913885,02010021
51,1020.0,609.6138979792281,0.39804683756333553,0.0635602043161153,0.5552047320262294,0.16903854543632701,0.13776306177108488,0.11733668702998797,0.020656973736370637,02010021
52,1040.0,716.5402872768442,0.6597157406480832,0.017869545524566828,0.7663598894691217,0.10850448560504362,0.084744941959843,0.035403318690233304,0.004987364275758565,02010021
53,1060.0,374.9128852362283,0.40727637499804215,0.07238384559869977,0.4987879228089663,0.0995654036234155,0.24942102179607345,0.13018480259787413,0.022040849173670718,02010021
54,1080.0,515.7865423085705,0.49995946332704894,0.051944729070494,0.5629683808948995,0.10331812428399703,0.2309827211588129,0.09005525682492402,0.012675516837366516,02010021
55,1100.0,478.68633147186915,0.44900388580803324,0.0508486213816942,0.5284459597947215,0.11545811637541693,0.2377361543431692,0.1034509603870086,0.014908809099683758,02010021
56,1120.0,517.8116483243796,0.5723810121214777,0.04401092334509102,0.6527858822859611,0.11007503219853154,0.15079663875743732,0.07526704245933573,0.011075404298734347,02010021
57,1140.0,419.6409058086278,0.37806949219531244,0.05947735234861314,0.48246562901565265,0.1304774058586212,0.24923005856885697,0.1210688149096767,0.01675809164719244,02010021
58,1160.0,424.96157267776704,0.462236390636455,0.06111405548127183,0.5461050954696735,0.09755297262540395,0.22798178281865042,0.11214696484610483,0.016213184240167332,02010021
59,1180.0,512.7652986173184,0.44522519978936675,0.09242560045838104,0.5114595049429687,0.14334655178135694,0.16176642535634822,0.1542320955474056,0.029195422371920653,02010021
0,0.0,5229.051316841449,0.38512489995980886,0.038467592226594766,0.4701998628329141,0.20917261517412158,0.17364919861042183,0.14392742984777407,0.0030508935347683466,02010022
1,20.0,3405.1765650942475,0.37001864782764843,0.027872419890893896,0.5118909263108441,0.3041889372468028,0.0965870669269537,0.08524592663935489,0.0020871428760444737,02010022
2,40.0,3541.825645358973,0.2989973131301081,0.028109047178407388,0.5044826462244574,0.32996084541724163,0.07663837498460309,0.08641150746582775,0.0025066259078702206,02010022
3,60.0,2930.557586068481,0.195928117181959,0.031198641397006135,0.4120691338412055,0.4226047233093925,0.06924277156255196,0.09385262729328857,0.002230743993561434,02010022
4,80.0,2992.9237477839793,0.25999066264402815,0.03450973710917627,0.42912956606807284,0.39907765001159906,0.07531463045175789,0.09346749431738893,0.003010659151181367,02010022
5,100.0,3453.8137749574466,0.3548342506724083,0.024167336149987773,0.5440748188044011,0.3166143963144273,0.06808017193299264,0.0689980650973342,0.0022325478508446505,02010022
6,120.0,3205.344196625555,0.37224683375131573,0.025060837697487705,0.5033822621417228,0.33974210000718014,0.08199929416821844,0.0729437372553256,0.0019326064275531933,02010022
7,140.0,3258.2836343523836,0.3062359647230958,0.019912885721709267,0.39506052553345694,0.4536091903217752,0.08781054389736205,0.06144423618768067,0.0020755040597250233,02010022
8,160.0,2818.9091305941665,0.2668160157007573,0.03932995212102377,0.4395656688003681,0.3927072585610883,0.06769241228620558,0.09730272002716721,0.002731940325170835,02010022
9,180.0,2685.0787436223923,0.3228423274049396,0.027854944139562098,0.5231682084574713,0.31841452995374836,0.07669515334688953,0.07852462950267948,0.003197478739211461,02010022
10,200.0,2498.2839767993364,0.3218186782813765,0.03880562967858208,0.43412149743052797,0.37155531737130415,0.10118692164137509,0.08795883551533326,0.005177428041459526,02010022
11,220.0,2234.2804342542595,0.31644007461368917,0.032525364642102435,0.39979523249617815,0.39253220447255455,0.1081123520242443,0.09304906464321998,0.006511146363803073,02010022
12,240.0,2086.7928129935435,0.2907304199301651,0.027925352652216528,0.39314507761910006,0.43178163150356114,0.0990662581525673,0.0709654292186087,0.005041603506162826,02010022
13,260.0,1858.9699316835856,0.3526976575233545,0.026372442696087406,0.47143281426182115,0.3521252807578149,0.09706218583204665,0.07511357292342759,0.004266146224889797,02010022
14,280.0,2102.241816077395,0.31825518131672303,0.020092438405372125,0.47936585695892947,0.34013586754319813,0.10106925666622005,0.07637275041281394,0.003056268418838435,02010022
15,300.0,2051.889060522239,0.29655256419562237,0.023814799197754154,0.4150757106829948,0.40493810876245667,0.10151014137778006,0.07371790928115225,0.004758129895616209,02010022
16,320.0,2404.841003243722,0.20145048783987143,0.025293320333996137,0.3487129256856205,0.4712453302087572,0.11209914951628987,0.06421026307918754,0.003732331510144845,02010022
17,340.0,1514.4816549896193,0.24610807017534078,0.03539030397667098,0.3377300338524586,0.3757070255844722,0.20285985739504808,0.07945037867935151,0.004252704488669684,02010022
18,360.0,1714.4814805194733,0.22598572457467603,0.045944755236809624,0.3403059413846656,0.42855911474509784,0.12564448315315974,0.0974085740428587,0.008081886674218119,02010022
19,380.0,1417.3189039959855,0.19309061261449542,0.09378213341477423,0.28917359286406435,0.3912718105734424,0.1486162956555214,0.1656148706960418,0.005323430210930045,02010022
20,400.0,1422.7814194133528,0.2286067118952218,0.04295516039545643,0.36609650765839075,0.4541793928807162,0.08284334632960286,0.08911343376776168,0.0077673193635284694,02010022
21,420.0,1205.145852546231,0.1964940508842469,0.03950223572478182,0.3164515939967482,0.5148420891732595,0.06529418736075657,0.09689389285348407,0.006518236615751831,02010022
22,440.0,1371.3344520712076,0.23163768383404226,0.06683110495964097,0.3017470165691731,0.47263008961888237,0.06535642967021958,0.1557914554766151,0.004475008665109901,02010022
23,460.0,1000.187399138882,0.1602733718851298,0.056296777846721074,0.2999928240916467,0.5122551184432063,0.07044559086993958,0.11160879787096184,0.005697668724245765,02010022
24,480.0,1150.5503761408313,0.2496933357972987,0.09339858499268032,0.3298884193130091,0.4330400151906996,0.07417543774324349,0.15817969108164742,0.004716436671400444,02010022
25,500.0,1398.299102829625,0.26305582583333215,0.10484711109309514,0.32002193370595744,0.37765933272377783,0.1212243647416171,0.17465029101458626,0.006444077814061268,02010022
26,520.0,1091.6777075083219,0.25934202507200554,0.059566198103269324,0.35359072128778923,0.4609403174552555,0.0670648337046157,0.11484213649876318,0.003561991053576392,02010022
27,540.0,1168.1604975183761,0.22445248437256446,0.08060646639968544,0.3302007013614014,0.4471136298439564,0.07223814870794942,0.14721824869081326,0.0032292713958794643,02010022
28,560.0,1072.6276849383114,0.34112191857232166,0.09249864020296297,0.40181102324948875,0.3504801603539122,0.07867287816969126,0.1633373535447984,0.005698584682109425,02010022
29,580.0,1371.2874169077718,0.2369358577906479,0.0624876203320199,0.3573023558058737,0.4386915469812036,0.08408330031843704,0.1166806194714076,0.003242177423078058,02010022
30,600.0,914.4935135558188,0.3055503435474044,0.05715401604952451,0.3862638987561545,0.4258902265428704,0.0719727933327789,0.11020024794237701,0.005672833425819311,02010022
31,620.0,791.736638323566,0.227238900309906,0.0631174317122977,0.3507448663800417,0.371114793456428,0.1551884642478171,0.11414761314043151,0.00880426277528171,02010022
32,640.0,673.5018519436637,0.21039892061499257,0.0754412136016507,0.29892390606223096,0.38607389551243576,0.16737345034698242,0.13479572528851808,0.012833022789832952,02010022
33,660.0,729.1609152694203,0.3183578866337367,0.03721257670627899,0.45899552528649945,0.36822077892659577,0.08156603336832718,0.0830629862465886,0.008154676171989048,02010022
34,680.0,950.8761310980375,0.17774845662825908,0.04864145391636182,0.36654613793282753,0.39674180789394053,0.1303965592894227,0.09197932333093244,0.014336171552876645,02010022
35,700.0,722.3635287341494,0.38214141611963925,0.06738230575575277,0.4603129710845544,0.31572340678605804,0.09539483491427557,0.1141981787456385,0.014370608469473602,02010022
36,720.0,838.1452136438418,0.32575807789577754,0.03641646232756914,0.4536433319053903,0.30052329592591864,0.13494343671190065,0.1028197206430979,0.008070214813692569,02010022
37,740.0,1066.3465799057888,0.2152487906724215,0.04790790167251346,0.29992760464283874,0.45204231734969963,0.11540078280407502,0.12339725196324773,0.009232043240138864,02010022
38,760.0,671.4784293826738,0.36207038650073153,0.0498314871960687,0.45608328759367245,0.3516439671725506,0.08061504548567307,0.09880280091440675,0.012854898833697188,02010022
39,780.0,716.9309508858428,0.16602799662270273,0.03912892333071556,0.2494293933935424,0.4901008934633973,0.14372583570492772,0.10702531618648285,0.009718561251649787,02010022
40,800.0,845.5057169085516,0.3524195303683987,0.035352794341156464,0.46710273074250225,0.30486721617069723,0.13235050668167242,0.08936127403602367,0.0063182723691045575,02010022
41,820.0,856.9903507321724,0.42381747868057285,0.033400966432248325,0.498201508529316,0.29031429622371135,0.11885764822452514,0.0867123818809561,0.005914165141491296,02010022
42,840.0,848.6089715790641,0.3430958919029386,0.0428051212722421,0.577589837913297,0.26150835317605037,0.10445412083158029,0.050560880045033514,0.00588680803403901,02010022
43,860.0,907.7902846623978,0.42021907767364974,0.03948271279254524,0.5239081910486095,0.28798867981624854,0.07590168050605167,0.10366400394824628,0.00853744468084413,02010022
44,880.0,768.8925158695597,0.21188056846930406,0.06294613143284811,0.30758070757587,0.42165266322287953,0.14201623128594892,0.11031936143507402,0.01843103648022751,02010022
45,900.0,600.2361378413758,0.2770869356638394,0.04883275083787158,0.39776032264592365,0.3777457167730353,0.10629467597145924,0.10639765930153475,0.011801625308047207,02010022
46,920.0,1185.9651921706507,0.3368689460316156,0.03062931574950676,0.43442336379898977,0.37554258024092974,0.08316751816182384,0.10235400790844994,0.004512529889806772,02010022
47,940.0,691.0724969289339,0.21071716479629984,0.05208946978442115,0.49883388874666756,0.3391376843929312,0.07978267015553762,0.07529002020564715,0.006955736499216593,02010022
48,960.0,832.4144437802859,0.2725775565700317,0.058742064038926706,0.39121216407901555,0.35294383896712955,0.11520227624275779,0.13124661400790352,0.009395106703193658,02010022
49,980.0,654.3706053480914,0.3212252736557413,0.04507009445928313,0.4353342699398528,0.366761412331089,0.10020586894986046,0.08840790996710057,0.009290538812097161,02010022
50,1000.0,701.336588800871,0.321554707392223,0.07638960634893763,0.3697353898799818,0.28745026506727506,0.15705266724882738,0.16874822423552,0.01701345356839585,02010022
51,1020.0,665.0839753754648,0.33517668516121063,0.05233977059411473,0.48020694485360577,0.24278248097786373,0.14247281093612488,0.11935169592089946,0.015186067311506273,02010022
52,1040.0,730.0292382745879,0.26739038015079575,0.07232884282193934,0.3112668900845265,0.3102924137155709,0.18858284847665213,0.1755692114449314,0.014288636278319205,02010022
53,1060.0,767.6268971780286,0.26576587827080733,0.06018416656501555,0.38174452315945917,0.2493793980839121,0.21576883628709448,0.14011829323050842,0.012988949239025716,02010022
54,1080.0,702.1552501522124,0.16812313416678848,0.05686487638317324,0.24648048796441008,0.3034077262008034,0.30937350132614094,0.13039391652731303,0.01034436798133244,02010022
55,1100.0,564.2279360502255,0.21510822932911539,0.05484471333377531,0.2912958733747651,0.33729458533248907,0.23298253989526851,0.12636041698366973,0.012066584413807617,02010022
56,1120.0,659.8290085133651,0.4233744129493254,0.039505237815985014,0.5376947016399078,0.23883489610081593,0.11898511459332298,0.09669087593933941,0.007794411726613908,02010022
57,1140.0,575.0972471561344,0.273981944666906,0.05925411247018219,0.35824409745659846,0.29354681037379543,0.2004297585184596,0.13580974512113966,0.01196958853000678,02010022
58,1160.0,678.1705796390181,0.242896852228643,0.09762530001452228,0.3086511455074946,0.2945545885094509,0.16532266157190495,0.20905012683422813,0.02242147757692149,02010022
59,1180.0,700.0314392661338,0.42021400676575343,0.05345361608812205,0.5119109610831257,0.24427578316180756,0.1182946018928433,0.11718330213369989,0.00833535172852368,02010022
0,0.0,1776.5261432764682,0.20307567007115235,0.016570123213999744,0.30917580808183287,0.3882511365487771,0.25333734673230746,0.045117415254070016,0.00411829338301259,02010024
1,20.0,1645.2638476063826,0.17813431758412404,0.0166462710786673,0.34204750816684404,0.3631878803427655,0.25208123223999407,0.03817761002518142,0.004505769225214842,02010024
2,40.0,1502.0665798547689,0.1304429409523425,0.017423974418322375,0.27659359677854767,0.3948612872110296,0.2828077030988786,0.04167422839353635,0.004063184518007717,02010024
3,60.0,2020.1916470931562,0.22229825349684063,0.013343654596029257,0.34450747519843117,0.36250198295759567,0.2582640772036101,0.03070509086815198,0.004021373772211035,02010024
4,80.0,1452.483750930405,0.13395841215604545,0.016666830581224295,0.2572065430635035,0.2898442401120869,0.4101497488005226,0.03872350961439382,0.004075958409493092,02010024
5,100.0,2070.0353231978297,0.13290920100329776,0.011873452046220586,0.29411086865122454,0.39123217565812596,0.276666115354761,0.03568100758136677,0.0023098327545217367,02010024
6,120.0,1688.6731246488932,0.12056976614434706,0.019961440434160937,0.25068616113989217,0.3292966711963027,0.3796445806269448,0.03372329824146267,0.006649288795397537,02010024
7,140.0,1610.1373490894446,0.1320037773903922,0.02420056961076169,0.22674797054671905,0.43122333723995815,0.2852960180806814,0.05239313454718948,0.0043395395854518275,02010024
8,160.0,1753.2332844525852,0.1701332603444269,0.02585394048253572,0.2583483714171748,0.3710564614110584,0.29974025855638614,0.0639899291000073,0.006864979515373296,02010024
9,180.0,1686.4646186463099,0.12059814252653234,0.024101373106512853,0.27226103845152705,0.31228036512214064,0.35605964011592317,0.05503658134195145,0.004362374968457636,02010024
10,200.0,1622.648929103414,0.13377618600363217,0.021126739387849012,0.2193526564195473,0.3860116365746216,0.3387053781376544,0.0516560152183814,0.004274313649795353,02010024
11,220.0,1815.9564786592891,0.17321336379457306,0.022911159323782876,0.3569764222646416,0.2989850753880271,0.27881757312449157,0.059818600142379,0.005402329080460798,02010024
12,240.0,1239.4286518753706,0.13320015032366364,0.030183824156569262,0.27416210104058897,0.3364501520911963,0.3018293597644931,0.08032382120436904,0.007234565899352629,02010024
13,260.0,2235.3952907473204,0.2475873993854604,0.02090971477554855,0.42544927129671295,0.28280143859489315,0.22705181025007629,0.05968734384066491,0.005010136017652673,02010024
14,280.0,1195.160089891984,0.21800597356594148,0.024451407006409125,0.397874679190327,0.3348981494141101,0.21097395694910423,0.04867589967698387,0.0075773147694746966,02010024
15,300.0,1062.4155931656094,0.1258258390940253,0.031570073129512106,0.3147789526685971,0.3326944348119738,0.2816726488909561,0.06153466634825496,0.00931929728021815,02010024
16,320.0,988.060358328604,0.15229260833995797,0.028719379461828017,0.29440585684936277,0.3807848316748844,0.26085115039166595,0.05602056560787034,0.007937595476216535,02010024
17,340.0,947.7111203936563,0.12532179689856196,0.039530421219382716,0.20650409652678176,0.41127481731478777,0.2997304897329904,0.07192850810196452,0.010562088323475417,02010024
18,360.0,904.943096097398,0.13099548284228046,0.05298331294103826,0.21107112163701122,0.3280499874156636,0.34713254658665593,0.1003716163607338,0.0133747279999354,02010024
19,380.0,998.3578497778739,0.2109798624030442,0.03800392801502835,0.31169078550031787,0.33084559975168154,0.27017737623157795,0.07630612064785787,0.010980117868564817,02010024
20,400.0,965.9681106740779,0.09011883162907405,0.04563052231133583,0.2685324982524739,0.39087656125372955,0.23648223471690924,0.09117920590886747,0.01292949986801983,02010024
21,420.0,934.3080685274496,0.13782725184995115,0.043384046609162154,0.24719388283234742,0.3989934068788837,0.2724041937688391,0.06600037911711487,0.015408137402815028,02010024
22,440.0,806.0703873941535,0.1263291588162793,0.05151073754880945,0.2506851959409542,0.42118777997525264,0.22277733374569866,0.09000470158013639,0.015344988757958143,02010024
23,460.0,815.1548989653855,0.2245034739114162,0.048270089193168476,0.3488866794267263,0.31662942291384644,0.2383355137883628,0.08129117546146743,0.01485720840959704,02010024
24,480.0,937.4243254134235,0.15261730046106223,0.03966426295369936,0.25708806825160396,0.34743141843100106,0.31437785916103184,0.06788729743497139,0.013215356721391652,02010024
25,500.0,919.8202913092307,0.16687892567959425,0.03912483834478331,0.28366016755783285,0.3074784647211981,0.3273585920839119,0.06976012326812409,0.011742652368933168,02010024
26,520.0,863.3757069628978,0.2087916849085098,0.0479760696451496,0.29783842706899366,0.3416419937877943,0.27114026579001077,0.0758709168299629,0.013508396523238497,02010024
27,540.0,942.6029154324973,0.28485736715403814,0.042516928030569674,0.40340860849411375,0.32536510364909765,0.18647582845619667,0.07193228481640708,0.012818174584184753,02010024
28,560.0,789.7520128022518,0.10671366105098322,0.06689483578649726,0.21601937579659497,0.39350204164825603,0.24713038837824206,0.1236052641306617,0.019742930046245243,02010024
29,580.0,957.4676911553331,0.1814845690544615,0.0458663029661093,0.3047306654687028,0.347418181688186,0.25633296001506184,0.08035646719643659,0.011161725631612676,02010024
30,600.0,704.494091615623,0.20844290396178802,0.06914616463148525,0.31718948601108143,0.36167053036061625,0.20726052463955227,0.09431642829029724,0.019563030698452763,02010024
31,620.0,695.3784151924265,0.20483882343341733,0.06758886305256931,0.3190533973796937,0.3774293303278185,0.18294441408548154,0.09964402799557553,0.020928830211430726,02010024
32,640.0,708.5977283696899,0.1791363320553274,0.07342475567831278,0.2494184934141818,0.39435139471280917,0.21835883967010333,0.11830043632110464,0.01957083588180109,02010024
33,660.0,882.1357960869227,0.24330563605051783,0.061862408567121045,0.31482021595139,0.35848295980604794,0.22271107147452054,0.08621221379746907,0.01777353897057255,02010024
34,680.0,1321.024574793678,0.22791366402484547,0.05228685384385227,0.5279620423273023,0.24987332902615064,0.12247639797685886,0.0840962670440062,0.015591963625682102,02010024
35,700.0,871.1937500396654,0.25806632120216394,0.07311127656575227,0.3778068772682225,0.29042110050305925,0.1929465082013982,0.11910802790061645,0.019717486126703654,02010024
36,720.0,720.9585480216184,0.2545449247218027,0.0710234559373699,0.33659931514644736,0.34095381464557206,0.18720302086127394,0.11526107318481413,0.019982776161892434,02010024
37,740.0,651.640573924261,0.14707824144207798,0.1067381486944398,0.23853739845447647,0.35707457237047885,0.21808444999463114,0.15854228254746433,0.027761296632949232,02010024
38,760.0,712.7127541804248,0.1895657833058092,0.093582735646183,0.2669338072660197,0.3658869934877079,0.189864531344132,0.15302579558260962,0.024288872319530704,02010024
39,780.0,932.3213328963908,0.4441791033248535,0.05546079330431096,0.49844169390841686,0.24179375594713548,0.15315662150038672,0.09354602135568328,0.013061907288377654,02010024
40,800.0,1286.1432115389512,0.30119662617929416,0.06576018829398764,0.4278795638951994,0.28112919585488677,0.16788314733857868,0.10775682715359199,0.015351265757743178,02010024
41,820.0,2258.8936504242342,0.21568882557877714,0.05539893687855875,0.4504154885641057,0.2785310897001249,0.15653949682372625,0.10427068629185535,0.010243238620187873,02010024
42,840.0,1476.3215159491335,0.3795870155984674,0.029603415122987232,0.5294999206737419,0.29289854064017057,0.10599496571501581,0.06470888437825979,0.006897688592811821,02010024
43,860.0,2314.8240519826036,0.24999314978427312,0.2922843213555095,0.37079215669755167,0.19283983160485452,0.13262941676629295,0.15636447803519252,0.14737411689610844,02010024
44,880.0,685.9539994646749,0.19642813423170313,0.08714097871396365,0.3106798081361178,0.2830591903926028,0.21734391016895696,0.15997304948404006,0.028944041818282452,02010024
45,900.0,767.7678761695726,0.2387662393581773,0.07615641723304516,0.352923686578831,0.27708042720599324,0.21557159352811572,0.13147786258864072,0.022946430098419335,02010024
46,920.0,922.7061138058324,0.28924254714019193,0.05754908086062931,0.39172646312738985,0.2892460237423948,0.20088246933325726,0.10171510627029023,0.016429937526667826,02010024
47,940.0,2118.0500596882243,0.23881592719944764,0.03808856545770666,0.44159151359670673,0.26316578691332904,0.17625907362140666,0.10979424478516653,0.009189381083390886,02010024
48,960.0,880.6149646252825,0.18685273503560834,0.04233719487776673,0.37330898314582706,0.25916618106439826,0.25478845499701686,0.0959421480069661,0.016794232785791716,02010024
49,980.0,712.3628261130171,0.15734054122804444,0.058618278002257274,0.23415561936200588,0.3391168223624123,0.3033972276993701,0.10198707228700161,0.021343258289209993,02010024
50,1000.0,516.6418999258226,0.3117063716187954,0.09360886342425662,0.37231334120758014,0.23020645161629197,0.2247013598992411,0.13998981688652062,0.0327890303903662,02010024
51,1020.0,599.5073953829406,0.3887115837634574,0.08287462332387324,0.4332119986574854,0.19376232847343056,0.2071134511946889,0.143012577820954,0.022899643853441176,02010024
52,1040.0,521.1493509149648,0.2587552363344782,0.1207171000956695,0.2925966572564023,0.24149487295465566,0.26806719571932014,0.16237188288212692,0.03546939118749505,02010024
53,1060.0,1149.122559487847,0.16197011101684378,0.06666149857892935,0.24122922206911931,0.3977805218070821,0.22263266999488313,0.11990781113814719,0.018449774990768258,02010024
54,1080.0,870.712893747002,0.2038866498111582,0.055281461949232426,0.2621851193933257,0.3186855246900105,0.30913512251662795,0.09303714723623313,0.01695708616380268,02010024
55,1100.0,895.1127376763067,0.22991169467196348,0.060080184878327385,0.29155742790618955,0.35481572688925933,0.25328409507016114,0.08354174705509158,0.016801003079298434,02010024
56,1120.0,1022.3711838962314,0.37533337980114473,0.04769008821497775,0.4393565878651032,0.24849827907380576,0.21361327164678875,0.0848275738576633,0.013704287556639048,02010024
57,1140.0,881.8007817886571,0.19729652441164083,0.05315188528670421,0.27679624861125063,0.33691528963107187,0.2886604580656616,0.0833746683553004,0.01425333533671542,02010024
58,1160.0,879.1727271608366,0.40515443532980033,0.06724629054849013,0.5124493464946578,0.18411727603946115,0.17653207115679087,0.11127481097794088,0.015626495331149334,02010024
59,1180.0,619.5436003333726,0.40400098014838365,0.07641972836721432,0.4809260824922522,0.2001399120213261,0.16260664706348998,0.13625512836241688,0.020072230060514996,02010024
0,0.0,1489.1652120327676,0.6860757387541464,0.010081809797625374,0.7781755991072207,0.15352070455210298,0.04072915894949857,0.025048645571215732,0.0025258918199619787,02010025
1,20.0,627.0645041634788,0.43575385459300725,0.03991306677857103,0.5225041802227948,0.23368735835178336,0.14848206595767174,0.08275984488719332,0.01256655058055667,02010025
2,40.0,1573.1725149028512,0.39465004688276645,0.045964326755796855,0.44663964420696495,0.2575722588859759,0.17507572731522664,0.10748100786546434,0.013231361726368159,02010025
3,60.0,1209.6987460414996,0.5004051746834786,0.05366311841668109,0.5424248342369329,0.1456533237165779,0.18291705742458486,0.11472004161652789,0.014284743005376476,02010025
4,80.0,4862.899671600968,0.6805313557423285,0.002127743694083487,0.9026414258070041,0.0811954056029479,0.010395658507432536,0.00454417891345684,0.0012233311691586804,02010025
5,100.0,476.07942854018415,0.355176596539045,0.05292534072964663,0.44250586358416866,0.1738903894861971,0.24443572200878141,0.12217719970696145,0.01699082521389138,02010025
6,120.0,565.0226574402978,0.3571155987832479,0.06263131692907738,0.4241748166783801,0.22316491192298016,0.19763211253712543,0.13652821827952955,0.018499940581984772,02010025
7,140.0,454.96398923587304,0.3851216567415209,0.0569207562092506,0.43219231346516823,0.18122524783163227,0.2551983035321007,0.1124278874499826,0.01895624772111612,02010025
8,160.0,804.2361370399778,0.557737247440368,0.017557166477489314,0.649766642470722,0.16805016065184616,0.13150185399252215,0.04493651012972464,0.005744832755185025,02010025
9,180.0,8680.52675606601,0.9417724149945449,0.0007632665308318509,0.9738463358419693,0.019269969945885656,0.004053151096590412,0.002675785196978672,0.0001547579185758873,02010025
10,200.0,1288.5250799068838,0.5565923006718236,0.03150946252148185,0.6227970805071804,0.1302418411092403,0.17291495378926788,0.06562044012419423,0.008425684470117122,02010025
11,220.0,795.2913817407402,0.7979190651230417,0.014969740946096766,0.8317455468146931,0.051535254817039584,0.07785501844733043,0.03413592121508655,0.004728258705850263,02010025
12,240.0,4142.785286445291,0.8695452656729685,0.0036637437176326136,0.900131830736509,0.07179256580457521,0.018845261906767555,0.008477002899058741,0.0007533386530893348,02010025
13,260.0,381.41876452157607,0.2861127978892838,0.07447351768466878,0.3408708684315984,0.13283385404676523,0.3450195685099102,0.16059247375757202,0.020683235254154025,02010025
14,280.0,388.52504483861134,0.3358426585743459,0.07464948900461271,0.4378026735977613,0.17784611701803413,0.2147939289973417,0.15011654364993995,0.01944073673692289,02010025
15,300.0,375.0289820611784,0.31768610718534096,0.06789824921765819,0.37225882211932293,0.19765695998504712,0.26744899584751913,0.1417829385633428,0.02085228348476805,02010025
16,320.0,666.0233286482693,0.7140470745152268,0.024656858586799713,0.7473534975118673,0.11971883513002297,0.07498786314951976,0.05229021982254325,0.005649584386046673,02010025
17,340.0,1318.9548638574113,0.8379357551704999,0.010409252123382768,0.8953655660095883,0.03805468855465264,0.04222935854805112,0.021865797525315558,0.0024845893623924088,02010025
18,360.0,19159.012635905096,1.0202726032467437,3.0735189837623536e-05,0.9937101577004234,0.0058513422679068,0.0003466404990299924,8.551675826386462e-05,6.342774376046542e-06,02010025
19,380.0,1415.0250218877354,0.3105240187039787,0.07964717898708919,0.34735023949490074,0.20340349395299778,0.20580138399507875,0.233296084985387,0.010148797571635814,02010025
20,400.0,422.7264041340832,0.36218084671023953,0.1071573783095456,0.41277892754661716,0.11092121487997843,0.2587204405897407,0.17600315630168106,0.04157626068198257,02010025
21,420.0,429.4075004987314,0.4331354604884407,0.05364544545759988,0.48759145192194275,0.13471916313325405,0.2530592367753087,0.1096608284661009,0.014969319703393618,02010025
22,440.0,3374.790417430992,0.9282853583219475,0.0014533941341759009,0.9536287268281753,0.03076935703286928,0.011404596665863787,0.003931985083236342,0.0002653343898552428,02010025
23,460.0,2506.9955477781255,0.9869075238680353,0.0019170015583196917,0.9651385524334236,0.02095015634890114,0.008795172856437107,0.004695060096990128,0.0004210582642478659,02010025
24,480.0,487.9458370338039,0.4922531428134038,0.056247952768323284,0.5642957927662876,0.12271026179494393,0.19423094873295246,0.10577028215035651,0.012992714555459556,02010025
25,500.0,446.76210486155105,0.29976524819663114,0.06171325919634459,0.38064343318436755,0.14837964949115642,0.34493494966441385,0.10981195815449378,0.01623000950556841,02010025
26,520.0,345.1104595263503,0.32955101305969353,0.0813431198128238,0.4099535679963709,0.18513475956679734,0.21099300063417317,0.17227122452235974,0.021647447280298836,02010025
27,540.0,358.87821462390605,0.3049308759756285,0.07943354373853652,0.39963259390595673,0.22634534337041146,0.19233683744595514,0.16175526619859218,0.019929959079084594,02010025
28,560.0,359.533241115826,0.3058947976556939,0.07245886946323295,0.34031968700553333,0.18793833857933007,0.29103119956082374,0.16037667175210507,0.02033410310220783,02010025
29,580.0,339.5868090124154,0.32347058956808367,0.09081156372268173,0.40864117798279703,0.15745547985387234,0.23077264268130485,0.18025797184760387,0.022872727634421986,02010025
30,600.0,378.2487185972722,0.23119091332606512,0.126661936390146,0.255297277218928,0.1409616505148317,0.37134314944919605,0.1956786884022538,0.0367192344147906,02010025
31,620.0,330.76420977022104,0.1147706006338715,0.09365627206668642,0.17160303883671693,0.17954515273064167,0.43865324039077586,0.1863608395534264,0.023837728488439274,02010025
32,640.0,658.2859038707919,0.297190091970118,0.08479801808923317,0.4622148394816717,0.2115420372720234,0.14699249246924107,0.16729740334442952,0.011953227432634408,02010025
33,660.0,309.74838131303903,0.27053503311601707,0.10613300800835222,0.38524005006620715,0.2519591444039327,0.13694783879545155,0.20230953082891084,0.02354343590549778,02010025
34,680.0,330.2547293744391,0.19345843092385837,0.10762194854773642,0.2337049521292026,0.15021010280214164,0.3832169112521769,0.2062600015135674,0.026608032302911488,02010025
35,700.0,324.257439327175,0.28816394642349663,0.09430665423401863,0.3563560563769998,0.21986892095861624,0.2131325781094647,0.18950026239322915,0.021142182161690167,02010025
36,720.0,541.885158040139,0.6824184960465857,0.035065342188351965,0.738297038027925,0.09670598333772752,0.08002667785576917,0.07649736656915186,0.00847293420942638,02010025
37,740.0,62844.497380200046,0.9378966608547075,0.00048620868648059667,0.9331881257632793,0.0566789148976555,0.007570876676997018,0.002498430971769596,6.365169029877782e-05,02010025
38,760.0,17558.044405985347,0.9569882919316314,0.00018502200782498024,0.9696844032109381,0.02672954498419959,0.002839643730302627,0.0007159539444004663,3.0454130159229047e-05,02010025
39,780.0,17453.285062299765,0.9434053749947845,0.00013747401795648838,0.9797727786751274,0.01847133147409282,0.0012395218141763528,0.0004908503963293539,2.551764027415757e-05,02010025
40,800.0,1778.4515328436712,0.7047801069713099,0.008576015465789651,0.8974484239610717,0.05976823167898102,0.024203620282195644,0.016740207972720366,0.0018395161050312981,02010025
41,820.0,666.8871642044043,0.6006585847488985,0.023490721436811753,0.6003608317300652,0.11134569494068546,0.237466054330105,0.04336353688928876,0.007463882109855645,02010025
42,840.0,359.73729275806073,0.3776839439277825,0.08983457738784369,0.4114471235205216,0.13273047042414537,0.27043963527715087,0.16013420267428394,0.025248568103898215,02010025
43,860.0,367.0004155113185,0.21782938016805203,0.08331303075179902,0.2392808139378296,0.13406944875819732,0.4583617595241717,0.14627725599461722,0.022010721785184106,02010025
44,880.0,343.8121753092053,0.20904469739776163,0.08667196232451345,0.2438074226165638,0.12365403651489984,0.4616495039971392,0.1480783829186576,0.022810653952739547,02010025
45,900.0,323.6127521300301,0.4200954338249358,0.10304128029183737,0.4289389924109595,0.11862690565971068,0.2494114940371073,0.17463652363088156,0.028386084261340986,02010025
46,920.0,382.49618606287754,0.3371867926383969,0.07742427527754205,0.41510606668291966,0.11459588816086813,0.3141021185680963,0.13548640855861852,0.02070951802949743,02010025
47,940.0,489.2226902474965,0.3608800694874025,0.04831355837976427,0.41977432716271873,0.14307893874724478,0.3320415902839381,0.09324270088537706,0.011862442920721299,02010025
48,960.0,395.6013751324296,0.4778658052032521,0.06692265892832085,0.49895818230137295,0.11791883704698847,0.24249619683323118,0.12541391681838854,0.015212867000018818,02010025
49,980.0,1761.0757514714549,0.8300156847765784,0.008826928934893653,0.8577950013191482,0.08828182751024607,0.030204326641176914,0.02125167113752308,0.002467173391905778,02010025
50,1000.0,2049.807729759501,0.9001887828618443,0.00969865456728977,0.8862337686952864,0.03829118925988525,0.05355968710036727,0.019298450769741852,0.002616904174719227,02010025
51,1020.0,344.5439933716844,0.2405143241736271,0.0894344729175392,0.2924968182375907,0.1055674128153394,0.4083339390271118,0.1726072895563678,0.020994540363590324,02010025
52,1040.0,334.22492762594163,0.24064420184786675,0.09965426325924631,0.2776155482507773,0.1148137241270663,0.423835134996258,0.15856674751039374,0.025168845115504723,02010025
53,1060.0,346.10943623034836,0.1358655873435028,0.09261771526179215,0.16093080178439897,0.1468788979828098,0.49183560673146287,0.1725188274849036,0.027835866016424887,02010025
54,1080.0,382.83936720351556,0.2288395782014141,0.07856408500529564,0.2663714240030023,0.13910405557150463,0.41458913709142675,0.15629261584466278,0.02364276748940357,02010025
55,1100.0,343.57172381348545,0.1801422591037295,0.08482958580610152,0.23548570462671428,0.15305881273653368,0.4159490334989178,0.16904196627571766,0.026464482862116546,02010025
56,1120.0,466.3934648074835,0.4674781446944872,0.06441440347090027,0.5026474133299492,0.12635962068287893,0.23817426400132582,0.11481501867189799,0.018003683313948228,02010025
57,1140.0,858.8101848632522,0.7862762920427127,0.02735807732978804,0.802387437062368,0.05719085128232912,0.0914291022061232,0.04230869538093592,0.006683914068243643,02010025
58,1160.0,444.5010856742196,0.6225855141428391,0.07041535842123198,0.6285629561128712,0.08772916180425401,0.15308603299984297,0.1134264434731468,0.017195405609884997,02010025
59,1180.0,344.93045518238023,0.26953334463316353,0.084229094916586,0.3063526826620181,0.14230278296121937,0.3688267859322558,0.1577918237504829,0.024725924694023817,02010025
60,1200.0,401.4449471924657,0.3928849983666662,0.07072889180340924,0.4319880777693725,0.1138140111478799,0.31109205388573785,0.12217869233827043,0.02092716485873919,02010025
0,0.0,815.5917641364308,0.6162926248252684,0.035767370672903503,0.7326446892486035,0.10793635031685227,0.09044425541347462,0.05588535228092599,0.013089352740143655,02010026
1,20.0,740.6938166686867,0.5644988406768265,0.03152445813789179,0.6446321445637528,0.14737978122025913,0.13908746082677523,0.05848644136187241,0.010414172027340244,02010026
2,40.0,738.4580611779304,0.5589431687291785,0.04413002218494526,0.6511398099593736,0.12907647584853435,0.11720219747769119,0.08646124382300387,0.01612027289139705,02010026
3,60.0,505.758296596892,0.34488943987285725,0.08695198692648862,0.42327129801229857,0.17378017928550965,0.24535364225475298,0.1176057598104972,0.039989120636941725,02010026
4,80.0,456.93210324194257,0.2259839100955591,0.09203424616754649,0.2743039900916831,0.15403803952266115,0.3775349297635933,0.15927277466137663,0.03485026596068568,02010026
5,100.0,462.3885393000354,0.3461346656134174,0.07671700134150915,0.3518464004542517,0.1969625881109838,0.28793980915705814,0.13850161245604078,0.024749589821665488,02010026
6,120.0,618.3294870951845,0.633581714768393,0.05466889254824827,0.6705487963888461,0.08075904788113752,0.14323687789788764,0.08825564977695327,0.017199628055175484,02010026
7,140.0,558.4925283268834,0.6275578444626284,0.05269838400076438,0.6711532787956359,0.07135584395063065,0.16260159573162847,0.0808685004984078,0.014020781023697039,02010026
8,160.0,628.6705980426312,0.44559224725287594,0.12577676289239503,0.4934906899869427,0.1264009421742243,0.1780328353089288,0.1545227603096108,0.047552772220293575,02010026
9,180.0,562.1258952956878,0.46086021700803664,0.07085027090107451,0.5656153787493673,0.13046793486408473,0.17051972864042078,0.1077498461427588,0.02564711160336836,02010026
10,200.0,503.86412716394534,0.437707029418222,0.04618579992293803,0.5293532231654011,0.11443822431572345,0.2543626082549426,0.08966715668539563,0.012178787578537239,02010026
11,220.0,560.534991819185,0.5005659364059161,0.03666325294521046,0.5839532979233839,0.12444759510180703,0.20681938047107795,0.07372763126754285,0.01105209523618833,02010026
12,240.0,426.60430800311826,0.4559771239568377,0.05693712648202926,0.5397364750314338,0.10779225611943301,0.23276408837314294,0.10435772278597895,0.015349457690011241,02010026
13,260.0,482.9431672505471,0.47272316117270996,0.06324372299559264,0.5103668083189561,0.10862235758635894,0.2629536012912738,0.10065005594035067,0.01740717686306053,02010026
14,280.0,487.70015990634977,0.45456211276045205,0.050087585011278433,0.5140573502804459,0.12790344211417493,0.24667687729612622,0.09738921566854715,0.013973114640705839,02010026
15,300.0,405.21278839740336,0.4117899791324926,0.06451734221668869,0.4272220113907808,0.13564206739529094,0.30176548920731294,0.11954131669104874,0.015829115315566623,02010026
16,320.0,403.7228627874958,0.31250406021731486,0.07034228285397058,0.35472029997253324,0.15608186158132523,0.33815169138849144,0.1325797461609768,0.018466400896673247,02010026
17,340.0,430.64400871369725,0.4089168147571968,0.06238638588988665,0.4581448687172117,0.14566839826238334,0.2796718628528388,0.10064894602517657,0.01586592414238962,02010026
18,360.0,386.20334535317807,0.30191235765465885,0.06949840872164322,0.38901331247751003,0.15232836300135663,0.32754028842258165,0.11153607323006241,0.019581962868489348,02010026
19,380.0,437.9583002295599,0.35472343487679037,0.058053595637815446,0.4217262286023998,0.14888506888456304,0.3186176332938331,0.09731730722519065,0.013453761994013335,02010026
20,400.0,467.63008647883083,0.27803531492776906,0.05874791826044037,0.35067970592875963,0.1500617835600362,0.3716006188905311,0.11219946019516583,0.015458431425507329,02010026
21,420.0,420.73192548623297,0.3011410506607181,0.07036736824252882,0.35411860157943525,0.17271391361352348,0.3396953164197282,0.11845844606639351,0.015013722320919439,02010026
22,440.0,575.8669945380826,0.44321815054581265,0.040075690688551886,0.49868387775941314,0.14767604100905687,0.26400539946039386,0.07691626582605877,0.012718415945077412,02010026
23,460.0,432.61707389672364,0.23523000308885994,0.08267686163380052,0.28593424875246753,0.14085929419380525,0.39516478889226014,0.15155304564840372,0.026488622513063373,02010026
24,480.0,663.8793520949358,0.1798686980194522,0.19000610555524786,0.21453811859857114,0.1252828485571734,0.3239467642464441,0.29957901051555813,0.036653258082253205,02010026
25,500.0,508.724300503896,0.44891401327656083,0.05782994275265947,0.49383670383479733,0.1041311209930719,0.29535477125925613,0.08798013739148548,0.018697266521389203,02010026
26,520.0,575.9727289461251,0.5740470339001194,0.045000518385206544,0.6185011995094938,0.07934417243921896,0.21066224279133183,0.07776272679832599,0.013729658461629489,02010026
27,540.0,943.6437137604412,0.6194529744492172,0.05578999950825503,0.7003095258072438,0.08375167988436977,0.07460709266583482,0.11515574199552406,0.02617595964702756,02010026
28,560.0,483.9292813477245,0.4662932969146782,0.06574931194446361,0.5305351042288734,0.10420233696866318,0.23726994446575428,0.11253804237185752,0.01545457196485164,02010026
29,580.0,480.4421734854545,0.42182481553616524,0.05407918962931151,0.49295226088254473,0.09911318111096426,0.2862606722090563,0.10753977958006519,0.014134106217369548,02010026
30,600.0,602.1421095126582,0.6032835567178112,0.03522059183875338,0.6603652028306501,0.08318078470946534,0.1842342578950029,0.0643604289525911,0.007859325612290498,02010026
31,620.0,449.46038930797664,0.37266180996971354,0.05836726311897514,0.4124340751589588,0.13854960167289976,0.3149202235611042,0.11950737888432084,0.014588720722716489,02010026
32,640.0,892.5881249385017,0.6003748701040617,0.05534660157804414,0.7415649831003939,0.13290765343424013,0.05349594554436769,0.053889769548978915,0.01814164837201936,02010026
33,660.0,539.835590230984,0.5575569018002585,0.04257519666825344,0.608669516687726,0.1121420203879971,0.1948204573397759,0.07327455575638601,0.011093449828115005,02010026
34,680.0,556.7509996937655,0.6020569135697574,0.053180496889875306,0.6453844750788721,0.08474297489457665,0.18121931528417298,0.07266424647073519,0.015988988271643117,02010026
35,700.0,501.4964629810167,0.42428826508454764,0.0491507880986848,0.48555692834560193,0.11883611344672518,0.29469209157595383,0.08884560643529162,0.0120692601964275,02010026
36,720.0,444.8701525948792,0.2508001899866175,0.05616815233598958,0.26872321758275836,0.16414410036995478,0.41420265347370355,0.1406891441851326,0.012240884388450828,02010026
37,740.0,467.1121353882701,0.4948950261075861,0.04129410509380496,0.539166763660134,0.13243298318293387,0.21102159415380786,0.10904310291889378,0.008335556084230545,02010026
38,760.0,453.63719647565154,0.3377448747147122,0.05864714877065953,0.39240264181166185,0.14916663030141925,0.333576779704031,0.10937653049590886,0.015477417686979087,02010026
39,780.0,428.67482174245794,0.2597063873238272,0.06666958179627729,0.30182502912928894,0.24518964794642673,0.31864004789729705,0.1159231546436787,0.018422120383308503,02010026
40,800.0,464.57655649828394,0.3204503977034841,0.06410135986092605,0.3848133258633582,0.1777763842279987,0.3103501583227708,0.11088524500465596,0.016174886581216397,02010026
41,820.0,429.8491368097704,0.1840998504466651,0.050877789960507146,0.24792764912338242,0.16547880572273233,0.45673449665848137,0.11784844228380106,0.01201060621160266,02010026
42,840.0,399.4283121684591,0.2605904254072052,0.05084932965949166,0.3109298518012495,0.16772037933337275,0.38158326221370503,0.1271440018380164,0.01262250481365624,02010026
43,860.0,395.85552622478804,0.29554617262066957,0.06557793189345648,0.33958994335230913,0.15922786309875508,0.35926732199319467,0.12961707578488604,0.012297795770855052,02010026
44,880.0,403.6297812818887,0.2720311135615013,0.05886649202814669,0.33659560178351267,0.15606516898784908,0.3900294746290791,0.10259988355568542,0.014709871043873808,02010026
45,900.0,396.7871067547434,0.2371567575148933,0.058482428276207025,0.3222739878515245,0.19872683519721415,0.342478707179541,0.12311484776122737,0.013405622010492937,02010026
46,920.0,468.5106985011749,0.2907981833160732,0.05982895785594495,0.3437707696109493,0.16196747218318508,0.3510408485955625,0.12901004269144686,0.014210866918856238,02010026
47,940.0,397.6347376343638,0.20667196726307696,0.06908657915643047,0.25229652432402416,0.18168849874268334,0.3732081651335313,0.17815776365786326,0.014649048141897906,02010026
48,960.0,401.5131929679292,0.22289177299402896,0.06814908104673059,0.291046762588802,0.18809573503193053,0.354371015244874,0.15401787361579866,0.012468613518594842,02010026
49,980.0,376.9447874443686,0.2758433724827318,0.08308240554890317,0.30283533715384003,0.22475105735277387,0.282520150032632,0.17124980857617672,0.018643646884577307,02010026
50,1000.0,438.72185902384194,0.19583540519230833,0.06302670203455975,0.2653945714878681,0.2597189491683347,0.3359184915414033,0.12458875378782215,0.014379234014571756,02010026
51,1020.0,504.5153110648866,0.2744937224897559,0.11301545655475644,0.31285713826082895,0.19004501748650418,0.30969110668731725,0.14870897511983802,0.03869776244551159,02010026
52,1040.0,448.4657870009073,0.3728365490335946,0.09038201761555412,0.37449416668937446,0.12771116619443826,0.31061186513895084,0.1556851249880904,0.03149767698914596,02010026
53,1060.0,443.45211882248094,0.403243526766466,0.057455895556162255,0.4442412481725771,0.14888570558141556,0.27323599684378963,0.11840852139900623,0.015228528003211377,02010026
54,1080.0,450.5254180527467,0.4166178054474971,0.059045428589259,0.47247046380470853,0.128720838965063,0.2625560696584691,0.12239078286753984,0.01386184470421942,02010026
55,1100.0,419.7935848615692,0.20187566614105967,0.058462142401571084,0.25922180949370266,0.17284379999513033,0.4162935842121202,0.1376537402143753,0.013987066084671613,02010026
56,1120.0,477.7806625972501,0.3844125967278318,0.08527360959850261,0.43507592759411867,0.13532832185853788,0.25241173550257257,0.15456206937160943,0.02262194567316147,02010026
57,1140.0,494.80307576443374,0.237970959485244,0.06921115834250605,0.2683467286526342,0.12992805393953005,0.4500250385474733,0.13030858388681127,0.021391594973551187,02010026
58,1160.0,467.0299549611446,0.3787170878229101,0.06597604229808182,0.4235751373750707,0.17255833979825638,0.2691610354871478,0.11774535702626665,0.016960130313258343,02010026
59,1180.0,452.853566015946,0.17442671284309105,0.0771384090897898,0.2258948543682696,0.18903744495638788,0.40447680253424295,0.1621043040418516,0.01848659409924796,02010026
60,1200.0,418.16288634494657,0.26510354601052016,0.08259333124692272,0.32857207083343987,0.15346233165316672,0.343815560991928,0.14975175672479607,0.02439827979666927,02010026
61,1220.0,446.65190859063046,0.3204468059230729,0.07568497515571154,0.3497128207097738,0.12957539254526382,0.3546476131780718,0.145922096715098,0.02014207685179254,02010026
0,0.0,1511.4835103570126,0.5463825227976645,0.1165955011344341,0.6714220818951671,0.11831699171824736,0.05724551370537122,0.09371667465127023,0.05929873802994427,02010030
1,20.0,1469.7774015548027,0.797056023874431,0.0910896386070908,0.8004641096053715,0.04560894274946257,0.03898198058625136,0.06466466395071727,0.05028030310819724,02010030
2,40.0,918.1841141289499,0.7398397791667948,0.03169638202005799,0.7887423278018789,0.07986240634828157,0.07867692728318486,0.04395355192638929,0.008764786640265414,02010030
3,60.0,628.5757256519597,0.5109778203073071,0.10877116207449672,0.5809507027140238,0.12608370474921596,0.13072925264714358,0.11709812176011825,0.045138218129498385,02010030
4,80.0,747.7159464544782,0.4835718856358822,0.055316200865623305,0.5784100185184174,0.12627585185303403,0.19653327468413107,0.08166743104358107,0.01711342390083632,02010030
5,100.0,766.9046030402776,0.7027357163238845,0.06865301729760354,0.7446524241705792,0.0731475459426118,0.07481322849140534,0.07501329676148288,0.03237350463392073,02010030
6,120.0,521.114722363337,0.5425605001800652,0.07141087492445512,0.5977384011221442,0.13865611978906436,0.13368477021098535,0.1135226885501808,0.016398020327625232,02010030
7,140.0,589.7246218172036,0.6008739837727941,0.06066397214502081,0.6660226064128991,0.10973339004594267,0.12823733702577136,0.0818216388627111,0.014185027652675672,02010030
8,160.0,784.5252354076247,0.5834380568644171,0.07101260233624267,0.6289852173458088,0.10581355771112627,0.15085987610206647,0.0965135331344546,0.01782781570654382,02010030
9,180.0,766.2519661695129,0.8284213606170967,0.026571333293132538,0.8534226288035752,0.05248817108789864,0.04928753255605045,0.03702819361285182,0.007773473939623945,02010030
10,200.0,996.3088789990675,0.591953070842871,0.09216076180639612,0.6708248584631333,0.11423455564500695,0.07620267851160616,0.09603843119226285,0.04269947618799082,02010030
11,220.0,551.7849689483674,0.47058211955687207,0.11718079729623651,0.5913702716798351,0.08571946795172947,0.14692787022211456,0.12247552671909627,0.05350686342722464,02010030
12,240.0,529.6795094093555,0.5162052525904417,0.1446954129793245,0.5275108102328739,0.10430563538571003,0.13445284532335336,0.17635128261237384,0.05737942644568888,02010030
13,260.0,615.1376463457296,0.7456618462146467,0.04593294815141341,0.8123679456438769,0.05615083962632713,0.06030066814726852,0.05600488537785607,0.015175661204671216,02010030
14,280.0,369.8298946667489,0.39867864747797455,0.1210727263367306,0.5546137323411524,0.1689522025276486,0.08763159732907227,0.1471810911863618,0.04162137661576497,02010030
15,300.0,854.2566076056286,0.8048767533839857,0.02810058101243247,0.8222399520089468,0.05899219822554136,0.06565259485191043,0.04371741967324446,0.009397835240356745,02010030
16,320.0,615.917937728468,0.6385669985566506,0.06487888954584911,0.6573838755110293,0.11384639059000763,0.12546195248084444,0.08019839371817085,0.02310938769994775,02010030
17,340.0,590.1724120750396,0.5631325175208994,0.0890570633094381,0.6078601290462602,0.09152684881697795,0.1557895756316716,0.11833935066162105,0.026484095843469196,02010030
18,360.0,517.0023201394413,0.5966398281000748,0.09543533220238794,0.635917390103198,0.11245569322695197,0.09455931135303286,0.13157408687303265,0.025493518443784446,02010030
19,380.0,373.5813361064771,0.38700451226466775,0.152972902974435,0.45243838961475463,0.1644026475706666,0.14006195409031844,0.19991864790433989,0.04317836081992049,02010030
20,400.0,643.5485021176238,0.7951969987759223,0.0526003381577619,0.8186222950585011,0.05419465070364133,0.038890326789654685,0.06706622089460494,0.021226506553598017,02010030
21,420.0,355.05342438809237,0.2407361023243894,0.18044128656693387,0.31029977914941514,0.1525203041940858,0.24666387005692936,0.2138971691083247,0.07661887749124496,02010030
22,440.0,786.782275490817,0.8500218563923837,0.03234711395515187,0.8635861163252844,0.05710281650686561,0.025645297936398446,0.041473598856546445,0.01219217037490516,02010030
23,460.0,407.8628978694999,0.21246185389595926,0.22550309011859543,0.31662589237983346,0.13411250156133245,0.20805364666634038,0.24089067818544993,0.10031728120704389,02010030
24,480.0,461.6648772161516,0.4893162611266306,0.09630502010150774,0.5396492482073354,0.118259925971308,0.14102412874707113,0.176167199420219,0.02489949765406649,02010030
25,500.0,1957.1996914894291,0.9299637818130014,0.003954865057292169,0.9624377720361458,0.025770433846496597,0.004252345702008917,0.006030137952524153,0.0015093104628245652,02010030
26,520.0,579.1190640664317,0.6870284457983584,0.0821135675928185,0.7385186747381097,0.0733123874958022,0.06201544544208774,0.08896876232731438,0.03718472999668605,02010030
27,540.0,630.736227703101,0.7966358112366781,0.039885389487793,0.8234513552492463,0.06747858350688375,0.04196526024026394,0.05218047931097275,0.014924321692633224,02010030
28,560.0,463.0278390700608,0.6093862946048818,0.0749343419323759,0.6813498544681951,0.0951845154643248,0.09017169736860539,0.11057481557042055,0.02271911712845408,02010030
29,580.0,833.0507432637056,0.8671041010612532,0.023164099511323293,0.8817474097743442,0.05596891543237812,0.019322349056713053,0.0335503803764554,0.009410945360109136,02010030
30,600.0,597.3302898144644,0.44309706634434304,0.2076428310715319,0.505387155108701,0.11197522252020842,0.10017918992548558,0.1695458346705432,0.11291259777506182,02010030
31,620.0,641.0116430558718,0.7487546732942457,0.04156126373494533,0.7883989119168417,0.06000029752507829,0.08007613821397716,0.05959324723256478,0.011931405111537976,02010030
32,640.0,384.5549776659719,0.3146565624318495,0.18463709730369698,0.41513717633745184,0.14107426104910625,0.1515453000146574,0.24800898357812007,0.04423427902066442,02010030
33,660.0,566.7587966263658,0.7660935898275758,0.03827175718864041,0.7823099750394217,0.08772494368244038,0.04689542958634972,0.06990263236167055,0.013167019330117635,02010030
34,680.0,500.54673329775096,0.6506610674929229,0.06986635081464666,0.687920659260493,0.11368507796134851,0.06759742359377531,0.10266723494940945,0.028129604234973633,02010030
35,700.0,623.871249532599,0.7115376167199864,0.07363932480712726,0.7412592529628419,0.09166010098253649,0.0479450805862781,0.08410288196635146,0.03503268350199211,02010030
36,720.0,967.2175829140511,0.7881408921558902,0.0934935307052966,0.7921793742766512,0.0491893096763776,0.034245119399616705,0.0771216924660168,0.047264504181337534,02010030
37,740.0,746.1320011365827,0.7482714478584803,0.09173756398858698,0.7760621028288284,0.06063333630698106,0.036894885812519256,0.08002108788141434,0.04638858717025694,02010030
38,760.0,726.3300606447976,0.7808277162888152,0.035428277875234275,0.8035689917092235,0.05920908923172138,0.07546809152951338,0.049431744501556296,0.01232208302798538,02010030
39,780.0,801.0180993779029,0.7689867291577321,0.051432286737194244,0.8404137854371397,0.052740546650513746,0.03449161678680621,0.05263016699698362,0.019723884128556697,02010030
40,800.0,486.42321477568083,0.618265545056352,0.06950884817390975,0.639849377980301,0.09317780923015591,0.1231491222521466,0.12191241085445514,0.02191127968294135,02010030
41,820.0,466.45193809747116,0.5068111471608089,0.08960797039103509,0.5695561953862233,0.12842439234718825,0.14996420710132444,0.12244394741693555,0.029611257748328654,02010030
42,840.0,610.9927971944894,0.7025141681376385,0.06771623484916593,0.718922205397871,0.08504043946546289,0.09057374042853197,0.0864002275728321,0.019063387135302125,02010030
43,860.0,768.813607442426,0.7747318552186163,0.034797846399344634,0.8119033989386565,0.06413282537936735,0.05932833660928853,0.05422587486674478,0.010409564205942884,02010030
44,880.0,574.529922776684,0.5924242606320632,0.06988716785793324,0.6753789065323592,0.09843766034583035,0.11243179013175869,0.09238157729544148,0.02137006569461022,02010030
45,900.0,552.3390544560199,0.6805488778101175,0.057783449258137276,0.6995615868903827,0.0861430197749242,0.09698501859388445,0.10183564611204252,0.015474728628766013,02010030
46,920.0,511.22423926819346,0.7392084728845986,0.06926915669242464,0.7963821688464936,0.06106634227293501,0.041721531388445275,0.0741436876400132,0.026686269852112934,02010030
47,940.0,465.5849389965562,0.48253049222729727,0.08969607225242138,0.5550077455221898,0.11335741137338307,0.1656392563909936,0.13984061555947203,0.026154971153961513,02010030
48,960.0,418.4725434069719,0.2934711220077848,0.12970118918615786,0.39552521330532925,0.10233550250015229,0.2638004141406982,0.20569503016043952,0.03264383989338063,02010030
49,980.0,491.78785263130084,0.5855960118213439,0.13543234556578493,0.6335769645411241,0.10329188278694527,0.06364880271370037,0.14016941705526811,0.05931293290296228,02010030
50,1000.0,733.387604989759,0.7928758191082225,0.04466274233110535,0.8256806748014501,0.04735570153434233,0.05333558447669978,0.054685074849878286,0.01894296433762952,02010030
51,1020.0,1001.712861072108,0.8628103640509301,0.035277987265339386,0.8861407073366717,0.040750876608953386,0.021913543110402837,0.03520168060609921,0.015993192337872886,02010030
52,1040.0,701.2671656668856,0.7559060608289955,0.05871796303089533,0.7538195032824713,0.06223544637275439,0.0817837755978938,0.08230190113055427,0.019859373616326403,02010030
53,1060.0,482.1301603279699,0.6859946133256865,0.058823045081446285,0.7100981762851922,0.06812048285447216,0.10717475216577606,0.09795611453197178,0.016650474162587914,02010030
54,1080.0,369.25812011333323,0.3296465018593135,0.15798049464056008,0.39938891920520186,0.18595581043620346,0.17199307139867234,0.18808840261879958,0.054573796341122804,02010030
55,1100.0,653.6245809038845,0.8090743101003293,0.036456045340680435,0.837024824911068,0.054958970400607474,0.04490944063678516,0.05226177333103092,0.010844990720508487,02010030
56,1120.0,539.5320413551701,0.750847493127352,0.049819445105689586,0.7872006072841924,0.0709523569308895,0.053777260416131616,0.06904221465252848,0.01902756071625804,02010030
57,1140.0,498.2416605777213,0.5129925516624747,0.09336345796197729,0.599597928225202,0.15493955385809072,0.08185695497136922,0.1234010844247524,0.04020447852058574,02010030
58,1160.0,546.5485975391774,0.6351266353006125,0.04616400720811666,0.771222355268016,0.10487072922411808,0.044971836081871455,0.0651007415224931,0.013834337903501586,02010030
59,1180.0,408.410493276146,0.26438524454001,0.20331501834247565,0.33486198322851557,0.12337106400332175,0.21737026100146217,0.24815223709683285,0.07624445466986753,02010030
60,1200.0,370.27886836813224,0.3551414771941759,0.18535950336760545,0.41010252841414163,0.17601811449529062,0.13181630247447576,0.19782814463918888,0.084234909976903,02010030
0,0.0,288.20486115596594,0.45092986093063353,0.1260364320938495,0.500137348335403,0.10053775665283891,0.17403793044593216,0.18051122431457098,0.044775740251255004,02010035
1,20.0,240.7701703915357,0.3166676536601527,0.14803448840589556,0.3797012710690733,0.10824013531026777,0.22741962987798278,0.23613714349082424,0.04850182025185194,02010035
2,40.0,223.35557018012682,0.3094544908590116,0.17674807810004334,0.3656554960005871,0.15276438563774367,0.15582723278388813,0.2615631192166766,0.06418976636110467,02010035
3,60.0,266.4020767676588,0.3630788437354194,0.14301477490706885,0.41103781077502505,0.15522189245562987,0.17680115581756703,0.20388475428188038,0.05305438666989766,02010035
4,80.0,236.93081551511443,0.3186012551230668,0.12386681819166749,0.3809148184580747,0.12828016502440512,0.2528137127175629,0.1929468008410734,0.04504450295888388,02010035
5,100.0,291.8793579701053,0.5894485668380417,0.09702127755041753,0.6295425921604684,0.09563482766282182,0.10651472221158684,0.1362819704634519,0.032025887501671034,02010035
6,120.0,244.97432235623927,0.26041431861100917,0.16705841295801685,0.3612520343290024,0.1194150109314766,0.24542082853671388,0.2248733412617209,0.0490387849410863,02010035
7,140.0,223.2134077452976,0.38614518340543463,0.17455939799778322,0.4753678237679201,0.1358505174932331,0.08552898818276108,0.2406349273209957,0.06261774323508998,02010035
8,160.0,235.25802510945243,0.4119890902514402,0.16913363537977338,0.45255009043902994,0.11093827813068342,0.14284108281228422,0.23080364881989407,0.06286689979810828,02010035
9,180.0,221.78615539570322,0.41101830399245975,0.1688882457171609,0.4857038036474819,0.14250036564995053,0.0847494615354898,0.2229032802043772,0.06414308896270061,02010035
10,200.0,208.73425088031578,0.3854250930526063,0.1905716325594727,0.43257037170432683,0.13905780234897147,0.10684813573018904,0.24450230016433608,0.07702139005217663,02010035
11,220.0,238.22195946509717,0.25125834758004295,0.16248378019021656,0.3082947312319414,0.10124290555565005,0.3185349427394285,0.2127839578837847,0.05914346258919531,02010035
12,240.0,252.25327479202332,0.3020244348763322,0.14183108458779364,0.3431945713485384,0.106535107518727,0.321032229744752,0.1762175588991298,0.053020532488852884,02010035
13,260.0,200.45304678392367,0.2757515278324844,0.2273512460635234,0.3266417047546787,0.11729426115211236,0.17263611395400263,0.30383470088688225,0.07959321925232421,02010035
14,280.0,218.6239326891152,0.3422281766439329,0.16472304007892724,0.3928151768841643,0.11789356052807508,0.20522465434592324,0.23162151791304295,0.05244509032879433,02010035
15,300.0,237.22532095107366,0.4766984745126384,0.1453448585865892,0.550197126726003,0.11344193097853077,0.0932942339589647,0.18944412721000745,0.05362258112649408,02010035
16,320.0,237.8685313916815,0.352280670252148,0.15905820528334808,0.37957157385439594,0.11289832302184785,0.20912255582294031,0.2451404650306365,0.053267082270179435,02010035
17,340.0,219.44441563983358,0.2646471976024691,0.1763734333987081,0.34016621731345836,0.12471938124647731,0.21830220130576328,0.24262270290646737,0.07418949722783362,02010035
18,360.0,4081.790695358216,0.8506015124882705,0.0017140297362187226,0.9001136684302792,0.08051659387182791,0.013686745541355395,0.005126108230859397,0.0005568839256780521,02010035
19,380.0,836.5935293696426,0.8856274020454027,0.01680955281024077,0.8845956360128097,0.06601114117195205,0.016479590795265495,0.02675274758274489,0.006160884437227912,02010035
20,400.0,735.4588941301494,0.8659059379120209,0.016783021032955543,0.8874768207927816,0.06033930852189644,0.020676954269329573,0.026005725571442838,0.005501190844549598,02010035
21,420.0,1895.7253066351939,0.9773990503412497,0.003067442528326521,0.9518991608832235,0.03584371678315454,0.006337109574794259,0.005042506372967977,0.0008775063858597803,02010035
22,440.0,292.66487669657266,0.45496369012995047,0.1377329730694851,0.48603887336816765,0.11419023592201324,0.14848776445118594,0.20536138510176555,0.045921741156867674,02010035
23,460.0,630.7581602138438,0.7569451256704581,0.0575575750465619,0.809376800081287,0.057462808057702215,0.03291957857962308,0.08353627378043152,0.0167045395009563,02010035
24,480.0,379.56634767189746,0.619568474530089,0.09701915983118643,0.6590476336717344,0.10814226477237775,0.060971986128922566,0.13877818291983962,0.033059932507125654,02010035
25,500.0,451.6455661083667,0.7503981485847258,0.039558836150407124,0.7881402446506731,0.09180722107151025,0.040795152957503175,0.06576650280399758,0.013490878516315766,02010035
26,520.0,325.4305812120427,0.5117000325087404,0.089129998342451,0.5378392350678581,0.09983740491588083,0.18444721623530752,0.14777651878820247,0.030099624992751064,02010035
27,540.0,307.9571354219907,0.5506042098745341,0.0956935385745759,0.6142572481383386,0.12724810805840917,0.08752640611874365,0.13722089009267124,0.033747347591837416,02010035
28,560.0,373.02785589613904,0.6828773001877257,0.07684357776509544,0.7192114842437881,0.07237748397523501,0.06039751465407672,0.12498898977905686,0.023024527347843337,02010035
29,580.0,273.1238891489911,0.3134753602193283,0.16407889918007362,0.36180247136314925,0.10127384366015464,0.26406731477638745,0.23559472914900573,0.03726164105130308,02010035
30,600.0,322.23452017963666,0.43844173621190297,0.11378714925873211,0.4868063780613157,0.13337058479187303,0.177525336354671,0.16553818210956284,0.036759518682577416,02010035
31,620.0,539.0229998203532,0.7659325702309857,0.05753940254324379,0.8056738065362502,0.05359913583612941,0.04617714493099579,0.0696948462031699,0.024855066493454765,02010035
32,640.0,282.5600137252183,0.5548748369223263,0.093418262896337,0.6309952292713484,0.10428423974363292,0.08441925342278071,0.1510805114047126,0.029220766157525332,02010035
33,660.0,287.6756142525136,0.5273244183779224,0.09398189503165591,0.6141850290994693,0.10201504987482816,0.08664947453022818,0.16685783095427065,0.030292615541203747,02010035
34,680.0,300.46575321341203,0.5490277876037192,0.1137643883990166,0.6012782314698268,0.08087179836795277,0.10255212583336445,0.18166696652730424,0.03363087780155158,02010035
35,700.0,327.68876757740526,0.6443116338738522,0.1101507394357243,0.67338182979888,0.07458871389370768,0.0718602949371341,0.14166171721932433,0.038507444150953925,02010035
36,720.0,267.11249187028955,0.5157874511341399,0.15030739594358478,0.5545436368133888,0.08426061780267916,0.08531499382930954,0.22141142162591063,0.054469329928712076,02010035
37,740.0,342.93995866554906,0.6333200743284548,0.09761187419134026,0.6753243043485053,0.0917181924033621,0.06259838780049858,0.13403620700142757,0.036322908446206344,02010035
38,760.0,292.5833240275575,0.33728912964885166,0.15951161401643757,0.390911318983993,0.11294521810224897,0.21792451906294127,0.22967800807676006,0.04854093577405678,02010035
39,780.0,310.1968258593607,0.5671679976985461,0.1147785791139691,0.5865313661312405,0.07681996251207797,0.12709456622779647,0.17222088758943443,0.03733321753945061,02010035
40,800.0,328.6489220088698,0.4427675769361149,0.13686453144579577,0.50609466425635,0.08348576212583102,0.18820962037598216,0.17946588063944324,0.04274407260239357,02010035
41,820.0,724.9347967956105,0.7483849277029071,0.03906458790161623,0.797314304359369,0.10382408623123765,0.03030132605954247,0.05443664932729276,0.014123634022558083,02010035
42,840.0,309.1125877474009,0.4639711383572649,0.15219865401417648,0.4995391785186145,0.0886452679553929,0.16789806012535524,0.19504338735181684,0.048874106048820636,02010035
43,860.0,371.92743048911524,0.6573595952257357,0.08509544995152082,0.72823281894423,0.06159585357469709,0.06532422536370368,0.11364417771091431,0.031202924406455047,02010035
44,880.0,335.67905188712444,0.5463822505244814,0.109979915039725,0.5820876846288847,0.07270164359364194,0.1519286670181149,0.15626789005626374,0.03701411470309485,02010035
45,900.0,326.5829513892817,0.6522263480950479,0.11829264548636825,0.6539958588769276,0.05586786358473803,0.08351693728900195,0.17182230982417854,0.034797030425154,02010035
46,920.0,249.62014756063036,0.40111749560120424,0.1969855915084268,0.41843546396531445,0.09065598147577386,0.12195953727316904,0.2978288185660678,0.07112019871967473,02010035
47,940.0,295.1783961736514,0.5285659011780995,0.13800661272330123,0.5648234109311285,0.09999368123806995,0.08473192751369402,0.2040417231243651,0.04640925719274244,02010035
48,960.0,340.33016336374646,0.565362903883713,0.12151995058822895,0.6115062672871376,0.09061252093447336,0.0704018553480334,0.18746733857428396,0.0400120178560717,02010035
49,980.0,240.25619882005756,0.24231464176139805,0.23289745787920743,0.2803317732597634,0.09568498169809747,0.19123714229377006,0.3493486556339644,0.08339744711440483,02010035
50,1000.0,260.5402494186165,0.2575470789230762,0.17073673561411368,0.28592725891987614,0.08537536735229484,0.2993723132359577,0.26718071360678125,0.062144346885090074,02010035
51,1020.0,258.1514255490891,0.4048470591719883,0.18522417673611857,0.45405771481814733,0.11060889680481172,0.10783052566476244,0.2638329782995273,0.0636698844127512,02010035
52,1040.0,250.31589536627573,0.25623562900099295,0.24796170899889522,0.28590150588194996,0.08786172761022198,0.20884661130396304,0.34708710346615274,0.07030305173771235,02010035
53,1060.0,254.8899822871473,0.3385482044621495,0.2129614502902266,0.38786239075797596,0.10961843690760271,0.13878783321315094,0.28108928945451117,0.08264204966675932,02010035
54,1080.0,292.9881718186393,0.4542602923229502,0.17321852457252082,0.4850389780242221,0.07737248393575216,0.1011147493238249,0.28305555535709387,0.05341823335910707,02010035
55,1100.0,546.9335916221667,0.8669697281799988,0.05775793954155094,0.8404400485104967,0.030997632837045038,0.026982095317942188,0.08210544335239779,0.01947477998211832,02010035
56,1120.0,806.2002456288603,0.8155594205741705,0.04825203977772859,0.8199669275022591,0.06651980910120282,0.029900964986439304,0.05512358384471337,0.02848871456538536,02010035
57,1140.0,686.4981801073747,0.7687086520852662,0.03361474535883168,0.8326281652084967,0.06899902366342874,0.0338692954693471,0.04954794821287155,0.014955567445855905,02010035
58,1160.0,325.1569243982388,0.5385780161690192,0.1648341689532395,0.5325591370086941,0.06963146018716046,0.12198887663903835,0.21848235463174973,0.05733817153335733,02010035
59,1180.0,357.3655551367549,0.589651047392752,0.10789115055444194,0.6225493020672447,0.06331024076910416,0.11808259733488256,0.16357273608170686,0.032485123747061716,02010035
60,1200.0,272.1885562619138,0.3767243903649896,0.24044233047308441,0.38861443639732496,0.10366533214767792,0.1159587901168725,0.3235006559712961,0.06826078536682843,02010035
61,1220.0,409.0344204732172,0.8050644218441416,0.08297106143104503,0.7768396123309989,0.03831166889207929,0.051530203379914895,0.1055578319992004,0.02776068339780664,02010035
62,1240.0,345.706139927692,0.597001760951424,0.13060352728750924,0.5890454359016813,0.05256361981800836,0.1477543208300404,0.17095338454121328,0.039683238909056714,02010035
63,1260.0,451.8477729097325,0.7949269304598386,0.07306502236823263,0.7959457664120818,0.04165817396451395,0.04772103876938745,0.09015669064585963,0.02451833020815718,02010035
0,0.0,646.0702723472197,0.6541881845852888,0.046655464237580616,0.7124234147592072,0.11733849063040834,0.08250383924838534,0.07362209163737857,0.014112163724620526,02010038
1,20.0,561.0964866244323,0.602246142365957,0.06124172481272032,0.6264595975337685,0.13351542854666135,0.13221005468296065,0.0864572001220035,0.021357719114605975,02010038
2,40.0,756.176398254826,0.7077540509653706,0.03686354986669798,0.7381974068291134,0.10729487653104253,0.08495181382361883,0.057510681021567804,0.012045221794657586,02010038
3,60.0,601.9234811317704,0.6947339258443858,0.05097899793507128,0.6970356663849571,0.07880120195415842,0.12149664944946915,0.0890176995160996,0.013648782695315685,02010038
4,80.0,602.0541101139543,0.4794417628318709,0.06634483518964594,0.5567335555804783,0.1856326145123325,0.13401851336374865,0.10635090295304178,0.017264413590398712,02010038
5,100.0,591.3223228245682,0.5283883323408484,0.07926779646867438,0.6116528137160202,0.12482286264698025,0.12248461251329512,0.11730044590059331,0.023739265223111095,02010038
6,120.0,1069.8092189679116,0.4436374581558816,0.05477512225030381,0.5612338780576094,0.1591336549740551,0.13035942847289422,0.1357736270357596,0.01349941145968166,02010038
7,140.0,649.2338186068149,0.6338328545404747,0.07344422903633349,0.663671869220565,0.10265646370956054,0.08240453600077434,0.12818709998369193,0.023080031085408206,02010038
8,160.0,497.0489450267469,0.4176317803943813,0.09327029076388987,0.47963213996648396,0.1053447483458013,0.20125323122238484,0.18733466617762118,0.026435214287708803,02010038
9,180.0,641.8429504861024,0.7285193437056585,0.03237625829869123,0.7584513077731062,0.0833329441334679,0.08378851868874154,0.06384784953862932,0.010579379866054969,02010038
10,200.0,461.9303256984799,0.40471996329626825,0.08150276747532677,0.4984248864245662,0.1751309489413485,0.16063603832409046,0.14163050512297432,0.024177621187020538,02010038
11,220.0,671.5650480355423,0.7513437401769479,0.032439296146326485,0.7850561216577375,0.06865394543748353,0.07198804306769656,0.06524397886633906,0.009057910970743427,02010038
12,240.0,525.8647644117387,0.5141554750202724,0.07403142325087192,0.5401935534479991,0.10789742926131893,0.1761990610370129,0.15538848970284677,0.02032146655082226,02010038
13,260.0,551.3867599355333,0.5077627011273117,0.06571838885694463,0.6100966449802392,0.1199707928858548,0.13258971498752836,0.11628965827385003,0.021053188872527773,02010038
14,280.0,542.8414865746499,0.6013048448836522,0.051115870225345895,0.6234922730308904,0.12113738035816105,0.1439480129502057,0.09740459786049468,0.014017735800248184,02010038
15,300.0,531.6781803179125,0.5983283777829284,0.06255691525306176,0.6273383839831262,0.10345525992169365,0.14459951432275697,0.10851532531953996,0.01609151645288319,02010038
16,320.0,387.49980948298906,0.31197358027782757,0.09991069883454,0.4195499009873378,0.1532083947335494,0.22255834128468668,0.176779346927284,0.027904016067142035,02010038
17,340.0,428.07579487632484,0.3661556400277075,0.08352708612708447,0.40664450425045745,0.1657181637252214,0.2262631999431057,0.1778557913701169,0.023518340711098568,02010038
18,360.0,372.94512357604964,0.3259217935489857,0.10017265280627831,0.37530798760761314,0.0939178865687588,0.2367114670990165,0.267870235784524,0.026192422940087633,02010038
19,380.0,467.8896848874341,0.4748986824202807,0.08944698617817762,0.5109810501299785,0.09480550855010379,0.17809955277322723,0.19800713040733112,0.018106758139359417,02010038
20,400.0,386.5512454309897,0.3724773748617243,0.09715290719191007,0.4437351828496502,0.0901092066244578,0.2028941613649304,0.23674549757276248,0.02651595158819911,02010038
21,420.0,516.388752389564,0.5907138560085031,0.08205971009946748,0.6050953077343818,0.09042811889657648,0.12368394780973793,0.15551347604585036,0.025279149513453426,02010038
22,440.0,502.1384121737217,0.5496598105903624,0.07008246214438653,0.5751938416679531,0.14080167400653024,0.14472569576054228,0.11103391600672073,0.028244872558253798,02010038
23,460.0,668.6903031791838,0.551801956030817,0.08260488701224343,0.6417255411061349,0.11756009814321602,0.10861670393692492,0.10173299295506592,0.030364663858658356,02010038
24,480.0,535.306907106371,0.597916302200404,0.06520882198245743,0.6185475007056687,0.15872429777421565,0.1038422575091091,0.0989645254217912,0.019921418589215457,02010038
25,500.0,530.4547067112005,0.60187933682387,0.06419986301247611,0.6308599238015743,0.1403430608305583,0.11057774936840474,0.09821547276979373,0.020003793229668755,02010038
26,520.0,622.2563964931517,0.5921863912974923,0.056588714667689305,0.6603342191899064,0.1382331897501032,0.09145344060761856,0.08951284307904492,0.02046630737332683,02010038
27,540.0,480.12398568467984,0.47020725303862443,0.08790603683513741,0.5332191010897603,0.12102603449979892,0.16271118860321862,0.1490415696058127,0.03400210620140934,02010038
28,560.0,519.7426001440668,0.500947823879605,0.05994758692503674,0.556192037753903,0.1611715092400523,0.15491896120822932,0.1076823412173968,0.020035150580418618,02010038
29,580.0,656.5938159046094,0.6278447670080836,0.056612308089129953,0.6452233538936794,0.13613019332200682,0.11434400888449729,0.08460516771427204,0.019697276185544503,02010038
30,600.0,493.6067508085193,0.4140557949434055,0.06747573547963062,0.535848444122604,0.16638035622991,0.1470675336617723,0.1288353390726404,0.021868326913073156,02010038
31,620.0,471.31356507696813,0.4215779092599751,0.08411977400700062,0.48844959374708224,0.1712288004225805,0.18030929433032353,0.1283285063059067,0.03168380519410705,02010038
32,640.0,446.2613104084744,0.4433875855696325,0.09449017478007792,0.5160605107659382,0.15947683867267898,0.1454397031950718,0.14027726189742623,0.038745685468884794,02010038
33,660.0,586.368345795037,0.5764018400334391,0.06471081220469613,0.6167052790240618,0.11810689321429,0.1365823557070961,0.10382160341342299,0.024783868641129043,02010038
34,680.0,565.9488853203663,0.5421650450022563,0.07937803655435269,0.5916595151007176,0.13038440656268432,0.13141733693145413,0.11080183134700945,0.03573691005813457,02010038
35,700.0,578.0566432058982,0.6416429968330379,0.06882009074204914,0.6480257733402062,0.12350242212080943,0.10557296850384165,0.09480284192329747,0.028095994111845286,02010038
36,720.0,412.3027315362842,0.36949734317168226,0.0948248880773167,0.42368903573515965,0.131715315031162,0.2050929288391857,0.21608604623450478,0.023416674159987796,02010038
37,740.0,536.3574619339686,0.5260325459025514,0.057442170727115174,0.6031164962515572,0.12299787154738924,0.1485262382992205,0.10874116078409778,0.016618233117735394,02010038
38,760.0,440.8304980520677,0.3024668544615913,0.11722802141582854,0.3832815164399184,0.11468153150919341,0.22411524937686872,0.24663257541176692,0.031289127262252484,02010038
39,780.0,411.9165595542173,0.36354892024953883,0.09805760806313375,0.48054210616043586,0.16276858032648975,0.1691303611471724,0.1510561458040909,0.03650280656181104,02010038
40,800.0,427.07794066570654,0.504900723302536,0.07691601576020245,0.5731556496919712,0.15670810377887887,0.143846200031963,0.10363198519777898,0.02265806129940795,02010038
41,820.0,528.7056481872371,0.5408554843716171,0.08413029405713847,0.6172512156198517,0.09846978027455601,0.12090797560671634,0.14225655699066858,0.021114471508207448,02010038
42,840.0,514.6056565887153,0.493075016061935,0.06981564810298943,0.5529447550361294,0.15443367307883626,0.1602028744025526,0.10846650034723501,0.023952197135246794,02010038
43,860.0,532.1940304037627,0.5597540922032386,0.08050885115757381,0.585327148504106,0.10353555093313406,0.1618796508589664,0.11881407821211211,0.030443571491681386,02010038
44,880.0,537.6645449764119,0.5711337598647407,0.07830250578314127,0.6203392082619386,0.12264116159545112,0.11210258660730461,0.11854490222778964,0.02637214130751609,02010038
45,900.0,439.9487551518952,0.3107968042312194,0.11784676392206574,0.38489746308933187,0.16537802341978722,0.2229427956499986,0.1845130195281163,0.04226869831276594,02010038
46,920.0,448.35190952059196,0.27201500336344897,0.14496507690878163,0.33705171878975665,0.20608247248509873,0.20682983696189358,0.19395995468278912,0.056076017080461935,02010038
47,940.0,347.6464612792912,0.20503367720165336,0.14880466975989787,0.2880101402897328,0.157291384566878,0.24466106218695452,0.27512965363388847,0.03490775932254616,02010038
48,960.0,597.5059261091499,0.6245294286699633,0.045018878702265945,0.6985974925247811,0.07730907384110797,0.11964051256163419,0.09256081954527093,0.01189210152720582,02010038
49,980.0,524.647039040563,0.5856911052902845,0.06098794310317696,0.623902984410465,0.1092571060841519,0.14686958095780947,0.10163011281742515,0.018340215730148567,02010038
50,1000.0,625.1237578123577,0.6844480741944631,0.04347959286561014,0.7154615391455564,0.08187392590510212,0.1083419378055369,0.0770458966113104,0.0172767005324942,02010038
51,1020.0,591.6014137721688,0.5314349594947778,0.07707966810023949,0.6091538104343098,0.11572790281850429,0.12616520091094174,0.12196558745701849,0.026987498379225643,02010038
52,1040.0,525.3287322504198,0.38777195927347713,0.08605799324736325,0.47712030725930527,0.19123665955566108,0.16917295247799552,0.1300406098965203,0.032429470810517856,02010038
53,1060.0,442.0336695150538,0.3548263123314842,0.0685548102360845,0.451366250918387,0.17645847118553876,0.20781845354557768,0.14393742266950466,0.020419401680991926,02010038
54,1080.0,420.185513314114,0.3488330773512271,0.07685124495034022,0.43075424031461046,0.19561119862370666,0.19858907547702082,0.15191306122660292,0.023132424358058998,02010038
55,1100.0,400.03563446752776,0.330845923409642,0.08087120674789254,0.37711307810252304,0.17760130335231172,0.25140413021555647,0.17180791168003637,0.02207357664957243,02010038
56,1120.0,347.65438734604714,0.23194125646597424,0.12700963786744815,0.2707918969327312,0.17074554787742965,0.24607861376914328,0.28056322738446904,0.031820714036226765,02010038
57,1140.0,398.92684829403396,0.344061440517349,0.08598791666036848,0.40636062524301414,0.14298756448971967,0.21612286791710147,0.21187926609964847,0.022649676250516164,02010038
58,1160.0,395.9149320943791,0.3170745716366895,0.08926678372348214,0.3821619194776901,0.20883291044241917,0.21428715743291132,0.1634836337372902,0.0312343789096891,02010038
59,1180.0,437.7618166853127,0.3890148385334351,0.06878800381908544,0.48655541386052104,0.2182330090257908,0.1514148687163116,0.1225206122363015,0.0212760961610751,02010038
60,1200.0,445.9884340134163,0.2438528163280055,0.16837323283868913,0.35353157133354673,0.15622448759015764,0.18017374082211657,0.24108932951671094,0.06898087073746821,02010038
61,1220.0,558.4126661596733,0.5702685863271176,0.05633842694158953,0.6560169799523006,0.11705793142296414,0.11704196022973122,0.09177720724516308,0.018105921149841074,02010038
0,0.0,342.94705621710955,0.25368557600998515,0.14790693822743498,0.2967805780710071,0.2192643717324745,0.24581885408151832,0.1811913459070455,0.05694485020795457,02020004
1,20.0,365.5754263763626,0.17885410284440983,0.0834012232443292,0.2226837249745823,0.3462752726230701,0.26520102878940216,0.13668552090906508,0.029154452703880226,02020004
2,40.0,366.2325214217532,0.16885761381058212,0.10531161756191496,0.21741378005966097,0.2795467796941428,0.3229089309057451,0.14201170429592785,0.03811880504452328,02020004
3,60.0,303.8226990156458,0.20982993103433503,0.128826603436165,0.27188948771147375,0.2563110040244736,0.24273021569420763,0.18755357163521186,0.04151572093463321,02020004
4,80.0,376.854846934462,0.17652863382282155,0.0752032405937861,0.23143885994563873,0.27414329220123235,0.3329149248464958,0.1365238839000525,0.02497903910658076,02020004
5,100.0,362.21886146846896,0.2065725720562352,0.10716043918032955,0.26467809482657195,0.281376803299094,0.26750014617501877,0.15413251685961504,0.03231243883970027,02020004
6,120.0,355.18323205094117,0.2080875496763606,0.07746158749865621,0.2615152735059353,0.3213434406194423,0.25246768732015895,0.14036744170468524,0.024306156849778278,02020004
7,140.0,344.0621626799723,0.20573145905387838,0.07640768256230772,0.2494348429039291,0.29228617645884003,0.30641639444817187,0.12701532043838515,0.024847265750673826,02020004
8,160.0,410.1721622625692,0.15346496762489206,0.061625504225284095,0.18392039061734888,0.3343557784850195,0.35511432238555196,0.10963322613429631,0.016976282377783206,02020004
9,180.0,434.41695515459116,0.11277783401045018,0.05880158381002723,0.14558228681285984,0.3653714518525129,0.3603754789065566,0.11188294295951333,0.016787839468557237,02020004
10,200.0,394.9802302158224,0.1840495822034778,0.07042388119039106,0.22546339358018627,0.28907256850639296,0.3473147946932651,0.11751245948617575,0.020636783733979765,02020004
11,220.0,399.84490402570907,0.17699765682323435,0.06521645778105524,0.238862179994119,0.39571883023169896,0.23117876330651255,0.11568127038929667,0.018558956078372723,02020004
12,240.0,415.2803397559327,0.2381284421800042,0.045372810715769485,0.2792917547672428,0.26891732697967713,0.35881180696512666,0.08016342943428127,0.012815681853672106,02020004
13,260.0,364.6626923327986,0.1471373689719857,0.07281629104032776,0.18546190377644098,0.3622646710740692,0.3178937238310297,0.11041904308948766,0.023960658228972493,02020004
14,280.0,369.3702921082878,0.1479013625223748,0.06881532526649725,0.17496653385513897,0.37469388880661175,0.3105219988433642,0.12024635186206718,0.019571226632817962,02020004
15,300.0,447.40794266785014,0.18601074831813685,0.04370511323010161,0.22091223588474027,0.2825956867540719,0.39809109664638304,0.08736722619356228,0.011033754521242542,02020004
16,320.0,430.1592792298194,0.15426982392137126,0.05077806853840082,0.20825289729888344,0.2901395794574466,0.39289839458335896,0.09519960881460855,0.013509519845702516,02020004
17,340.0,378.52795617096297,0.20951748696104258,0.05885878626515332,0.2596173834769109,0.34998868732850785,0.2685533298474033,0.10511878247952904,0.016721816867648946,02020004
18,360.0,351.73759097132034,0.1700148193153648,0.07142570970172958,0.19660063111009993,0.3745012656316581,0.27953537979524296,0.12743734783984792,0.02192537562315114,02020004
19,380.0,404.8580634983165,0.14355094231937973,0.05241975503718741,0.18172493891001917,0.27371799594246127,0.4309668871288264,0.09743549999789486,0.01615467802079838,02020004
20,400.0,430.07064649955373,0.1039300828212087,0.0500376078959047,0.13962180026282525,0.359264530006169,0.3795498288565915,0.10771135269452498,0.013852488179889362,02020004
21,420.0,393.73796702228805,0.1564537796932743,0.04926156323422818,0.19973619128266712,0.18843046928557877,0.514032898369547,0.08316352437635867,0.014636916685848446,02020004
22,440.0,384.3383863532421,0.20298009999187383,0.058062983403656676,0.25410569765861063,0.34772885320996233,0.2748096871694284,0.10647224324228868,0.01688351871970992,02020004
23,460.0,419.7438808023438,0.22517155374051473,0.04354115573195856,0.28455836453274075,0.28919643084877406,0.3311695412801607,0.08308701711486872,0.01198864622345581,02020004
24,480.0,365.3654035550772,0.20620855675304478,0.07164160071755915,0.2804176027966964,0.22836673504232413,0.3713113445294474,0.10030548195164289,0.019598835679889206,02020004
25,500.0,438.23770354161485,0.1775244577885624,0.04331642906709164,0.2339262889572993,0.3716481039258509,0.30497935320200653,0.07924835480544087,0.010197899109402402,02020004
26,520.0,319.9715900145663,0.3287735040764555,0.07616387113279253,0.36227989410623906,0.2875507933998031,0.21119581594441983,0.11871110506429322,0.020262391485244804,02020004
27,540.0,406.81881082972893,0.23066631284281897,0.04958255831026536,0.2859327074683166,0.35318967573690374,0.24024227751663954,0.1095606938458273,0.0110746454323128,02020004
28,560.0,426.17328332819386,0.1437805643908082,0.04890913036075479,0.17562695265387643,0.38004283325483595,0.35021561416514935,0.08245427096659907,0.011660328959539223,02020004
29,580.0,343.14642612144394,0.18149051145973705,0.05692032836301887,0.22584244258296154,0.35879682961267784,0.2945884900708193,0.1020638367254509,0.0187084010080906,02020004
30,600.0,355.95371617813413,0.5423805111368855,0.05019227798000756,0.5636062864929378,0.1741984936712148,0.16126479404500269,0.0848971331797102,0.016033292611134637,02020004
31,620.0,335.6526939286247,0.4369896257185435,0.06057584674082856,0.4875807626146487,0.178353997559276,0.21816325361792227,0.09626851217276426,0.019633474035388718,02020004
32,640.0,387.35274550199085,0.23731999637673695,0.058878529751229466,0.2881703320912959,0.2719990380469538,0.3307321450012069,0.08997498036795798,0.019123504492585514,02020004
33,660.0,436.0937075642863,0.16904454420121898,0.03984013949028318,0.20404181242412595,0.24583293519829008,0.46714316070658835,0.07233004823753661,0.010652043433459076,02020004
34,680.0,424.1749589575956,0.13594600509943428,0.04111722156923344,0.18258814890622757,0.19220725391410545,0.5402810083231123,0.07600613264414599,0.008917456212408722,02020004
35,700.0,424.59443043452455,0.17048364082663575,0.040427247026023155,0.21902121704081814,0.22034367058953697,0.47336598344609837,0.07685038933251101,0.010418739591035528,02020004
36,720.0,411.50447571826044,0.15731906457453482,0.03889684478135209,0.19433175530084737,0.386113184464416,0.3295024517995758,0.08048802384565651,0.009564584589504366,02020004
37,740.0,515.689376740206,0.21203343223758517,0.026826265089241123,0.23678349531181012,0.35525951763387986,0.3442038587222119,0.05777364612390246,0.005979482208195672,02020004
38,760.0,492.1056998799639,0.4367917416770077,0.026095164032272147,0.48125899790855314,0.23354574106254675,0.22232291056266895,0.05604949334953525,0.006822857116695944,02020004
39,780.0,335.829618839623,0.17407291061080074,0.04712168821083564,0.22845085107401067,0.23875481962778541,0.4311976430352954,0.09072898937067743,0.010867696892231136,02020004
40,800.0,403.8065007604917,0.19675993556937635,0.03965856173828434,0.2414819680344837,0.312000806132543,0.3574707257056068,0.0798922507569699,0.009154249370396406,02020004
41,820.0,285.3240025552146,0.3219110580257281,0.06127358339179632,0.4228170580152052,0.3185683051766652,0.1407501733504491,0.10020118700176468,0.017663276455915748,02020004
42,840.0,316.517001871104,0.31244242519237564,0.06639572734316856,0.4194274730351332,0.2512571855800889,0.19746291193329354,0.1178044272578189,0.01404800219366539,02020004
43,860.0,438.63229463028466,0.1529365280241962,0.034444255684041615,0.1966982469315763,0.32236708491553157,0.39090467214228736,0.08172912045224834,0.008300875558356501,02020004
44,880.0,401.2212208923625,0.28016965118038895,0.03798526971114649,0.2940302347765635,0.28468757813235973,0.33337955864884355,0.07995850129490041,0.007944127147332893,02020004
45,900.0,334.9051158252209,0.2984130927414551,0.04830988058530518,0.3402381274524265,0.2539763775402567,0.30781516159942135,0.08837266197239964,0.009597671435495697,02020004
46,920.0,840.9473912724216,0.8421525718841617,0.009057542519948,0.8624073981844036,0.06567794492816686,0.05235152699352927,0.017339537279967475,0.0022235926139327817,02020004
47,940.0,405.8956451782174,0.612341374469201,0.028191183990025903,0.6377669391977504,0.1361501373101849,0.165859648482606,0.05091161333216415,0.00931166167729462,02020004
48,960.0,398.57764098360235,0.11688902968972889,0.05623503895269951,0.14718029017234058,0.34381973181449055,0.3881197605635496,0.1098122904346226,0.01106792701499683,02020004
49,980.0,494.4842991870596,0.4178000036005714,0.03156033657003755,0.4246527059093417,0.21447248251686782,0.2953694607664327,0.05943435200131917,0.0060709988060387975,02020004
50,1000.0,460.1430861263559,0.10177430953700238,0.03341608297492676,0.12988699442832485,0.2826012290518497,0.5145133532719043,0.06569563621573116,0.007302787032190019,02020004
51,1020.0,463.0141703484877,0.1354150554642912,0.031526805691227906,0.16507005290842972,0.2665883008239816,0.49169726054816165,0.06959146650730846,0.007052919212118659,02020004
52,1040.0,424.62098885648885,0.15583177579994262,0.040682977656060694,0.17819457227464075,0.35256894190099985,0.3766420025895739,0.08293155530631628,0.009662927928469223,02020004
53,1060.0,448.8042656401662,0.2403922557089058,0.029050925077510326,0.24814715542170737,0.27120958768997977,0.39109065710025315,0.0821401861476823,0.007412413640377347,02020004
54,1080.0,412.32872929166336,0.33742526065195166,0.030525817934234936,0.3758446398846554,0.2983200508330993,0.24684133921799242,0.07106874721039244,0.007925222853860457,02020004
55,1100.0,333.03814400303764,0.17841478381023954,0.04955257461797547,0.2230039127018188,0.28500593474830876,0.3834521129352843,0.09446356532687379,0.014074474287714153,02020004
56,1120.0,422.49389234101193,0.10510948364353584,0.0350390495106023,0.141496814705671,0.4220471946376072,0.3495310949095779,0.0794106216737682,0.0075142740733758024,02020004
57,1140.0,471.524742254873,0.21009066309239904,0.021866496245024302,0.23079205557672539,0.40601511274031826,0.29744631864889726,0.06058880398413145,0.005157709049927612,02020004
58,1160.0,398.40814594502683,0.141985330755149,0.03556678069167156,0.18919383137155665,0.3046539217857296,0.4110451151981688,0.0851820439005014,0.009925087744043562,02020004
0,0.0,559.2427253473492,0.5549325900133348,0.06883712272554728,0.602878280720668,0.11878281207001977,0.13685548142746137,0.11909805653648302,0.022385369245367943,02020007
1,20.0,482.4094658469617,0.27825878005874477,0.1185019922693216,0.342443317828179,0.15780019742499612,0.26478950610914515,0.19800683116272905,0.03696014747495059,02020007
2,40.0,444.07492047492997,0.17550215152944884,0.1426169341150025,0.22028034021283527,0.2639256009342378,0.2588255458624716,0.2165344658896291,0.04043404710082644,02020007
3,60.0,632.9379142785559,0.48432653486907595,0.04798599970636835,0.591441882833326,0.21045643525666938,0.08675832569978258,0.09873936644902855,0.012603989761193543,02020007
4,80.0,519.1893673833125,0.35059519693771485,0.0809187608250204,0.5635273910626616,0.14689762594952455,0.17054482864209003,0.10402015071500773,0.015010003630716244,02020007
5,100.0,412.0644578836932,0.2002074485180656,0.12172504598376593,0.26900730963974523,0.22527216580703774,0.27385858676923563,0.1948644932687453,0.036997444515236066,02020007
6,120.0,434.6078052273221,0.3043542657567939,0.13669704363463567,0.35151607505809596,0.17001097951742256,0.2318801424448336,0.20246776522416227,0.044125037755485576,02020007
7,140.0,478.3758311454451,0.42591495921260397,0.08279605226440999,0.482384040602747,0.1835666068937823,0.15755917450448398,0.15354821921722772,0.022941958781758916,02020007
8,160.0,498.63475844838223,0.40974867396149894,0.08371322761235273,0.473874819274861,0.16436174891326452,0.19115392749336668,0.151626389708703,0.018983114609804713,02020007
9,180.0,381.207039203826,0.2028605429967909,0.1462247312023408,0.2786874761041653,0.21952455164786758,0.2388237250338853,0.22530767855701403,0.03765656865706785,02020007
10,200.0,394.4345074365031,0.23419523873724601,0.12445544158717403,0.27241360775482226,0.17441198421041962,0.308202534729677,0.21403987570630584,0.03093199759877507,02020007
11,220.0,428.5444232850954,0.3527861125182347,0.10483111904439076,0.3949818146066353,0.19686804320962945,0.20550487390762764,0.1733690137888611,0.029276254487246498,02020007
12,240.0,445.81851253505425,0.21758509284362676,0.12151149618311015,0.2623101648855577,0.16360519702341017,0.3509896534979726,0.19407096122263828,0.029024023370421165,02020007
13,260.0,385.6315012704386,0.23525306362763232,0.12765829303360665,0.30903344874784533,0.192475516304413,0.25898209801977745,0.20785897633362507,0.03164996059433914,02020007
14,280.0,388.0103086642531,0.25811063540057194,0.11044921061742546,0.32306673377574,0.22730816665987597,0.24334209462745743,0.17600268052683862,0.030280324410088006,02020007
15,300.0,389.71851235399237,0.27344790845257333,0.09411394672822374,0.31352588069615445,0.17153189224338197,0.33151198380681135,0.16304791522188702,0.02038232803176526,02020007
16,320.0,382.78413705282253,0.22647243961835914,0.12257498130079361,0.28208019188483224,0.16455833134694298,0.3211514832007608,0.20207457863788997,0.03013541492957418,02020007
17,340.0,405.16391473083047,0.33631595327830344,0.11774077634665689,0.3778535952192132,0.14426858180636404,0.2830686515159824,0.16245491342754778,0.032354258030892466,02020007
18,360.0,383.26493738404065,0.3464853155266151,0.10035355633279598,0.40221966031759915,0.20481340696107248,0.2045134170390358,0.1628545959030122,0.025598919779280208,02020007
19,380.0,348.32812063781176,0.2058423937192277,0.12793234122298247,0.2752523371932866,0.24875594262787648,0.2504075994175852,0.17970710635622086,0.04587701440503076,02020007
20,400.0,384.9717667426806,0.30788369370145585,0.09970327732799963,0.3720333559788232,0.15403272172667096,0.2595562913729357,0.19027939663347163,0.02409823428809856,02020007
21,420.0,353.5851216922617,0.24131814166049825,0.12035952131223475,0.2788564260330709,0.23970361470602322,0.2525169495397475,0.1985567050272125,0.030366304693945915,02020007
22,440.0,468.43223438905756,0.5277266761189107,0.07398578904442761,0.6039934900285807,0.1219737441015822,0.1453551208823801,0.11288174040997599,0.015795904577480962,02020007
23,460.0,860.7400480994106,0.7957539118760552,0.026820074695842872,0.8344918077966739,0.06471493848715025,0.05009922903880835,0.043496557357119686,0.007197467320247904,02020007
24,480.0,548.9176955202498,0.44622396099145006,0.10318719835675355,0.5084518353020446,0.120014859523165,0.19033486244072378,0.14488260284304427,0.036315839891022286,02020007
25,500.0,402.8965088882298,0.2835766508420432,0.10075853320892897,0.36910763418226517,0.19828099532100577,0.21614189098190448,0.18534904575586494,0.03112043375895967,02020007
26,520.0,383.5810818841895,0.254830075087789,0.12752054021364792,0.3041180914729956,0.1709685347839987,0.28698796338021204,0.2033078459068553,0.034617564455938346,02020007
27,540.0,413.1241414333818,0.12503516329371195,0.11406819357140534,0.17247999415752488,0.20419524890385815,0.4166730294972505,0.1812049790598602,0.025446748381506425,02020007
28,560.0,349.36226415896147,0.18240188857635722,0.13771122522632945,0.21593457549401018,0.20104309619049643,0.3000619938890581,0.25304178877377453,0.029918545652660732,02020007
29,580.0,357.015756856383,0.2281288160222695,0.11331225616977052,0.2969521793931025,0.21041348733984966,0.2682839244219908,0.1961321943428168,0.028218214502240272,02020007
30,600.0,374.4170736881225,0.12338107956885766,0.11087145222402059,0.1821057382543055,0.21828958085563283,0.3583218145199386,0.21928856954722856,0.02199429682289455,02020007
31,620.0,379.5147109336128,0.22952357675080728,0.12063302749958373,0.28113610491671226,0.1732143502670576,0.3157163928326103,0.20447759308289518,0.025455558900724665,02020007
32,640.0,403.5696162360535,0.20646475245211962,0.09776732486292335,0.2512518571121065,0.204892600897145,0.35014699290538936,0.16933601417940966,0.02437253490594953,02020007
33,660.0,395.47319087793323,0.19936105528958648,0.09920084461856427,0.23979031689460242,0.2522828767935091,0.2990601839654872,0.18354453044252964,0.025322091903871694,02020007
34,680.0,1458.7958869311572,0.8020029358179054,0.008081777525606937,0.8855112425314745,0.057714033574216374,0.036978305642280794,0.017538350277769194,0.0022580679742591502,02020007
35,700.0,635.4202999541687,0.7247486062028723,0.03192138652784699,0.6882076152443466,0.06733410005035972,0.17747853378716807,0.05990421341218044,0.007075537505945188,02020007
36,720.0,355.69333590296975,0.21702771034899426,0.13081820439559422,0.2763690745606621,0.2022121065776262,0.2673550323627151,0.22513351217661137,0.0289302743223853,02020007
37,740.0,359.16456965373067,0.2173889036807373,0.09177693096239561,0.27162959809865217,0.18754384113993436,0.2917641822609135,0.22740455624937744,0.021657822251122553,02020007
38,760.0,659.2834160646513,0.7061745391395811,0.02995995376599413,0.7221683606749594,0.06470142437375515,0.1438264797714149,0.0627583303173425,0.006545404862528124,02020007
39,780.0,408.7887103967704,0.28859057678548244,0.07596709222223057,0.332683606251091,0.1951436300454869,0.30600628942702446,0.1473216482434102,0.01884482603298749,02020007
40,800.0,385.98809536053875,0.21938241517064214,0.10398384671084213,0.2751258782303177,0.17886802926781975,0.34075177857025557,0.17927946056042024,0.02597485337118677,02020007
41,820.0,405.9242952195609,0.20224115842928755,0.07507380218083198,0.24393243380289276,0.1323022251972322,0.4645071525376654,0.13778547633499383,0.021472712127215892,02020007
42,840.0,414.877069312415,0.1849134089595469,0.12234179047581163,0.2186952757470277,0.18711797756594276,0.36312976578083295,0.20065052166348432,0.030406459242712316,02020007
43,860.0,403.10970971615706,0.19516534103086247,0.08198739997581479,0.22331081764131236,0.12775571032874916,0.48286242217759406,0.14866829067453205,0.017402759177812494,02020007
44,880.0,410.4623695505275,0.20864868893011201,0.09602633144377566,0.25646911365729513,0.1876919519130811,0.3512211120366277,0.17676060343568695,0.0278572189573091,02020007
45,900.0,392.34718327827915,0.1353147190599953,0.09608437545364983,0.17081679104695735,0.14690510061312204,0.48171049018936174,0.17749484850665473,0.02307276964390417,02020007
46,920.0,398.13503631576083,0.20137434846969576,0.10293472491347865,0.2789691852083456,0.15450251255428524,0.38051504875709363,0.1640602072332598,0.02195304624701575,02020007
47,940.0,416.3978125002958,0.23418176265174592,0.0970781248058411,0.26407441077655164,0.1627372843355355,0.3749231003319849,0.1749042848264888,0.02336091972943907,02020007
48,960.0,457.0011593323887,0.4759574921361383,0.06128749792601074,0.5007397770752431,0.14337643384758683,0.18762464563964135,0.15183244355967027,0.01642669987785853,02020007
49,980.0,373.06575581225405,0.1649256213795033,0.08455903523422227,0.23500132711164778,0.18353165493333015,0.3850432170571346,0.17438681873520676,0.02203698216268068,02020007
50,1000.0,380.7199921650195,0.2784538822658163,0.08220589976928064,0.35219231107101107,0.18655195661528198,0.25354611054480986,0.184951785670166,0.02275783609873121,02020007
51,1020.0,382.14073708915737,0.25285214394232897,0.08503394706650287,0.3052959877484289,0.17750396696159518,0.33388449632311196,0.16487363976833738,0.018441909198526465,02020007
52,1040.0,371.3663162886935,0.25103743546669527,0.08709041002012402,0.2813983228664654,0.1601133419167153,0.37012793981291897,0.17014957713971302,0.018210818264187408,02020007
53,1060.0,443.40799333101603,0.49411661412596836,0.05950322012943081,0.5615595501576703,0.1368494857394684,0.16205160386858927,0.12188891785928252,0.017650442374989642,02020007
54,1080.0,1050.6117131953736,0.8170315427438952,0.007879641195214821,0.8972367502607497,0.04851640083428429,0.03618501761505049,0.015855112620618794,0.0022067186692967425,02020007
55,1100.0,356.69963769406905,0.2138162954402278,0.09211103316469253,0.254825610604438,0.2686641100707381,0.28089029688198736,0.1772918575289691,0.01832812491386756,02020007
56,1120.0,371.0874014759506,0.1953201583997274,0.09107305549761847,0.2604917567559359,0.22551276478568275,0.33578214657394984,0.1566899356254377,0.021523396258993726,02020007
57,1140.0,371.49654540616007,0.22052027863615303,0.09519635657880472,0.25136586754136014,0.1930746234128969,0.36368398984692923,0.17211626327982277,0.01975925591899094,02020007
58,1160.0,394.3953716573537,0.2066747767148353,0.09193819973229822,0.24802017410373628,0.15590381103478643,0.4120111005568646,0.1657014282943328,0.018363486010279862,02020007
59,1180.0,344.31203377165224,0.28721312661882387,0.10533904974119897,0.3376481368763153,0.1511752105593268,0.2879473749159754,0.1952796748837652,0.027949602764617307,02020007
0,0.0,3364.2629882494134,0.13581683170504133,0.18009179639764072,0.2139502934452257,0.265049645300523,0.21655390655258835,0.26585236943160456,0.038593785270058384,02020008
1,20.0,728.4121626666048,0.6753200842714078,0.0266406789512443,0.7585086243616265,0.0936372130879327,0.09234914300715244,0.04883837748231577,0.006666642060972515,02020008
2,40.0,688.9742278128801,0.5054290990567735,0.027245726731074026,0.5678200608020025,0.12459001244641077,0.2394020672430521,0.06157432268196605,0.006613536826568552,02020008
3,60.0,825.6600140679003,0.6869899272500056,0.02173509315965619,0.7619989406084109,0.08890287465776374,0.09997083747078546,0.04398587868267163,0.0051414685803683816,02020008
4,80.0,633.2704761064557,0.5374100524409301,0.05742918554895456,0.6137499073657321,0.10154365697502542,0.17816313910092574,0.08870533066371299,0.017837965894603743,02020008
5,100.0,707.3876439595239,0.637756772972743,0.02622588219349015,0.6891724446235692,0.10200581187706453,0.15018292115760934,0.05144332906736951,0.007195493274387472,02020008
6,120.0,680.3011693111282,0.6820854986852716,0.04637073496440882,0.7076822546341183,0.09293455842460617,0.10835496587108816,0.0802177201386636,0.010810500931523966,02020008
7,140.0,606.3305731690773,0.4979524989760442,0.043508658521818164,0.5660356135017283,0.12177659481736604,0.22053966708240183,0.0820837710331254,0.009564353565378488,02020008
8,160.0,982.6814415853177,0.4749987406495501,0.06847075775505246,0.5494246280275442,0.1750377573824758,0.14485521613382457,0.11855463385008608,0.012127764606069437,02020008
9,180.0,820.6660785155872,0.3717729570869688,0.03834709891655569,0.491288296812291,0.14117829749270713,0.18061937663918737,0.17876877072623273,0.008145258329581772,02020008
10,200.0,562.2527978991678,0.39148711107011064,0.04635281378130066,0.4450044667565356,0.13671585633985936,0.28620732834914464,0.12076903665363548,0.011303311900824979,02020008
11,220.0,707.1452563046051,0.629734908283374,0.02704713882243573,0.657666278984091,0.08593624173579067,0.18286809954823283,0.06631722145962643,0.007212158272259058,02020008
12,240.0,609.7764913683386,0.4842139822885254,0.04081438573981719,0.5251914755535385,0.13218490550396242,0.24233032023056017,0.09230798743046659,0.007985311281472326,02020008
13,260.0,555.5454278902795,0.38983612287436725,0.0421685305221329,0.4485306264682871,0.12344567458209285,0.3236143046157963,0.09378959429876169,0.010619800035062023,02020008
14,280.0,822.8195114454163,0.6497990373356092,0.030899736426308173,0.6439147320998876,0.10827405826264906,0.16286091972099817,0.07836454712168832,0.006585742794776829,02020008
15,300.0,723.846204188572,0.7090346116402737,0.02931232236860542,0.7243820088793195,0.06328128777462753,0.144128141167968,0.06100407180162556,0.00720449037645949,02020008
16,320.0,1102.8498743223586,0.756267043773015,0.017128977847862433,0.8539265364631078,0.07670163488435974,0.03278352005183626,0.029161233358094868,0.007427075242601405,02020008
17,340.0,990.2428573401929,0.7356523245405842,0.024139770269425688,0.7881138850647208,0.07049114157440609,0.09827644703198904,0.035680618668244526,0.007437907660639544,02020008
18,360.0,1101.3550881916728,0.7586746707715485,0.013112035902718972,0.8308838038459642,0.07988656992843146,0.0602823801286629,0.025681043404310804,0.0032662026926307125,02020008
19,380.0,957.625787154383,0.5487223415798363,0.08032813641421763,0.6917820003057283,0.11826579803886787,0.0709775988403634,0.09477557674898084,0.024199026066059625,02020008
20,400.0,801.6622765935485,0.7671783608409153,0.021047909935719835,0.7950541436131361,0.08191656948321852,0.07626408774476649,0.04122079569277392,0.00554440346610497,02020008
21,420.0,761.4734108851538,0.3660831535860385,0.04399300382387714,0.4751159168858872,0.23934703669350338,0.18589070417203807,0.08946374867670363,0.01018259357186785,02020008
22,440.0,789.2205612320677,0.7707563743198333,0.02267514097530563,0.7614100460768778,0.07092832326397956,0.11449887479176711,0.04753029038121589,0.0056324654861595255,02020008
23,460.0,912.396321393396,0.7848823686646407,0.021002658320385954,0.8066655878433595,0.07329860401226458,0.08149058618492776,0.032493750946358355,0.006051471013089877,02020008
24,480.0,865.0088274377165,0.6610073914634061,0.0307728653741938,0.7077256741213227,0.0833542253006519,0.14610424530289762,0.054426764078677234,0.008389091196450602,02020008
25,500.0,852.9252342760092,0.7496269793336526,0.02232874119138449,0.7895196298271177,0.054234372340974814,0.1057107758632088,0.04528716610246921,0.005248055866229376,02020008
26,520.0,560.7132709284929,0.4150160457761844,0.06563906360261086,0.4651101801462912,0.1212070483079595,0.27664219750475566,0.12353699533639266,0.013503578704600857,02020008
27,540.0,521.0767305845466,0.5351816335279974,0.08306391211931975,0.5920717576416824,0.15577124912926854,0.09687603520137192,0.12639836084940118,0.028882597178275946,02020008
28,560.0,445.313315842952,0.3008353268356065,0.08221482981016681,0.4005322465861331,0.29860343752674523,0.13519082445485642,0.1454105084135826,0.020262983018682665,02020008
29,580.0,560.5949541648264,0.5788693971062222,0.05168992604097964,0.6172108746532227,0.09359202049443076,0.18453940915033698,0.09087029027001266,0.013787405431997066,02020008
30,600.0,553.7982520527455,0.5776772712171392,0.048678484692517274,0.6380025156662315,0.08416204516600911,0.17235156092812332,0.09086734869817377,0.014616529541462277,02020008
31,620.0,958.9987046365927,0.7522112964991465,0.01905097294467701,0.7968179353242387,0.07557879582404803,0.08752121439414212,0.03612903169682917,0.0039530227607420115,02020008
32,640.0,587.252705013555,0.5844125927135669,0.04729727016765955,0.635811308687382,0.10771739872777493,0.15509810253694448,0.08999303080126869,0.011380159246629782,02020008
33,660.0,389.5960919427671,0.2332875179521326,0.08235409056306266,0.35874509250534325,0.3194024400160098,0.1469115070998961,0.15455547710921017,0.020385483269540764,02020008
34,680.0,537.6657376060556,0.4236932308889716,0.057143818282544126,0.4608068725005781,0.16405604963419015,0.2601878803296809,0.10198295149807972,0.012966246037471096,02020008
35,700.0,626.7974790351979,0.49497804050626915,0.0434025753305314,0.5467865712975064,0.12725041332841558,0.23595894907160955,0.0792051766307953,0.010798889671673181,02020008
36,720.0,1038.2706074004673,0.6897363524499943,0.02380304979864458,0.7160214687295412,0.09063967678246801,0.14659469361848898,0.040857073365241345,0.005887087504260475,02020008
37,740.0,908.9893265706157,0.7284708043796891,0.016565691483501146,0.7865777735295102,0.06326129177796694,0.11033066609210344,0.0357677645695421,0.00406250403087747,02020008
38,760.0,704.2871890440587,0.6716363986826184,0.03109259646359537,0.7448776741326462,0.08773478096149429,0.09784988960405278,0.06131701290754644,0.008220642394260244,02020008
39,780.0,705.0790725204869,0.6438934883958319,0.029042871521316977,0.6842204886826749,0.12216615390440753,0.12955862519609185,0.05724541714026429,0.006809315076561407,02020008
40,800.0,745.5823459787255,0.627242265725756,0.023253126750600785,0.6841577496064104,0.09980245159656126,0.16300876951196663,0.04695702877330663,0.006074000511755141,02020008
41,820.0,1098.5962481749757,0.707450299499626,0.04124713291637869,0.7346543007993389,0.0716483562775388,0.12043738103722092,0.05888336448738244,0.014376597398519072,02020008
42,840.0,901.4873852375489,0.7187082282526082,0.021485671822521327,0.7638470693915034,0.0797860746206124,0.11138810834703713,0.04074451608786822,0.004234231552978822,02020008
43,860.0,986.104718090839,0.7454324468440782,0.016566735047703646,0.7798136444859854,0.06917540034312179,0.1157626000887904,0.03123598831600625,0.004012366766095985,02020008
44,880.0,790.9787056304536,0.7042426757429147,0.028139696700738466,0.7482469948711445,0.08842920355484436,0.10269701332563476,0.053583850835695654,0.007042937412680861,02020008
45,900.0,784.5450231673476,0.7513062565662278,0.027648763173598986,0.7639384265827265,0.06769480635554728,0.10756283551342292,0.05474282043497957,0.006061111113323789,02020008
46,920.0,715.310128258234,0.5734956414046073,0.0278884863379078,0.6016852089814355,0.10825230391221373,0.22619418617399728,0.05738082082755946,0.006487480104793909,02020008
47,940.0,880.9747594346708,0.6355486283573359,0.06483963885029516,0.6675699001816836,0.07612309287173132,0.1594920996150542,0.07102255854578693,0.025792348785743928,02020008
48,960.0,880.6579877996177,0.7670796896662543,0.018556521352920394,0.7716087769274792,0.055026749298059986,0.13232037933095206,0.03685496485000314,0.004189129593505741,02020008
49,980.0,903.9320368145063,0.7312543790375927,0.017508751296009966,0.7490087745475706,0.08953662697232073,0.12135134677277423,0.03551182799348424,0.004591423713849971,02020008
50,1000.0,989.9918942390743,0.7816217510660837,0.016552078050654468,0.7973240235798011,0.07026412204256566,0.09630569277459351,0.030814472356483224,0.0052916892465563045,02020008
51,1020.0,602.1213845725421,0.4050955886569539,0.04990663477798726,0.4827270698340828,0.15763985987462417,0.25413520474261936,0.09269528291866047,0.012802582630013064,02020008
52,1040.0,721.5501417327415,0.5609752303487059,0.033823265521562666,0.6155049252775713,0.133639104954865,0.18260729033096937,0.05706703158291671,0.01118164785367779,02020008
53,1060.0,815.2488932850829,0.5859122860842909,0.024276552085464292,0.6781226006498069,0.09423630003417245,0.18051830750601924,0.0401767655654344,0.006946026244567117,02020008
54,1080.0,884.5289952941383,0.612388663558619,0.037961046659564485,0.6928728324639236,0.10330806495778112,0.13708128068999917,0.053931226562092545,0.012806595326203568,02020008
55,1100.0,898.5017992214322,0.6944644573785036,0.023713809020104122,0.8032325384698101,0.10733511148034879,0.03635116828944986,0.047322692627175054,0.005758489133216163,02020008
56,1120.0,956.4853008315788,0.7322518595767281,0.015551291425643926,0.7579132220103285,0.09726083354008051,0.11104081761629644,0.030014424698784625,0.0037707021345098866,02020008
57,1140.0,707.3990390223511,0.5988464589430325,0.028437453386684474,0.6336824867691483,0.11474554416003721,0.1877072232839812,0.05681333258612498,0.007051413200708405,02020008
58,1160.0,941.5408659600862,0.8004537288352789,0.012418506772730736,0.8630897306673938,0.05747787837501718,0.05295355648718529,0.02320205689817699,0.0032767775722267675,02020008
0,0.0,502.8282821846291,0.5062229421511627,0.02651873490226148,0.6662224984711946,0.15048208781429312,0.13542658689992895,0.04015259314463379,0.007716233669949431,02020010
1,20.0,416.61599449665823,0.31734346507523353,0.03274476937715225,0.3489847730517353,0.1479709241477742,0.423744100080198,0.07043160007030128,0.008868602649991167,02020010
2,40.0,479.7838228793281,0.5531218137473022,0.03427903738606103,0.6181778473211111,0.1123423495922784,0.1991648988999699,0.056863750806075905,0.013451153380564643,02020010
3,60.0,409.3791052692678,0.2749216050965584,0.03930286533980225,0.30894152714532874,0.10749727793290018,0.49618026284255773,0.07794112506733274,0.009439807011880656,02020010
4,80.0,418.1601225828569,0.21560511562525692,0.03143546490717503,0.2796354055704049,0.18830668997994907,0.44521251174726983,0.07928928611175592,0.007556106590620254,02020010
5,100.0,413.4758434242275,0.2763810365789444,0.034367055176013774,0.3192213634678753,0.13845442287209173,0.4537336374467029,0.08070126198860413,0.007889314224726008,02020010
6,120.0,383.91096037725083,0.23728218841338602,0.050409904208537956,0.2925818848728825,0.16181054840224224,0.4314769847487766,0.10270502482277652,0.011425557153322186,02020010
7,140.0,440.172476948234,0.17053296486838843,0.028332815697924996,0.19245383517475445,0.11818273116508704,0.6227062342676629,0.06048053424449131,0.00617666514800428,02020010
8,160.0,361.4004577890668,0.14157592817763434,0.04454797809597438,0.17927745884065577,0.14953739315247863,0.5302385092303293,0.13075135725970627,0.01019528151682994,02020010
9,180.0,465.4411944938549,0.23645027133511737,0.060343544415630355,0.2831497297427675,0.09187632521413498,0.5168244797333815,0.08860413688876499,0.019545328420951084,02020010
10,200.0,465.71126089747196,0.31386917066850906,0.027098548193456844,0.3552900376531912,0.09860539458527322,0.48441118187850607,0.05389322591499119,0.007800159968038305,02020010
11,220.0,448.00345741483056,0.19241782801155083,0.02688683419586736,0.22973676576564986,0.11543258306983555,0.5896197293257299,0.0586360165713139,0.006574905267470695,02020010
12,240.0,493.21435591072856,0.44673767099363515,0.03184999879890625,0.496102491526008,0.12391832466708413,0.3025330866092533,0.06956637952787582,0.007879717669778666,02020010
13,260.0,454.79557467685913,0.37670567234573593,0.18544677999558454,0.42558643600569074,0.09702128421531464,0.19977783200344593,0.16836450139181977,0.10924994638372894,02020010
14,280.0,701.1762741655073,0.5301099725993106,0.0947150206297372,0.5922480931940928,0.08172010658007758,0.17270204939597844,0.10787152232929978,0.04545822850055153,02020010
15,300.0,550.8830020935368,0.4981129183097102,0.019474870919602517,0.5481190347691748,0.08986238171467424,0.3162991069977387,0.0409726513632243,0.0047468251551881085,02020010
16,320.0,609.3621034634423,0.5527785745773993,0.052449534107293805,0.6037735528805502,0.11314308439759659,0.1948257308563264,0.07294014982531093,0.01531748204021594,02020010
17,340.0,696.1431578938293,0.4181226236435196,0.0658075085802886,0.5038092893115196,0.15907200621433265,0.23582107186197598,0.07819274444238773,0.023104888169784038,02020010
18,360.0,846.7339823150272,0.5450311764484149,0.05261946289051562,0.6419547274769565,0.13790259264110066,0.13326355342043922,0.0648048360908942,0.022074290370609526,02020010
19,380.0,709.1423198334089,0.5953931750304473,0.024743452477105254,0.6852294140610877,0.07213290441220152,0.1908932030717559,0.04220337270485934,0.00954110575009546,02020010
20,400.0,825.8430387788023,0.41159016804178394,0.11992928561385767,0.5554374071763675,0.11529231119240788,0.12970248365744422,0.13847546936844848,0.06109232860533183,02020010
21,420.0,613.2328982920052,0.29858136445983385,0.134727964076686,0.32709105803914307,0.08498783940595211,0.39792577665352696,0.15316079313090167,0.03683453277047638,02020010
22,440.0,713.1313485060062,0.5558289018194564,0.03339766864313358,0.6687610720335384,0.1391964231353163,0.13666788286428608,0.0419006243846648,0.013473997582194364,02020010
23,460.0,631.6926274997184,0.3546653487894314,0.15885261851278704,0.37946301189884746,0.09145978558586405,0.30675626147381985,0.16092698009831802,0.061393960943150735,02020010
24,480.0,612.7717893759904,0.46608707300786145,0.024679648113672226,0.5315839199906259,0.14770547390459987,0.26031681367997284,0.05284824365753706,0.007545548767264523,02020010
25,500.0,1087.8359418895304,0.5878788075650769,0.051910846976406085,0.6886617856663195,0.15731426643858687,0.08179334675392652,0.05047322930634337,0.021757371834823735,02020010
26,520.0,1179.6694500348679,0.4029002335780206,0.09431822482889496,0.5297346401977528,0.2162410336453719,0.11054588495163965,0.11919866007023316,0.024279781135002412,02020010
27,540.0,1153.5063808147218,0.5511357032801901,0.039685349905052986,0.7062753959404767,0.15050149259543474,0.08302301873266241,0.042067201184123215,0.018132891547302875,02020010
28,560.0,1081.9926286070936,0.5152466652364797,0.03490198769199095,0.6778214159850471,0.1569210218818992,0.10782823345990605,0.04945370261150676,0.007975626061640798,02020010
29,580.0,847.69120272751,0.4368204023022877,0.03821541943595769,0.5980427440838046,0.1923682855480596,0.14856514270812723,0.04632967895533863,0.014694148704669847,02020010
30,600.0,662.003851103488,0.4095737829765992,0.05300955074162198,0.46603413929150767,0.10003054647393603,0.3491516279681344,0.06716576664030655,0.017617919626115364,02020010
31,620.0,594.9897060298881,0.47342272829679655,0.03824212253686038,0.5660562421215412,0.1563065376651455,0.21122217444176872,0.051204715651267205,0.015210330120277442,02020010
32,640.0,628.3475141796846,0.5419015699824672,0.026808005790430516,0.6051189897741516,0.10587019075447303,0.23459317585873285,0.04779896396370123,0.006618679648941375,02020010
33,660.0,621.7337411898242,0.4032861372181827,0.03258949497901523,0.4272465318339303,0.08954900308799012,0.39645074804168307,0.07332218428685092,0.01343153274954561,02020010
34,680.0,512.7381805812425,0.3124480125885105,0.0574640728136944,0.36240708999901017,0.12194282638716412,0.39098347823575963,0.10488067403564114,0.019785931342425025,02020010
35,700.0,685.6495100580343,0.4174697357390015,0.05933467017950204,0.502598071857835,0.1847131590985465,0.21672534087740328,0.06885747420592575,0.027105953960289555,02020010
36,720.0,851.8080811696625,0.5724335706546045,0.10263802355644935,0.6187904329973324,0.0838685749163796,0.16525503956042967,0.08389782220187408,0.0481881303239845,02020010
37,740.0,562.7325120488675,0.34649745055876513,0.017983625535173606,0.40906235969114035,0.1002880130202474,0.43818264491770204,0.04817999592273821,0.004286986448171949,02020010
38,760.0,477.88233446423845,0.175435954159462,0.022877486049174455,0.18977266826713735,0.13579142795317728,0.6208991562353491,0.04841032206167782,0.0051264254826585386,02020010
39,780.0,695.2314810175745,0.6210699324205905,0.08081287729827447,0.6439756853595937,0.1061365521667562,0.13984776455264875,0.0721315426778418,0.03790845524315947,02020010
40,800.0,492.32011869784736,0.43991283647370577,0.022986139466079157,0.47456315107929614,0.09112678467220961,0.372170678552201,0.056406328111317836,0.005733057584975363,02020010
41,820.0,1071.8705941273686,0.3856463543749026,0.2975251790525173,0.443330421955433,0.08962631499831064,0.09289648202155597,0.27246433906482603,0.10168244195987447,02020010
42,840.0,535.4142747455129,0.2476323217271517,0.02046465980761168,0.32208052797588144,0.13763014395358117,0.480301737781559,0.055569470882887835,0.004418119406090457,02020010
43,860.0,413.86142468109716,0.2306738675709456,0.028383404419279022,0.2660417902600782,0.1413183835955213,0.52392318487847,0.06098746110153456,0.00772918016439599,02020010
44,880.0,577.8726097353682,0.5328044489808259,0.07252963517319685,0.6026457038710672,0.14136297635305028,0.1491181303736054,0.07810121760398829,0.028771971798288904,02020010
45,900.0,931.7814630494079,0.08790706132626358,0.5359984248011641,0.10719529552369551,0.023456835091417702,0.21651095413987767,0.39391880701408993,0.25891810823091904,02020010
46,920.0,426.6645970073812,0.18687766407346343,0.025931660408378028,0.2182410292123281,0.1694136114561055,0.5437102496151327,0.06319068269864073,0.0054444270177930465,02020010
47,940.0,371.03853210489905,0.2833782319201791,0.038073116807778494,0.3159351767244151,0.12201985691273616,0.4761909324198321,0.07842226928085055,0.007431764662165966,02020010
48,960.0,375.55986055138465,0.46313792680360316,0.048655247518201716,0.5101335396000957,0.11647737452548831,0.26441008124110754,0.0982514923778464,0.010727512255462061,02020010
49,980.0,494.48431646897785,0.14547060217717608,0.15597335457556227,0.1712730481085787,0.06924255830062422,0.5392919767406592,0.13994724308946438,0.08024517376067355,02020010
50,1000.0,500.6001592674362,0.5016200522866449,0.07487300077936876,0.5854112473700047,0.10163852986902162,0.18488672924066518,0.10033847906225297,0.027725014458055555,02020010
51,1020.0,424.338945655722,0.2860452738535417,0.021683703945143944,0.31899521831025957,0.10583376001130058,0.522510233379201,0.04715350843429308,0.005507279864945665,02020010
52,1040.0,365.85562625831244,0.438669366890644,0.03239718706310537,0.4974261066167665,0.14724187690159393,0.28372564654357624,0.062673717471459,0.008932652466604319,02020010
53,1060.0,337.77443769954624,0.28355894805043325,0.04612679278232802,0.3374273996384478,0.2115059538893024,0.33565112380328105,0.10566478261621921,0.009750740052749592,02020010
54,1080.0,397.18714443844897,0.45008812131771797,0.062264826222190706,0.5016894738640865,0.12016216818307215,0.2654380104871895,0.09365740765313685,0.01905293981251488,02020010
55,1100.0,331.22005279115376,0.27251195907116077,0.04015919014345702,0.3541634379386771,0.1882062961333497,0.3608399253752585,0.08862194164005095,0.008168398912663589,02020010
56,1120.0,303.4478424234392,0.2470582519962033,0.059544040587178326,0.28871022716348566,0.20607519074972866,0.33603131474554576,0.15801620400662247,0.011167063334617361,02020010
57,1140.0,297.11798012351704,0.47701646024662153,0.0570984220448061,0.5846594541162698,0.15748139768239852,0.13959991902041427,0.1044833347520402,0.013775894428877255,02020010
58,1160.0,330.1700704964662,0.24774249249458144,0.05903215634285803,0.25703065902450806,0.18692205344778623,0.44165642111329945,0.10214256227756885,0.012248304136837296,02020010
59,1180.0,295.27210098524887,0.3768822605008007,0.07961255917850436,0.4576764903568433,0.20506383352958032,0.1785030382433835,0.13873245512767493,0.020024182742517875,02020010
60,1200.0,438.88187838188355,0.3504312831335975,0.1727953792333577,0.4102373822342449,0.10839654715904336,0.22794621570617027,0.1950505134993075,0.05836934140123394,02020010
0,0.0,1294.1531365242197,0.8423974640597587,0.013396804464953498,0.8495527862661633,0.06461289049173088,0.05110004963528111,0.03166049650452139,0.003073777102303272,02020011
1,20.0,1379.2637976586577,0.8983748457820748,0.01320422959642433,0.8422141652991582,0.056759857492996786,0.06431233683967989,0.03408812267529517,0.00262551769287001,02020011
2,40.0,546.8433917052677,0.5877962099383031,0.034687327304816516,0.6143167636468758,0.12397133813648578,0.16905678212313752,0.08623403934806734,0.006421076745433547,02020011
3,60.0,852.0149950773997,0.7645018506856779,0.010985485239741763,0.8439888373003144,0.07944749320728267,0.04833546897844743,0.026426381070299435,0.0018018194436560397,02020011
4,80.0,846.8542355906533,0.8901229301237672,0.011190449627109234,0.8614879118614732,0.061587681578649196,0.04725710950308941,0.02798767461428749,0.0016796224425006914,02020011
5,100.0,397.04467796815936,0.28949020590827806,0.05487979090082181,0.33892509494506345,0.26629783823544995,0.24305334424043537,0.1423789219309891,0.0093448006480622,02020011
6,120.0,454.86764646226044,0.5225040547634193,0.033156905746271795,0.5749812711381191,0.1415378075893945,0.18429039031546668,0.09431283324427765,0.0048776977127420705,02020011
7,140.0,347.88593605396164,0.17883901364764512,0.08004570558135071,0.2776940761630494,0.25145380256621874,0.2855227004987868,0.17483008987742987,0.010499330894515144,02020011
8,160.0,346.7216487516963,0.23928865854756418,0.08154584254567825,0.2903086377596834,0.27259178082429025,0.24427969037076114,0.18378160484863545,0.009038286196629799,02020011
9,180.0,340.96958177205676,0.15614346978609214,0.07562880677738183,0.1870261380553044,0.26939282267989356,0.3436251660466513,0.1892053131688199,0.01075056004933075,02020011
10,200.0,346.4495808638074,0.187021700884591,0.06894208244164438,0.2190837961365268,0.2682150434894145,0.3165628841034185,0.1874801335081218,0.008658142762518386,02020011
11,220.0,333.0605362355331,0.19369432463276823,0.07493206052493669,0.2268330853627867,0.29002184555670024,0.2763124202661624,0.1948577796402914,0.011974869174059306,02020011
12,240.0,322.99574320900524,0.20808251669493255,0.07672616714800119,0.23300672023050914,0.2708446040779041,0.28846972891564077,0.19825863397586121,0.009420312800084598,02020011
13,260.0,331.8078104675011,0.2171171151743818,0.07358128628399895,0.2660731397911181,0.2406192950819773,0.28878474260334747,0.19312467681904272,0.011398145704514657,02020011
14,280.0,332.0458696393424,0.1995127603061305,0.07762479415894191,0.21682578066380753,0.3091692823446963,0.26088986847683016,0.2029020454583984,0.010213023056267747,02020011
15,300.0,340.88479469172,0.21809337418593572,0.07479461244947815,0.24315521777234275,0.31406076553620244,0.25123417288913397,0.18295241780259647,0.008597425999724422,02020011
16,320.0,346.74313068665583,0.31679948879172654,0.06728988050088124,0.3948231855640238,0.23246970330811476,0.1950082312859886,0.16903985984831582,0.008659019993556972,02020011
17,340.0,346.6556079431876,0.18815692245115,0.07718943162701433,0.2208944346648968,0.23877572509888811,0.3311823359708943,0.1981669481821907,0.010980556083130116,02020011
18,360.0,316.143091591224,0.1356699371553312,0.08683414852845343,0.17947509205275822,0.2755612444137964,0.31007127711739163,0.22364695169691515,0.011245434719138525,02020011
19,380.0,309.58809333276474,0.19058450031387225,0.08413622459533816,0.2373852293341153,0.28714284871839035,0.24940856039660683,0.21150887902291432,0.014554482527973115,02020011
20,400.0,326.3122060438617,0.22339901684892888,0.0660750517762435,0.2676985292236109,0.2506221067802188,0.28904866425395503,0.1811293249090373,0.011501374833177905,02020011
21,420.0,326.91257696718026,0.33306499052920613,0.06432359524922494,0.3697779396445049,0.21654973870526256,0.2339012495011037,0.16940911112634005,0.010361961022788904,02020011
22,440.0,316.49328153900194,0.16299628110333259,0.06932834950341088,0.22970970481869687,0.301699194009011,0.2646202065252199,0.1937812229505347,0.010189671696537563,02020011
23,460.0,329.1885438046935,0.15925409944525795,0.07914965057714164,0.20169135630656715,0.2704641744335092,0.32304921889163124,0.1956409015767961,0.009154348791496281,02020011
24,480.0,414.96369337177276,0.5104984730720992,0.04428557960158578,0.5417137760812116,0.1858213475631789,0.1591070470369382,0.10780151000888369,0.005556319309787723,02020011
25,500.0,714.4746008815349,0.8191407687696362,0.01480715768632206,0.825104229109163,0.08304059622506207,0.047459426398173236,0.04218769382480166,0.00220805444279998,02020011
26,520.0,338.7312952300728,0.26454972019129236,0.07287784840720801,0.33229294504962387,0.2647812566588023,0.1936524438038856,0.20021623357406956,0.009057120913618618,02020011
27,540.0,2244.5824679500693,1.0196424927663899,0.0017636382559322221,0.9710942133017499,0.017744277842321007,0.006153990843758411,0.0047988418647996476,0.00020867614737098922,02020011
28,560.0,621.879429686307,0.6782348350179049,0.01639347063320111,0.7391782641427986,0.155683236253617,0.05605420796607217,0.04729500142318306,0.0017892902143290606,02020011
29,580.0,332.3439058785437,0.23927693552827758,0.080762599549787,0.28000655881766323,0.26099090422633425,0.23620301424873222,0.2112447948633744,0.01155472784389574,02020011
30,600.0,1733.3747746412491,0.7722043101484191,0.0260074243773734,0.7328879991427127,0.1149459592391841,0.0764555698063583,0.07232090108421017,0.003389570727534798,02020011
31,620.0,392.87386381127897,0.2846663869621686,0.07241393778586785,0.3785940129044266,0.2406111007336903,0.17486924067160153,0.1970253113046187,0.008900334385662964,02020011
32,640.0,359.91069734859764,0.3218220289842809,0.06844911714676027,0.3563672399967038,0.2498622286501068,0.20380479593271647,0.1828699859682392,0.007095749452233763,02020011
33,660.0,413.71350995076847,0.4479177876809562,0.05517966118556288,0.48054067489675384,0.17743016125231154,0.1918744402468057,0.14379548501622294,0.006359238587906056,02020011
34,680.0,336.9233022332505,0.21045772374427285,0.10403447487750346,0.24978669297890987,0.2470593067319764,0.2123716898038648,0.27037001157976026,0.020412298905488686,02020011
35,700.0,2860.1292557038437,0.9653846197572531,0.0008876175720084549,0.9701679526731402,0.023439776331499556,0.003619369244737778,0.002651386782468055,0.00012151496815444487,02020011
36,720.0,330.17716984608944,0.23187819068684015,0.06922548471259596,0.2923893808906565,0.2635849229710243,0.24511377203154697,0.19064125751950015,0.008270666587271986,02020011
37,740.0,613.6976693881911,0.5752030380155749,0.037859763388399845,0.5949838887138011,0.1582378557734947,0.14411974142944028,0.09800078358825891,0.004657730495005128,02020011
38,760.0,346.0622475533572,0.28664365205728354,0.07596577029495585,0.3222664861510868,0.2836919905625123,0.18925826756584224,0.19630525972536775,0.008477995995190831,02020011
39,780.0,455.3472194675833,0.3749571247678454,0.04692959249174162,0.46433590690115867,0.24416132054474077,0.15044049235193685,0.13604770096483054,0.005014579237333176,02020011
40,800.0,2348.538030910946,0.9909219708820389,0.0015698193010595903,0.9741272008002909,0.01470879593849385,0.006292804353567502,0.004648447526318617,0.00022275138132913825,02020011
41,820.0,353.0409302887614,0.3036888010499828,0.0705621644268524,0.33048920315434804,0.27373235015924857,0.18844827200447878,0.1989555256299325,0.00837464905199221,02020011
42,840.0,335.093219355032,0.2002561419713906,0.06495765725124808,0.2515835003672965,0.2805235808093865,0.2806373292343749,0.17784467475558377,0.009410914833358434,02020011
43,860.0,1122.4991765626512,0.832748551240842,0.006704111222100018,0.8547915825724013,0.09892510439762613,0.026819112962684518,0.018672624006348445,0.0007915760609396745,02020011
44,880.0,1012.1121264105676,0.467905542469447,0.016131160232592964,0.6146570712276278,0.2166568492206156,0.11228437241158426,0.05412570516264194,0.002276001977530363,02020011
45,900.0,949.821910112808,0.5519903311595958,0.05726867910594256,0.6087618135671107,0.15546598807824394,0.1176220798103153,0.11156605259956777,0.006584065944762318,02020011
46,920.0,421.22163071268676,0.4272321796650234,0.053350432966682695,0.488523834988989,0.2085271291930407,0.1373272407515227,0.15553301345940343,0.010088781607044095,02020011
47,940.0,337.48584131459324,0.21289056925528868,0.07432316851082289,0.2772276046046453,0.29627365373634296,0.21668827683350206,0.20195727019798917,0.007853194627520516,02020011
48,960.0,331.5334539779937,0.20602844454572675,0.07766900420048413,0.22258033563992505,0.2492134783862019,0.30938159164576856,0.20828652188343477,0.010538072444669644,02020011
49,980.0,315.1629988116012,0.18331305012073126,0.08841436058844794,0.20650528816649835,0.27726323369106953,0.28649046927276145,0.2162142404084725,0.013526768461198234,02020011
50,1000.0,323.23826959959166,0.2105268503911002,0.08117730552920839,0.2735836839806375,0.2917296863501519,0.22269628692858712,0.198549361091859,0.013440981648764588,02020011
51,1020.0,297.02966664903056,0.16956816021593984,0.0832394565278372,0.21801413832435676,0.281412113274812,0.2737680741675615,0.21495873069790034,0.011846943535369395,02020011
52,1040.0,495.1155474735467,0.5149971420643645,0.04899297159733947,0.6385524445800356,0.142931585694552,0.10011857396844774,0.10605621272466315,0.01234118303230159,02020011
53,1060.0,361.25839773575353,0.29866986512473737,0.0754849837763332,0.3563439211599354,0.20532441192123901,0.23553417016225267,0.19192515160541426,0.010872345151158608,02020011
54,1080.0,473.87353464587926,0.4463835090248903,0.04152433684606591,0.5370526943577385,0.2168543835292709,0.13399444112242656,0.10635479294168414,0.005743688048879869,02020011
55,1100.0,351.95153689817636,0.2538137526411646,0.06976718033621233,0.2843983093943489,0.23785618179302628,0.28404601718122263,0.18363032392049167,0.010069167710910504,02020011
56,1120.0,427.7791873984223,0.3962914124215948,0.04911030974425218,0.4307573470506705,0.19922209263555296,0.23069674700679205,0.13110326550301257,0.008220547803971922,02020011
57,1140.0,1780.364864868289,0.9447905260841424,0.0018309457012855284,0.959673256054511,0.024726208444108406,0.009966541388577301,0.005351821566806441,0.0002821725459966886,02020011
58,1160.0,341.6473794092867,0.2187054816595655,0.0651049072626824,0.2583170393187577,0.21590897233008002,0.3345715939952501,0.18186605314730858,0.009336341208603601,02020011
59,1180.0,321.51261579125645,0.16689134855011806,0.08400788966203934,0.19333734364495772,0.28671198531154246,0.3003195249331945,0.20980002478708384,0.009831121323221424,02020011
0,0.0,2244.185230696362,0.7363607391625688,0.018528626348181136,0.7593347171003338,0.09054116356868824,0.10698194337195492,0.03498252674016378,0.008159649218859123,02020014
1,20.0,1179.1256642224344,0.5206931337614039,0.020245751906635214,0.6078457660655102,0.1768047750640681,0.15953678558663903,0.048460682549473943,0.007351990734308736,02020014
2,40.0,683.1712401141939,0.43391134699748235,0.0388996993855739,0.4962097967495421,0.0806230569930246,0.3301572754884775,0.07954430348352336,0.013465567285432665,02020014
3,60.0,679.8447646940233,0.32338449846468603,0.045752752300034914,0.3786558839276642,0.10768698901147496,0.415191829576958,0.08543127804768647,0.01303401943621636,02020014
4,80.0,684.7581221511706,0.3041462385253038,0.04722678886150144,0.3405446471759089,0.13670476808330667,0.4200747619684206,0.0906390432995123,0.012036779472851566,02020014
5,100.0,670.6946983532889,0.1811033088480892,0.03649011364225072,0.217678546680322,0.14250111740663302,0.5500710982220159,0.0775656789618042,0.012183558729224851,02020014
6,120.0,671.9931628871226,0.21310789266527877,0.03495806756273649,0.255618152497959,0.1202083769770677,0.5369857883357746,0.07474531243643219,0.012442369752766516,02020014
7,140.0,614.860141939691,0.2723515012421882,0.054968253014305,0.33863829407108303,0.1346240037770299,0.40740194153807097,0.10396835060932556,0.015367410004490685,02020014
8,160.0,610.9255720007922,0.24370261344652208,0.0553303151156996,0.2818807681547664,0.12842892350792368,0.47230919567451957,0.10159427633382521,0.015786836328965135,02020014
9,180.0,732.6674082081506,0.20537891630693877,0.02977593834192402,0.3139568950584599,0.2596408877215569,0.34635895586862503,0.06909517081927294,0.010948090532085257,02020014
10,200.0,753.4522149534463,0.1529047814362814,0.03504824209586832,0.24586875941733688,0.3394826299081332,0.327073404615636,0.07770603517412442,0.009869170884769598,02020014
11,220.0,829.5934641604747,0.13991436314969583,0.026179520628951347,0.21962303492739654,0.313487223035866,0.3913371787452621,0.06672223498039591,0.00883032831107956,02020014
12,240.0,744.1377125549747,0.1846624479521099,0.03353693505310934,0.22991499691355521,0.29730489812001276,0.3760663467874699,0.08641223632483844,0.010301521854123467,02020014
13,260.0,718.2538088369515,0.12331882021168751,0.03733285241429212,0.17551859899606495,0.2961169284938275,0.43253137253152607,0.08404036197995512,0.011792737998626361,02020014
14,280.0,710.1575605522688,0.11888071675119204,0.0380938619381236,0.14923554815276463,0.2888826818665407,0.459882724946535,0.09259142668349983,0.009407618350659742,02020014
15,300.0,568.5645959683154,0.28525771548579987,0.07143562123989065,0.3143452590842917,0.25066183116660123,0.27624839408881646,0.14016614661115595,0.018578369049134565,02020014
16,320.0,704.3034129360523,0.20301329389939643,0.04657403244332482,0.239876528676283,0.19591769862941102,0.4681833708297734,0.08457036217132055,0.011452039693212042,02020014
17,340.0,594.0026752290225,0.1345160201238117,0.05823324823776615,0.1837330015569395,0.22404245437857442,0.44726017889171626,0.12724898969221896,0.01771537548055086,02020014
18,360.0,611.598316636678,0.14996643099276527,0.05648186790651017,0.1874735813003415,0.23155972579731862,0.4293772623434598,0.13024340203062995,0.02134602852825011,02020014
19,380.0,657.4709575708579,0.14065706181192406,0.04713188540075144,0.17231527516847625,0.2161432304953423,0.49278169563877877,0.10463965298903113,0.01412014570837163,02020014
20,400.0,609.8978135415192,0.17428380539929253,0.05237085025651987,0.20995077115167018,0.21428907826358665,0.4417325736255056,0.11844898549144633,0.015578591467791262,02020014
21,420.0,651.4752533994,0.13694299710403066,0.047749693956867775,0.17422600456405987,0.21401654822900748,0.4891056929332055,0.10755569716122214,0.015096057112504991,02020014
22,440.0,621.7232083451098,0.10898105478683426,0.055200496372196046,0.1456284802077826,0.1719179532757716,0.5383317632795211,0.12730006371105948,0.016821739525865204,02020014
23,460.0,573.3339936046581,0.13848417716399844,0.05550833986486157,0.1671676128463048,0.13934506712295322,0.5543214219502723,0.1183007260057664,0.020865172074703325,02020014
24,480.0,648.6300842563736,0.12720828342597848,0.04642202652875836,0.1486262754587591,0.1144770575955195,0.60731618360673,0.116371083014652,0.013209400324339319,02020014
25,500.0,648.4177627898262,0.13603172497610003,0.04776241057369334,0.1587025487131184,0.11975818576090243,0.587287329386317,0.12070852734890367,0.013543408790758495,02020014
26,520.0,590.6446591639706,0.157855807347895,0.06008653982473712,0.1760176407931747,0.10606025990365264,0.586554989679324,0.11292982146859824,0.018437288155250576,02020014
27,540.0,563.5416440233073,0.12354773638802362,0.06227374302968116,0.14360827476738042,0.10923836577362234,0.5944865197874767,0.13468762397539435,0.017979215696126323,02020014
28,560.0,585.0920042173466,0.10322410478345657,0.05744450948424385,0.14353519473946832,0.15490529798588965,0.5436588814602173,0.14058896097369897,0.017311664840725677,02020014
29,580.0,670.8498946538839,0.12310092924135779,0.044405674421621445,0.14208639433738565,0.12420172724465693,0.6128684784719788,0.10798675003058585,0.012856649915392907,02020014
30,600.0,566.5931541831795,0.10635599364273908,0.05764313363228738,0.12377740578158491,0.14429928735731012,0.6018573058717498,0.11707256721501448,0.012993433774340618,02020014
31,620.0,574.2659206037149,0.1334924715517142,0.060243636302351376,0.16766405422867198,0.1463129292165116,0.545092938572429,0.12347498296066599,0.017455095021721365,02020014
32,640.0,552.1943006289857,0.12525548529914826,0.05821708911218421,0.15527695570469108,0.11513131230175995,0.5839461120870786,0.12646543799387217,0.019180181912598186,02020014
33,660.0,432.53409542118993,0.19810587362068235,0.08310167270290904,0.22777289994785674,0.22257451361349673,0.3503297251562365,0.16550108691373583,0.033821774368674166,02020014
34,680.0,591.864919417805,0.13779326745204343,0.047794295002995424,0.15981165086207158,0.12349810400172699,0.5858442825600564,0.1167258431981373,0.014120119378007936,02020014
35,700.0,534.0981094067315,0.1344007325963786,0.056291306444135124,0.15554713960994482,0.13441773096890564,0.568520808964989,0.12151984000373929,0.01999448045242132,02020014
36,720.0,607.5226532260489,0.1328713454282713,0.05291582157251723,0.16892820877061782,0.1520356499880023,0.5366716377628978,0.12834742083598732,0.014017082642494778,02020014
37,740.0,609.9196216891163,0.10044564138711039,0.05199415415304006,0.11717735819469893,0.10466373994989464,0.6432672827319759,0.12127490070432335,0.013616718419107329,02020014
38,760.0,621.9654998339328,0.08428283648516585,0.047914622601491305,0.11059411512077819,0.1372390649796714,0.6300342390094853,0.10746821613377815,0.01466436475628691,02020014
39,780.0,547.5409486000818,0.11200065235108736,0.05433798539878069,0.12788091845192234,0.10571899675187056,0.6099439508772894,0.13756015385621628,0.01889598006270144,02020014
40,800.0,601.4161630649256,0.09192066505899743,0.041139790732954575,0.10367868213555596,0.13791523669398587,0.6432483244030471,0.10130909402303033,0.013848662744380567,02020014
41,820.0,617.2033846922075,0.09373944161501671,0.04580741436335098,0.12706282826768145,0.18526367261929752,0.5446804824691027,0.12986286634203303,0.013130150301885215,02020014
42,840.0,647.3133032964402,0.16770412526649012,0.03915971827691878,0.20526719441760755,0.16109716653722495,0.5143853426109964,0.10622932743735844,0.013020968996812762,02020014
43,860.0,691.6003208462471,0.11095155675649208,0.035429127753709565,0.14043904690462783,0.15195669138373843,0.5991407586658491,0.0962987780176161,0.012164725028168313,02020014
44,880.0,521.6073663745327,0.13017440081930182,0.07155828801249066,0.1438793389087323,0.17279715017080166,0.5081003208548729,0.14897237552912931,0.0262508145364638,02020014
45,900.0,639.6637677640402,0.09782415737386022,0.05028753552793161,0.12696218392712505,0.18842436556509057,0.5567959399549357,0.11203783857303883,0.01577967197980993,02020014
46,920.0,744.201142217715,0.10848650524824688,0.03502058598433819,0.1244464216876581,0.1606876922061826,0.6137168251636063,0.08877470704321694,0.012374353899336188,02020014
47,940.0,636.9440759113133,0.09708976991251156,0.04802954809490527,0.11166967694636866,0.16192875387016548,0.5611601794707972,0.14581157693617594,0.01942981277649282,02020014
48,960.0,603.2667520944857,0.11945396109118986,0.04611758089064193,0.137318699119388,0.2331167475722086,0.4770741673927653,0.13434880375178995,0.018141582163848216,02020014
49,980.0,732.6109281832246,0.12564682132030933,0.039523674258126675,0.15973040159474938,0.16841337187373331,0.5561330275839759,0.10249455745528228,0.013228641492259278,02020014
50,1000.0,651.4948804625791,0.1099188481151422,0.04537616200344237,0.14008568582907213,0.17830545837753464,0.5324664206699853,0.13130005764101949,0.017842377482388556,02020014
51,1020.0,562.5994765216852,0.1618866228559086,0.059841007323792175,0.19996175643414632,0.18661715769649648,0.4634602090203858,0.13042733725453098,0.019533539594440364,02020014
52,1040.0,646.2591314010702,0.09340007237611776,0.056211317212238966,0.12369168255048803,0.18720762775509567,0.53883722238859,0.13211813964325897,0.01814532766256735,02020014
53,1060.0,604.6101867180785,0.18256021984653928,0.06058249823780318,0.20960003794285828,0.18682483663589916,0.45135209194120657,0.1316676858268928,0.02055534765314319,02020014
54,1080.0,575.9339278436754,0.095792958741112,0.07658469287568347,0.1256028485292772,0.20862052552301183,0.4734801134624527,0.16476705014777251,0.02752946233748576,02020014
55,1100.0,594.0004320949072,0.09697593028086597,0.04845114996795686,0.12421103724323172,0.19218018809480986,0.5375340957165292,0.12211674169476472,0.023957937250664574,02020014
56,1120.0,621.6323998556365,0.10087136003989558,0.05471125584026561,0.12895730783661208,0.14428397795409104,0.5831368301890467,0.12778448273104334,0.015837401289206753,02020014
57,1140.0,628.9069935725732,0.16910442267901798,0.05373269671696872,0.20039515147305156,0.1889527406383771,0.4735076077474711,0.11617747831724749,0.02096702182385285,02020014
58,1160.0,698.8113006262881,0.1210190259742966,0.04763984688932177,0.15193720681381262,0.16260773876439238,0.5602589509812403,0.11168433049624692,0.01351177294430773,02020014
59,1180.0,584.4331748528708,0.09225336388626966,0.060410896670074744,0.12318416850990176,0.17974268559284834,0.5498618048090179,0.1254563138767516,0.021755027211480427,02020014
0,0.0,818.0663369756958,0.6723600213954827,0.02394866736346519,0.7073064371011887,0.06814288128385222,0.18217039419241357,0.03326701974470673,0.009113267677838793,02020015
1,20.0,2226.9704960499203,0.2200034479976068,0.015065474746964616,0.3563101092903973,0.5512566561433088,0.05979804042770024,0.029476005473276806,0.0031591886653170916,02020015
2,40.0,781.8030915501794,0.5255403497678359,0.020452158767558567,0.5354847840274456,0.1893523661986131,0.2292329067469463,0.036876009378206676,0.009053933648788384,02020015
3,60.0,429.05164395726933,0.3566685431835067,0.04784526582315392,0.37440232231128984,0.14818864897371478,0.3578496104801111,0.1013993833870456,0.018160034847838683,02020015
4,80.0,518.5356757579152,0.4102380717843908,0.02945823133969151,0.45077158466960005,0.10342987322630999,0.37806236171930196,0.056344506325692933,0.01139167405909522,02020015
5,100.0,469.7772301086756,0.29551928628915686,0.03652028601116231,0.31451953909492647,0.12839688223653745,0.45782892240363415,0.08523518953442354,0.014019466730478275,02020015
6,120.0,398.402282510709,0.14320811028920827,0.04354743305132808,0.18122767892598024,0.15636441580466381,0.5609150479794067,0.08759881442791492,0.013894042862034378,02020015
7,140.0,398.2847149144551,0.2348299005857054,0.04301574325365361,0.28829527207186184,0.14964973294938,0.46625380731892824,0.08189172349777596,0.013909464162053931,02020015
8,160.0,435.5732587500151,0.22134562095676244,0.03488045297151548,0.27024278839039056,0.13103791064309414,0.5159228485884594,0.06991443997306084,0.01288201240499516,02020015
9,180.0,456.442859960939,0.4029646483517523,0.03113774020808574,0.4152591697966674,0.1088815635541057,0.38842541429954974,0.07496972699387819,0.012464125355798881,02020015
10,200.0,335.32571959838947,0.1720349231646389,0.05616160067960464,0.21703470229949465,0.22118113824140131,0.42972317540234445,0.11162561020896307,0.020435373847796527,02020015
11,220.0,390.1557257767738,0.16226879623074433,0.03984622309418007,0.18035431225896595,0.1567108200307683,0.5670675546056385,0.08104391041561865,0.014823402689008596,02020015
12,240.0,373.4586678232478,0.18632424551268978,0.04122850391705164,0.2166625879216248,0.13442139440298717,0.5456785067418429,0.08798054865939631,0.015256962274148838,02020015
13,260.0,388.94982744050486,0.2898566524465415,0.041530473760596875,0.31427104195086775,0.11747621911122615,0.4727355104563928,0.08016165844246884,0.015355570039044556,02020015
14,280.0,380.84662169348803,0.15674865562810483,0.03865465311723238,0.25751836269617207,0.13579169681089062,0.5107634056425624,0.08231288831196099,0.013613646538414039,02020015
15,300.0,368.6418098885216,0.17509136041612097,0.055100035178905854,0.21136797971618743,0.1645013074602803,0.5040244999500794,0.10068411994344026,0.019422092930012565,02020015
16,320.0,326.2429421602635,0.18097057352850088,0.05760948759345666,0.2037042178024183,0.17431156321833874,0.4953435755748436,0.10844102925255321,0.018199614151846254,02020015
17,340.0,396.5260075403259,0.3361650144596465,0.03434071922261935,0.34949913088944273,0.1562576867038431,0.4065169189316658,0.07585464781851373,0.011871615656534737,02020015
18,360.0,389.77149784406936,0.19266764423790234,0.033206596007391065,0.2269336469240947,0.16354273011616888,0.5102713145193534,0.08691730006050366,0.012335008379879357,02020015
19,380.0,383.70655883786526,0.11540979124488523,0.03572658488838926,0.15330058377012049,0.14392113309469703,0.6040876930404099,0.08601067334792009,0.012679916746852397,02020015
20,400.0,375.6214515892404,0.14578549066123253,0.04177959700381686,0.17862314810607927,0.171595713158147,0.5418511799270849,0.09343745504361596,0.014492503765072983,02020015
21,420.0,353.9116157761048,0.16183997290825064,0.04332369150942457,0.22696123612941072,0.1508197613736428,0.5139164990692633,0.09309602707001233,0.01520647635767093,02020015
22,440.0,365.60413047861067,0.1637738126422294,0.04460700208872131,0.18714777649833605,0.15765607764203265,0.5530185468612775,0.08815785667507378,0.014019742323279934,02020015
23,460.0,423.3166412479223,0.2935886538447379,0.0365318446899952,0.3057913888990764,0.13532583314928853,0.4768877951059454,0.06914783175357096,0.012847151092118723,02020015
24,480.0,434.0343188508444,0.2613363130336447,0.034115140863240974,0.2956324584147836,0.13302170905956698,0.4898991708706338,0.06992582314025149,0.01152083851476428,02020015
25,500.0,372.1007404936602,0.2704885156475472,0.04569141121379781,0.3191956140600847,0.14938396220445413,0.41951438544096387,0.09468064173402303,0.01722539656047448,02020015
26,520.0,348.29812622436515,0.2515594987119176,0.058620163035140775,0.2742764761635596,0.13741914583447595,0.4609799784154746,0.10789996022694082,0.01942443935954918,02020015
27,540.0,306.6745039311978,0.23133752430277882,0.06729963911058387,0.2900540146011673,0.17263844377066545,0.3819950067097789,0.13285236321598656,0.022460171702401818,02020015
28,560.0,306.08313886483836,0.3440823417317035,0.05997055355230973,0.38937995318313334,0.16194760747149045,0.29611990623082407,0.13424372542207935,0.01830880769247268,02020015
29,580.0,359.4493270961087,0.24415889551927658,0.07276902405217484,0.27383366840172174,0.10746925088828836,0.468681575312403,0.12415827016358442,0.02585723523400248,02020015
30,600.0,326.85027293677547,0.154161530251307,0.0643551246181569,0.18469627640650282,0.14929917062696604,0.5343613769844922,0.11097438841707764,0.02066878756496128,02020015
31,620.0,325.3229893176455,0.181514145606549,0.05885844495048596,0.2263568055004413,0.17963080480911156,0.4559283697860454,0.12263698595133124,0.015447033953070516,02020015
32,640.0,275.1174592472094,0.20098808162351384,0.0827063644953486,0.2418988594839195,0.17385293173715002,0.4138812022416394,0.14304145810417354,0.02732554843311759,02020015
33,660.0,306.6277434904886,0.18522852948712445,0.06360730039993809,0.22766995302391016,0.15899045094599742,0.4585339987257993,0.1389607131715072,0.015844884132785855,02020015
34,680.0,386.0665998854765,0.2095278500500016,0.051400425479725564,0.22418304609849563,0.10579336760060484,0.560785011826503,0.09721518175505801,0.0120233927193384,02020015
35,700.0,447.5396663861354,0.3794717112217331,0.042682364274599684,0.40861719809260705,0.11086668461244091,0.37739288797027865,0.0916802540643642,0.01144297526030913,02020015
36,720.0,493.22860878975433,0.5882148475350588,0.025446077468081533,0.6531131482307679,0.12746044260348782,0.1652283914267187,0.04716735033969186,0.007030667399333797,02020015
37,740.0,649.9025255661376,0.6344260185491514,0.01631775494698888,0.7514332295029763,0.10188537213270692,0.11428455728801991,0.027937843529888966,0.004458997546407819,02020015
38,760.0,427.1342038855233,0.38425131405417967,0.05310381088831793,0.43979439544494686,0.1310973758182817,0.31461931814560873,0.09604394073780476,0.018444969853358077,02020015
39,780.0,464.59353615076856,0.5437670286795515,0.04181013846632506,0.5489342330670964,0.08552542780293064,0.26865406674319275,0.0818497684144414,0.015036503972338881,02020015
40,800.0,413.69522027062817,0.3906611534569624,0.0788530899591003,0.43768838687065653,0.10009637760374021,0.3227009180170881,0.11203836829302664,0.027475949215488547,02020015
41,820.0,348.14311076672533,0.343987068592897,0.07387919150006429,0.3670311527594212,0.15095110577593818,0.32664075681804766,0.1380790437615273,0.017297940885065637,02020015
42,840.0,380.28044540800107,0.2889818289109635,0.05719146764289915,0.3054220901787848,0.11233497447982342,0.46707295870993853,0.09841512088379814,0.01675485574765508,02020015
43,860.0,455.58863499324895,0.4464567467476783,0.028317055451475413,0.49542973410171887,0.12744897708459332,0.3019094438859444,0.06609900394785585,0.009112840979887666,02020015
44,880.0,723.9780709440284,0.6802957679973956,0.017579242898513918,0.7095703616532297,0.0616001023463278,0.18816277631625325,0.03567070788945085,0.004996051794738334,02020015
45,900.0,439.9178019172844,0.4258025225978066,0.051152657872875366,0.4333889496688182,0.1572978042783528,0.30624794651932535,0.08628133982918311,0.01678395970432077,02020015
46,920.0,376.6685139584184,0.21773409409306024,0.051021660945173825,0.25604529238594337,0.12474379287004718,0.5008196990896135,0.10205331835521225,0.01633789729918375,02020015
47,940.0,394.59960424268553,0.22477803515806735,0.04855343751669035,0.2567086937547383,0.13833804672071717,0.49202151745752754,0.09676094802517693,0.016170794041840138,02020015
48,960.0,393.37923040775263,0.4317313955388344,0.03770369932172032,0.46574321900247,0.123179371198,0.32372720031627755,0.07595330384001647,0.01139690564323594,02020015
49,980.0,555.7173118215308,0.5327310412998161,0.03605771595771737,0.6032869440377926,0.16059137872596058,0.17740083628893133,0.048179957030798484,0.010540883916516988,02020015
50,1000.0,356.40155298446734,0.2191620072419832,0.054835815162771674,0.26369595289610187,0.15414686427922655,0.45537456098096946,0.10867547116917231,0.018107150674529737,02020015
51,1020.0,355.47606505764475,0.2142844217742632,0.04851831347362549,0.2390775652359241,0.21277435315070858,0.43530703522947745,0.09875261579808856,0.014088430585801419,02020015
52,1040.0,332.97982393900475,0.25599449877323266,0.053926702180964424,0.3426233861670506,0.17213544504479633,0.35871198727837983,0.10911912381259285,0.017410057697180306,02020015
53,1060.0,377.72977149303875,0.3038192777741446,0.057712502155617386,0.3009465079617296,0.18272710830159633,0.3929586605235125,0.10464898419196737,0.018718739021194142,02020015
54,1080.0,361.15524773662844,0.18952789335689058,0.04415069084250869,0.2023566563881002,0.1719928046759929,0.5185647780593956,0.09095656379636358,0.0161291970801478,02020015
55,1100.0,15773.00284196867,0.598812377402509,0.021133049809011775,0.7898453158816302,0.10592588751204256,0.0640620337126664,0.03419273893051041,0.0059740239631504025,02020015
56,1120.0,6158.424196218291,0.2813983326704848,0.03553864883313025,0.5265569104162618,0.21959818859292524,0.1640251593053518,0.07279219100087259,0.017027550684588645,02020015
57,1140.0,2509.1268448135156,0.27977649904956836,0.047194405815073434,0.4796877752829849,0.16000633879520182,0.22483028071365702,0.12720714716956869,0.008268458038587504,02020015
58,1160.0,440.1372110789548,0.5853908081558327,0.03871861474634633,0.6412545877604087,0.11584926329805535,0.17580777715813486,0.05800821870447184,0.009080153078929303,02020015
59,1180.0,339.5851177331772,0.23089832347036943,0.05858300535111003,0.3978276597225941,0.10871392905260464,0.3771353097875621,0.10205610708390496,0.014266994353334167,02020015
0,0.0,684.2400227039942,0.1372335708114952,0.03319078628500785,0.1661074095782922,0.37230932575873443,0.38472962215943457,0.06550238520520942,0.011351257298329274,02020016
1,20.0,742.2404990823001,0.10720540537680531,0.023037974284929437,0.14542300358946406,0.3380056938922321,0.453687352586879,0.05453756406994731,0.008346385861477531,02020016
2,40.0,688.0526450585936,0.14668208711883604,0.02301928966809294,0.1562789639292767,0.2999689080378332,0.4887665764148672,0.04848672507542991,0.006498826542593055,02020016
3,60.0,702.7254906772081,0.09546081362821268,0.02176207047281887,0.11253128053893945,0.3408664072141274,0.4957550497911801,0.04343654428267821,0.00741071817307479,02020016
4,80.0,634.1250494475674,0.08799773781977621,0.02647722657371944,0.12710681807770666,0.26162111090485424,0.5460531195530919,0.05811856309971098,0.007100388364636259,02020016
5,100.0,671.8980659634543,0.22468799560565086,0.028012209659686604,0.20815076102615,0.20902111092455888,0.5218620513360582,0.053225494075929455,0.007740582637303364,02020016
6,120.0,567.2551819303438,0.19551310660055643,0.031203927189110123,0.19387189529321924,0.2235771147801966,0.5065032355519598,0.0670688356181672,0.00897891875645716,02020016
7,140.0,478.9415468071501,0.28752677647337344,0.04228260942697538,0.295186477064358,0.2386339188421832,0.3765622943348474,0.0784374739967696,0.011179835761841773,02020016
8,160.0,515.9432415646245,0.10443379020823366,0.036798183179104986,0.14087955067157504,0.2080332481807467,0.5625660691073698,0.0789022534035828,0.009618878636725595,02020016
9,180.0,420.8423715878243,0.17402598813372577,0.04691484814673606,0.23357556493206516,0.25074640682406263,0.41195574433902593,0.08801175414840025,0.015710529756446056,02020016
10,200.0,531.6543259110377,0.20123398881704885,0.037937069091409224,0.21752044405618495,0.2348319517894003,0.45091434836034683,0.08566450346905195,0.011068752325015915,02020016
11,220.0,519.6018418924982,0.19782693951715566,0.03728451255601047,0.22347699381985,0.15242324439764932,0.5431274538070375,0.07291172639995934,0.008060581575503848,02020016
12,240.0,434.62108604127775,0.24127052946762736,0.05168092264979217,0.3062212699741135,0.19027327698160207,0.36949599040597475,0.12139818093730023,0.012611281701009506,02020016
13,260.0,529.6721484550518,0.27560876042817134,0.03206244532217141,0.23096489489657587,0.21071928781887334,0.4829717944401322,0.06663772744449013,0.008706295399928394,02020016
14,280.0,450.467590387207,0.37363795548715595,0.04931614968246839,0.3884422500550413,0.2727611555199229,0.2219792166104461,0.10480276941864304,0.012014608395946643,02020016
15,300.0,625.8114667362901,0.45640728763212834,0.03003901000942357,0.47155412763730575,0.16490016208271843,0.29429865852382786,0.06200142164345186,0.007245630112696178,02020016
16,320.0,471.42924243380463,0.26192067678637404,0.04009738467353622,0.27951063980469687,0.29105750723581375,0.31969088092522496,0.09966493601390312,0.010076036020361374,02020016
17,340.0,404.9219530943355,0.3625783752958602,0.05591510917642665,0.3961680951360569,0.21077044157556718,0.2777780282965527,0.10236595218897124,0.012917482802851984,02020016
18,360.0,488.7900480114287,0.30265079801002076,0.07243976633278776,0.38162466523041694,0.2819934067779598,0.1872925007850023,0.13740536099140416,0.011684066215216872,02020016
19,380.0,415.1745260090247,0.7597732748561838,0.046060562367364624,0.6179066090620151,0.13068533154267611,0.1570554184490243,0.08096231253276856,0.01339032841351602,02020016
20,400.0,372.6120924456073,0.26431221769374424,0.06292609292682089,0.2994163513071598,0.27279393923863743,0.28540859259556994,0.12605531663691938,0.016325800221713548,02020016
21,420.0,565.40614324543,0.366763894537034,0.02919580652198566,0.3529131446927919,0.20323933892811807,0.3612766516728154,0.07546896080571389,0.007101903900560872,02020016
22,440.0,545.1383043864267,0.24726218285878554,0.05426698263280586,0.2667953390156413,0.1940154833134316,0.41410541595980427,0.11233926349524641,0.012744498215876478,02020016
23,460.0,530.8698967120248,0.4020979149742896,0.026399799256833657,0.3055489696760545,0.13409953018130527,0.4891411189685079,0.06494850453402234,0.0062618766401098475,02020016
24,480.0,428.8029129080166,0.24339735187044145,0.04968823638480424,0.295078203002564,0.2662279607440789,0.32840412903541305,0.09800903588792356,0.012280671330020327,02020016
25,500.0,748.6777164622146,0.731849443733252,0.016189373566742143,0.6246350746649572,0.18427328794284314,0.14025593104277437,0.04632969163533817,0.004506014714087209,02020016
26,520.0,809.4898259151202,0.4300832461660817,0.037446969961637384,0.42503876151584263,0.11925874052008335,0.3736576371540454,0.07182340943960606,0.010221451370422569,02020016
27,540.0,616.6291266094631,0.5157977497356688,0.02168136196886536,0.39841675548142497,0.09529390881993911,0.44759931976621253,0.05231989793197279,0.00637011800045048,02020016
28,560.0,462.9082358197266,0.597753663578391,0.04469381588128936,0.5355182630983524,0.15752051879404178,0.20320090388155215,0.0931832560400351,0.010577058186018696,02020016
29,580.0,624.9521554946566,0.19668987288846215,0.05679027899264508,0.23970809876043886,0.3390196193296538,0.27662442204886406,0.1260700905750503,0.018577769285993088,02020016
30,600.0,656.3132608858023,0.5022539263095871,0.020893827283452706,0.42447256931176897,0.14325644887476,0.37859830749392775,0.049144049149749465,0.004528625169793728,02020016
31,620.0,646.1863068447377,0.590037582002369,0.02496539306736951,0.4461634105187155,0.12815613404102522,0.36352473421175424,0.05613733504520946,0.006018386183295606,02020016
32,640.0,427.6529245663331,0.4004444005444365,0.052881196343780634,0.3776683583939685,0.2664924374629003,0.22037725838742755,0.11991043667249864,0.015551509083205042,02020016
33,660.0,779.5321576541587,0.5340799434494905,0.028278022653730497,0.44383154227530325,0.15540343837835358,0.32372124039644884,0.06901219001867752,0.00803158893121688,02020016
34,680.0,660.2207576230828,0.6437784646661007,0.02061347847290553,0.4816979302875637,0.10823299748499338,0.3494445355005477,0.0549532321111613,0.005671304615733834,02020016
35,700.0,652.0844144668331,0.2806258187117987,0.029059230913211734,0.3018603589054894,0.1270354245500045,0.5089393653665144,0.05606631253730319,0.0060985386406883935,02020016
36,720.0,640.0541919807205,0.49918211411570984,0.03521415388047074,0.4309304278804006,0.15922785238629508,0.3332925610945109,0.0694760533777853,0.0070731052610081635,02020016
37,740.0,683.7862821087992,0.42547198425745925,0.026658836285322677,0.3217927740275567,0.11897624259440398,0.49737351384512873,0.056047566020120974,0.005809903512789605,02020016
38,760.0,541.8645756140535,0.6275536227453403,0.03286162588906625,0.5336925141274077,0.16138768706746115,0.23236517081766336,0.06413296853999874,0.008421659447469093,02020016
39,780.0,552.4588711650629,0.4284116132211164,0.039524004358975975,0.40625198386910305,0.16354452232491964,0.3563959804662162,0.0645296743408373,0.009277838998923848,02020016
40,800.0,454.96679488707537,0.3733335225511959,0.04598090897400791,0.42124568895618447,0.1626067055279108,0.3056871856812393,0.0980823874570504,0.012378032377615129,02020016
41,820.0,767.2980698880517,0.47071036297450936,0.023811427609016195,0.4079072495374848,0.10282427282713366,0.4335145784509786,0.05019564840206149,0.005558250782341543,02020016
42,840.0,627.3624744014521,0.3318624416928579,0.029444352421085944,0.3091842561854703,0.14144437083074282,0.4730478888181017,0.070372570994263,0.005950913171422236,02020016
43,860.0,451.66890290129186,0.4170911517772118,0.07421325563356729,0.385513904340148,0.12469918322741509,0.28079501387490086,0.1947977474789047,0.014194151078631341,02020016
44,880.0,572.7619162021817,0.5229712124223227,0.030224966298459055,0.45685665051551233,0.10576770727759092,0.3725854657945613,0.0580648643783618,0.006725312033973744,02020016
45,900.0,561.0164282867826,0.37890059715641305,0.07027546496718101,0.43895975997444553,0.18199958218916978,0.2386095675159008,0.115988368053622,0.024442722266861932,02020016
46,920.0,513.5125609606337,0.6312991938640926,0.03678141473104991,0.5984202274508602,0.09889393051726998,0.2314515090441712,0.06309214853281322,0.008142184454885496,02020016
47,940.0,397.2934656626083,0.2732748043286833,0.0576294380870715,0.29777307549913606,0.23008932992608416,0.30862888559342333,0.1467875028503056,0.016721206131050916,02020016
48,960.0,412.8002812869826,0.5626312973213231,0.05683652771542808,0.5958454448838443,0.14102515044382624,0.15314386922944864,0.09695933567829243,0.013026199764588324,02020016
49,980.0,486.5073791314455,0.6107736913174966,0.054584910065582117,0.5346458047427789,0.16793817745309322,0.16992498855474364,0.11503108479461714,0.012459944454767214,02020016
50,1000.0,619.6538828267056,0.8035997417595293,0.026744839764853496,0.684437353993945,0.08869037197482549,0.1695339935563758,0.04886331675422851,0.008474963720625185,02020016
51,1020.0,612.2574485018914,0.44455361177077296,0.07608594280510324,0.41198905930294694,0.1458386109418189,0.22745246573209285,0.1986362699362704,0.016083594086870857,02020016
52,1040.0,530.1090847279047,0.641723670130433,0.02323996527036499,0.5865127974051393,0.0998557960987869,0.24938405937118224,0.0583011277441686,0.005946219380723009,02020016
53,1060.0,473.5272461492575,0.14388566526052057,0.15454484889642248,0.1951096119166179,0.12064596384803365,0.2422571202975274,0.4210275902398883,0.020959713697932647,02020016
54,1080.0,764.9058168001677,0.7617200634613432,0.019678737024082897,0.7093199007275267,0.08391857859683179,0.14847405742038133,0.053122848830116136,0.005164614425144133,02020016
55,1100.0,588.2581426945154,0.13371047899053995,0.06311583596432495,0.17981109855730035,0.13305930672250904,0.48781977871953025,0.1914752241617272,0.007834591838933157,02020016
56,1120.0,626.8925174140736,0.42894038098836135,0.035618225966664814,0.4068648278700587,0.03784782851654431,0.48012781090269413,0.06382337783224555,0.011336154878457353,02020016
57,1140.0,639.0793267914432,0.36908977774379575,0.021476408304479118,0.3000710836856342,0.052364996893389935,0.58983582926595,0.052472146068759565,0.005255944086266366,02020016
58,1160.0,608.833234382014,0.4409491708840358,0.018872229813082293,0.35025286590489335,0.06473549875131736,0.5374304925870667,0.0423704044368188,0.005210738319903874,02020016
0,0.0,941.3498738867244,0.6980246448521192,0.03358438564764195,0.7625373200771991,0.11066767676339871,0.046579758843868495,0.07085711816725931,0.00935812614827425,02020018
1,20.0,402.1191185431237,0.49542180347818504,0.11018595890041188,0.5491384220259538,0.1416912010872687,0.09832597493382815,0.18603258005681178,0.024811821896137617,02020018
2,40.0,358.9258262401424,0.3735022206171835,0.11751857457396922,0.4408700551373874,0.16946584302275217,0.14301577732018061,0.2196533890378236,0.026994935481856327,02020018
0,0.0,816.3384709794204,0.3585452128361042,0.019431496808327498,0.47583630719904,0.32721326589660504,0.12822134877302918,0.05995069542778493,0.008778382703540847,02020019
1,20.0,626.3845760771666,0.23604898118100504,0.03187779084118954,0.314127480773505,0.40386977194997237,0.18475862890354025,0.08450580789734592,0.012738310475636411,02020019
2,40.0,775.224893640313,0.29656819705737747,0.01800573501970853,0.44047813981025374,0.335623300467199,0.1591499644331044,0.057229362761099974,0.0075192325283427765,02020019
3,60.0,683.3190759679106,0.3263038681940651,0.023872082425690784,0.4580783261757078,0.327561957829007,0.1461496776962345,0.058355694206457934,0.009854344092592837,02020019
4,80.0,627.4189320310782,0.3401294923369376,0.0282827118114975,0.4364817804279563,0.3101745406552029,0.17837598414115793,0.06429398965716954,0.010673705118513295,02020019
5,100.0,1358.938591218738,0.7828883386791554,0.004662108765309586,0.8629086119140063,0.09215052928006597,0.03170460888976336,0.0114137770068418,0.00182247290932268,02020019
6,120.0,762.8603058372665,0.3379224730024592,0.022824749030024266,0.487502179319188,0.3099957952050326,0.1337835549962736,0.06132182613827828,0.007396644341227431,02020019
7,140.0,821.3870384609148,0.3274948093907963,0.019324044623495906,0.5086321700469111,0.31467938762532194,0.12679884811137573,0.04245065765552125,0.007438936560870069,02020019
8,160.0,966.0995497098613,0.23702232967280543,0.06791053528911853,0.4146289843876038,0.3089023176137872,0.14455604205906689,0.08828935273052281,0.0436233032090193,02020019
9,180.0,543.8862506518083,0.18986442975167622,0.03473192641810294,0.340584777781793,0.4413255228306241,0.1404616790101594,0.06310546854438347,0.014522551833040059,02020019
10,200.0,469.74302523288526,0.26282908091546925,0.03550025148821565,0.3708955724544708,0.3315921380332809,0.17706272983775714,0.10663380654398479,0.013815753130506382,02020019
11,220.0,506.32571312468787,0.2577758498567309,0.03296865463465144,0.3862195296576684,0.4006472899485484,0.11384737754276847,0.08649799719209181,0.012787805658922858,02020019
12,240.0,756.4743437897009,0.4437783104994577,0.018010222819227272,0.5438156482795201,0.3323702592936264,0.07124252342049356,0.04648922303654508,0.006082345969815024,02020019
13,260.0,513.4495392929538,0.35373301448330285,0.030528747956202133,0.4524410632416013,0.34778144838032304,0.11417217408734213,0.07408822116649805,0.011517093124235536,02020019
14,280.0,557.1809409652586,0.19487682189628822,0.026858964551170164,0.3761711256186984,0.4348949678939037,0.11490251706010858,0.0636374071154956,0.010393982311793776,02020019
15,300.0,440.33437698347626,0.2606126002821378,0.03858007679327841,0.39238784065603155,0.3649608065589504,0.1331272316902685,0.0969320227342951,0.012592098360454307,02020019
16,320.0,451.9976786837169,0.28842112792681435,0.0420724407764415,0.38552378601614273,0.35660470086417767,0.15716834824481984,0.08606299133274996,0.01464017354210987,02020019
17,340.0,437.9384488474194,0.3680605737495657,0.04564284593899585,0.47399648267201716,0.29717269029100307,0.1245876211420084,0.08980299213846148,0.014440213756510029,02020019
18,360.0,423.1864636690364,0.3273670763226578,0.036364520589031536,0.45035516629928346,0.3497241552188398,0.11276248958767375,0.07268735235733714,0.014470836536865716,02020019
19,380.0,359.5732332159618,0.3067192207388317,0.04635217174352257,0.44056459920337165,0.3250341359252234,0.13333969534201595,0.08188938045794039,0.019172189071448558,02020019
20,400.0,322.16233573972244,0.3605834857501072,0.0711820289875381,0.4449892687003902,0.2742330458240381,0.14149232810254964,0.11399154520830278,0.025293812164719313,02020019
21,420.0,351.5607105454181,0.34307946348274376,0.0627154369649688,0.4243348717936189,0.29848792833368104,0.16583441427172776,0.08848714734187102,0.022855638259101346,02020019
22,440.0,365.98556649692,0.3806190478708242,0.05272035118773041,0.43646532080927325,0.33643196713866536,0.1312256755437363,0.07688777396269866,0.018989262545626454,02020019
23,460.0,337.3433622350992,0.33839175784948605,0.06315600668497308,0.4229702808337624,0.27479339270390807,0.17389614777199167,0.10822327258663988,0.02011690610369801,02020019
24,480.0,342.12761742270806,0.33037572309358565,0.0537762796572245,0.432525435541025,0.32842195629958826,0.13513761944478897,0.08378981033875793,0.020125178375839874,02020019
25,500.0,334.65696671738783,0.30631805650729804,0.05776956427700373,0.42848541304026555,0.3418472266810837,0.12879785279358422,0.07697576396021319,0.023893743524853253,02020019
26,520.0,377.0497138271871,0.44157241119124147,0.04998308116553497,0.5749674597179176,0.197424748921983,0.12351088483034293,0.08724684237476506,0.01685006415499147,02020019
27,540.0,420.4305090193455,0.41355946114772746,0.048591755867660756,0.5413559554288383,0.18981499536661303,0.16426892994572256,0.0854676035657224,0.019092515693103832,02020019
28,560.0,378.06192144149003,0.2719149344457668,0.05530101664158641,0.41176807912071334,0.3383936533555735,0.13746846582028968,0.09118690007088362,0.02118290163254,02020019
29,580.0,398.3377059747425,0.31112626400399224,0.04011751633312939,0.5082572675647424,0.31905739942951367,0.07765079385935957,0.07955154755951105,0.015482991586873338,02020019
30,600.0,378.78991625583643,0.45671884397341844,0.04793058001180132,0.5629847843940721,0.24387057578927582,0.09817972011598532,0.07771754167116832,0.017247378029498536,02020019
31,620.0,376.20051627604744,0.2919806861324401,0.05203174000639821,0.3829031391859368,0.3593480612543635,0.14139452913274525,0.09558664852832306,0.020767621898631315,02020019
32,640.0,358.8623282034984,0.49714193680858204,0.05432323495597761,0.5564313301377278,0.2224040007175125,0.11305182012465707,0.09005764072392547,0.01805520829617717,02020019
33,660.0,323.5033663201919,0.2824228778034,0.07733536322116724,0.36685932850885117,0.2649326296229246,0.22544898010427097,0.11550505972576906,0.02725400203818418,02020019
34,680.0,980.3264372587333,0.35572164883615803,0.024014599469094813,0.5011721306295693,0.235152539485422,0.20128857653878593,0.054370237412816116,0.00801651593340658,02020019
35,700.0,606.9065259223493,0.46462009834141227,0.031412398875952575,0.6453363466127949,0.17004202800813406,0.11529935289965461,0.057424796507345534,0.011897475972070817,02020019
36,720.0,458.6280745831675,0.3188082077250563,0.0423409314271102,0.44195921842969826,0.28711890885331476,0.1788048085488544,0.07859872477985606,0.013518339388276545,02020019
37,740.0,467.57793448713676,0.43984892107800827,0.03440841194035927,0.5741648412324967,0.22348827556866016,0.12340416570063281,0.06675302858183901,0.01218968891637136,02020019
38,760.0,461.879160305775,0.4422314624605399,0.03634673340448425,0.5900659811774587,0.22575490705446072,0.10848015249199248,0.06385524856643805,0.011843710709650112,02020019
39,780.0,409.7918860810541,0.42601663693525726,0.03994301720635663,0.5538044283390712,0.2341292540974658,0.13144277912683558,0.0666020652742706,0.014021473162356982,02020019
40,800.0,376.74562962550004,0.34470726328584417,0.045481215147318725,0.4715262724030046,0.3190509674014067,0.11506387193593386,0.07650178312553381,0.01785710513412094,02020019
41,820.0,385.5967241270947,0.30838065835432865,0.047860979805241656,0.5449650868184039,0.2616036842816706,0.10033930087391245,0.07614125995043888,0.016950668075574254,02020019
42,840.0,446.4707266039688,0.4186289307317739,0.042594055841806006,0.5663948904397677,0.1964407727721384,0.14765334306382533,0.07532799613707565,0.01418299758719309,02020019
43,860.0,345.1435623707218,0.2534184659401799,0.0745396710600989,0.3758065857731517,0.2938359395451648,0.18546624827886288,0.1203376753400922,0.02455355106272845,02020019
44,880.0,752.2917161775234,0.8174525003803101,0.011351242978106774,0.8592169710691244,0.09612357955265517,0.021857262606861362,0.019270866785486788,0.0035313199858722404,02020019
45,900.0,840.9437092289622,0.7671482733835019,0.021058527425244646,0.8079834079513274,0.11217387504234355,0.034599945858615686,0.03829147601810492,0.006951295129608501,02020019
46,920.0,386.1763264739999,0.4227864191726609,0.05057741438182517,0.5081957236447793,0.2827342067179083,0.10824604147052075,0.08328595193284975,0.017538076233942008,02020019
47,940.0,357.32117837530853,0.33212481085697654,0.05849364154540871,0.40397454407795,0.22879388289878413,0.24741751226807682,0.09863849122968756,0.021175569525501457,02020019
48,960.0,331.8051146693306,0.393555924733324,0.05724111662379607,0.4880385796317736,0.29112464711668323,0.10165843530284403,0.09862352301676904,0.020554814931930166,02020019
49,980.0,367.24417597787266,0.45508052513739566,0.04956361782686933,0.5315906365651567,0.2422170532384319,0.12820572323627968,0.08074861731960578,0.01723796964052603,02020019
50,1000.0,396.28292355239233,0.40781383079323197,0.04951117503656614,0.5109875085669301,0.23356806870174696,0.15342612342934372,0.0869528077158302,0.015065491586148965,02020019
51,1020.0,384.7640282716626,0.38015284242411185,0.05631088667905747,0.4432596022271298,0.200385630180951,0.22414729352306584,0.11245645525923277,0.019751018809620633,02020019
52,1040.0,384.2265070861878,0.49331060162661383,0.048474099806146594,0.5688765873239899,0.20755554347077518,0.12537950431541128,0.08053466924229655,0.01765369564752709,02020019
53,1060.0,359.11459156750726,0.3362005184982607,0.10282548859207744,0.45742817382536755,0.22196222228652465,0.1449157177881676,0.1422889470375019,0.03340493906243839,02020019
54,1080.0,499.79361440023064,0.6157520564685617,0.02772407579879419,0.6991119291135868,0.14050447118787662,0.09711135626278461,0.053742544157515046,0.009529699278237113,02020019
55,1100.0,418.723015302191,0.482955177287006,0.036409887950956864,0.6242062926258678,0.1997291711992236,0.0975360414674621,0.06540885170240254,0.013119643005044016,02020019
56,1120.0,400.5932464568276,0.46959044972369357,0.04293525149074799,0.5844709683719178,0.24747128068456137,0.0777955682640931,0.07476716833462703,0.01549501434480082,02020019
57,1140.0,397.425846440812,0.28059050266727303,0.045387949489209906,0.42175557650270856,0.26289152466316085,0.20896659668609863,0.09113944692575777,0.015246855222274114,02020019
58,1160.0,405.8001882903788,0.4139704789540145,0.04356119985686417,0.5948035852627735,0.2591903611430373,0.06405178298466527,0.06605792560760182,0.015896345001922094,02020019
59,1180.0,788.1954563867772,0.46469826880678977,0.03779887630280156,0.5761294903034571,0.2289642735298129,0.11607674907623235,0.06795846609276858,0.010871020997729094,02020019
0,0.0,238.6191131137778,0.2994303684979884,0.12325772038770605,0.3737191857323948,0.2220865806773685,0.1772715860512444,0.18744077990844304,0.03948186763054923,02020021
1,20.0,283.90106005659686,0.2776110433183213,0.0876901881167509,0.3510386883688029,0.2232486374180799,0.26506635126372163,0.1317982092568196,0.028848113692575932,02020021
2,40.0,305.30888289440736,0.22849145742069354,0.07583732207595774,0.2844896375163425,0.31588489729881747,0.24191096236848816,0.13502255183394887,0.022691950982403005,02020021
3,60.0,331.37252954815426,0.6272249806352362,0.0597597001295186,0.6518127269422382,0.14114577511554993,0.09979533824828607,0.08906954454683631,0.01817661514708959,02020021
4,80.0,272.61983217846694,0.26628806680455175,0.09674702245922298,0.31516450754424774,0.24121270302039688,0.2661873771957347,0.14713078383865372,0.030304628400967027,02020021
5,100.0,300.84463882639443,0.4431972141967845,0.07217900074785856,0.5071538008815268,0.19499160927055728,0.16531867531060368,0.10676264583206739,0.025773268705244677,02020021
6,120.0,315.78069426775477,0.260958185531966,0.06887366453996369,0.31192497786230966,0.15385023811224643,0.4041558645116364,0.11178212525740733,0.018286794256400313,02020021
7,140.0,396.39495933364094,0.4968283320146826,0.038750177543622887,0.49697237359424207,0.29295989595287286,0.1306975837185726,0.06872915960393451,0.010640987130378022,02020021
8,160.0,412.33457322775587,0.6691784758749026,0.04369383847519507,0.7146628022371689,0.12016648062390048,0.08622900723435242,0.06637785684932335,0.012563853055254804,02020021
9,180.0,258.1103300018654,0.4128944127574247,0.08897908537835049,0.4874515399397963,0.16344684379084645,0.19078003217554285,0.1299001606687953,0.028421423425019098,02020021
10,200.0,256.18086124421245,0.4683888350861611,0.09574303444783672,0.49816919633712936,0.16625857805458003,0.16026194919958403,0.1461329556560257,0.02917732075268084,02020021
11,220.0,296.1314904579855,0.4369210825641384,0.06958043407664014,0.5300978802620971,0.19153548662406514,0.16070813496190764,0.09486323935702164,0.022795258794908475,02020021
12,240.0,337.3729243049747,0.3672110263970785,0.05687580527196924,0.41857053697166086,0.2660925862497307,0.2015824239632301,0.09851479162142862,0.01523966119394978,02020021
13,260.0,389.910971282556,0.2562335505516653,0.05089732123279246,0.28444557672224774,0.46195415930786543,0.15531254814151185,0.08468326048949783,0.013604455338877091,02020021
14,280.0,335.2328892213534,0.42400839096024134,0.05480350552537437,0.5295914780821379,0.2656180760885083,0.10071730546224891,0.08894591560250222,0.015127224764602492,02020021
15,300.0,239.98413576292964,0.21177394639386102,0.10939918110357336,0.3187597739881645,0.2821400587011114,0.2113498233324315,0.15333015347366458,0.03442019050462792,02020021
16,320.0,266.7440793593312,0.3261286247369916,0.09747866622081583,0.4133996029346803,0.2659780089676534,0.14661799471230938,0.14756839644919473,0.026435996936162137,02020021
17,340.0,252.75084288901334,0.2593914930702438,0.10817419320390853,0.36465816174163296,0.2682331403750274,0.17902937064328406,0.16219096684705747,0.02588836039299818,02020021
18,360.0,305.9884786581041,0.5250725719760581,0.05788876605970531,0.5952583293884693,0.2018933750766844,0.08892702418119446,0.09611890237163896,0.017802368982012883,02020021
19,380.0,366.8500219292725,0.262686763273978,0.17085519201098404,0.2915828424567366,0.21813132811355856,0.22848714089928648,0.19901057569842134,0.06278811283199706,02020021
20,400.0,281.39683865465986,0.31016529395303466,0.15168983665631175,0.3669314586529412,0.20475551446700038,0.16644376811600897,0.21101617104185882,0.05085308772219067,02020021
21,420.0,245.48985192629846,0.3653755642375403,0.09009572650518918,0.45715877625446055,0.2254640017012896,0.14926045098240376,0.14409448596713004,0.024022285094716118,02020021
22,440.0,254.70273791240922,0.32410521508422324,0.09403963455832767,0.38530407971318,0.28126208465153923,0.16705254300211242,0.14232323192081237,0.024058060712355948,02020021
23,460.0,283.57603395346473,0.42701211822089746,0.08485121715309342,0.4721143114315863,0.1731025053680462,0.20379930153133052,0.13099110665369973,0.019992775015337298,02020021
24,480.0,289.0473326028681,0.2496897070753041,0.06926067307264021,0.28994959185273433,0.24906669368320825,0.3169199715793175,0.1275215739034174,0.01654216898132258,02020021
25,500.0,268.37459121667894,0.3484336803517374,0.07586675383771578,0.4254164983532814,0.3062804043932923,0.11401600740357254,0.13622346093060655,0.018063628919247284,02020021
26,520.0,288.0994136795913,0.31187245997727253,0.08287103938784333,0.3956299860631364,0.23307047939949957,0.2087228273380351,0.14503133568445759,0.017545371514871316,02020021
27,540.0,229.5923693294196,0.25654025766536803,0.11817040281274467,0.42624748691711967,0.2457779286059273,0.1501012318477429,0.15025737871518605,0.027615973914024202,02020021
28,560.0,285.3712099550359,0.5033395958262613,0.08178510979628494,0.5663520987869883,0.19143405321895537,0.09823499893323664,0.12292169626569358,0.021057152795126113,02020021
29,580.0,268.58011577423395,0.41342933604544485,0.09564795146016636,0.4648550503156332,0.2503686314352926,0.112885702357769,0.14447070123886122,0.027419914652443977,02020021
30,600.0,280.5852210470204,0.4661827724410567,0.08134831861824987,0.5441207784799412,0.20089174929715067,0.11374153703401703,0.11968855890064459,0.021557376288246638,02020021
31,620.0,278.87544532002556,0.44857180736942115,0.08228473603884116,0.5135630518207205,0.17536503375699636,0.15471242361789095,0.13873905345636223,0.017620437348030066,02020021
32,640.0,305.24440231701294,0.48621457762868553,0.06425488060601628,0.5417702469670694,0.22569111988391055,0.10459971727163116,0.11137588006490168,0.016563035812487026,02020021
33,660.0,272.8949135675102,0.24771346525136684,0.11222540787728184,0.34164387640205335,0.3269311244770701,0.12963063735256283,0.17751404702857357,0.02428031473974018,02020021
34,680.0,452.4922083179806,0.711943496340029,0.036550920538666466,0.7511303651022088,0.09367202887850296,0.07396302532424583,0.0718523766650769,0.009382204029965702,02020021
35,700.0,225.90607777581363,0.3107153523533741,0.14285227183915644,0.34924526126994226,0.2275442555137229,0.1854980052257339,0.19457064021061463,0.04314183777998627,02020021
36,720.0,207.55052906348334,0.27212403716728056,0.12966452776340912,0.3396029509077026,0.22027662990703345,0.21711864156010754,0.19232431016999932,0.030677467455157086,02020021
37,740.0,230.88049503641733,0.22079650091349254,0.11121681639269364,0.2704678671947056,0.20825941127738615,0.31252744587751075,0.173611729256921,0.0351335463934766,02020021
38,760.0,286.50259280741,0.275449481386507,0.0731847551705946,0.3103033097868612,0.224094852595041,0.31996989732922443,0.12796214120607635,0.01766979908279697,02020021
39,780.0,241.05011605362688,0.36895443818947127,0.10111941408499649,0.43395358689931185,0.21233044238605017,0.17325279743724997,0.15541695185505908,0.02504622142232893,02020021
40,800.0,253.64641159327275,0.36373737569515535,0.08942824457613398,0.443147915510771,0.2601973167655285,0.13142481145020177,0.14199400277005,0.02323595350344876,02020021
41,820.0,272.5507286368639,0.3327595427854924,0.08804950889720255,0.39724466833751193,0.20438499196077853,0.2200774678254415,0.15893349432554085,0.01935937755072725,02020021
42,840.0,302.9113887525354,0.5639708360835213,0.04961175994008277,0.6546126782791576,0.17027085713582846,0.06893801032010806,0.09217200916037939,0.01400644510452649,02020021
43,860.0,341.46244983082494,0.48046420840475457,0.04316516898056721,0.5538750051023118,0.18684334912796305,0.1639522435410624,0.08451657185618609,0.010812830372476788,02020021
44,880.0,310.15591597478095,0.45007412612082254,0.0653124549196787,0.5127365257874223,0.1643405252504114,0.19070595526953965,0.11367645754565604,0.01854053614697051,02020021
45,900.0,229.92889172171135,0.3234371991715054,0.12814675188457456,0.38269662161952245,0.18915431803491847,0.2113147370105753,0.18125178533037445,0.03558253800460947,02020021
46,920.0,288.2561020967996,0.3912375187947966,0.17190597834892452,0.43384500704209816,0.18067637967934436,0.13996682808106145,0.18956185554401536,0.055949929653480675,02020021
47,940.0,287.53760037290874,0.3304523723754595,0.17600850832777448,0.3955888987644374,0.19164101059704283,0.14485412315229476,0.21175012345738123,0.05616584402884384,02020021
48,960.0,238.98816831071304,0.24650514878878949,0.12241991844466239,0.277391017495795,0.17548550771769783,0.3326554409376094,0.1785113050757689,0.035956728773129,02020021
49,980.0,257.30922467394083,0.3595987293328745,0.09913939942549217,0.4242113867151824,0.20665773403185053,0.18933447800697636,0.1503738705726601,0.0294225306733305,02020021
50,1000.0,304.23464912120903,0.42669676153519315,0.07557130171459223,0.48237104265420133,0.177885982244347,0.19514373067555393,0.12524335014997948,0.019355894275918176,02020021
51,1020.0,333.99754388992903,0.5162472218838055,0.04997555346535777,0.5839844899905173,0.13618583660648462,0.18571168998573176,0.08128923055024125,0.01282875286702503,02020021
52,1040.0,263.58573068152043,0.2512718772885051,0.09019382156028177,0.3000592946989043,0.2023472534253621,0.33181924502722415,0.1393253246253054,0.02644888222320408,02020021
53,1060.0,249.59506228717558,0.30918733398254705,0.11190968720708,0.3680511472444276,0.1938944398457557,0.24198514956538847,0.16407211019304654,0.03199715315138184,02020021
54,1080.0,230.09895206153357,0.31969619466280746,0.11570659583771505,0.38157736914866347,0.19006183422676184,0.21894363242295664,0.17840869481227437,0.031008469389343717,02020021
55,1100.0,257.91006732994583,0.17202937796977916,0.09996603450584939,0.23321724100263175,0.26112076768846487,0.307000702145222,0.17437702293166626,0.024284266232015156,02020021
56,1120.0,279.53711246042633,0.369157061380627,0.07812385178371588,0.43838795442025397,0.21767435795625978,0.20741180044110982,0.11532179783719192,0.02120408934518463,02020021
57,1140.0,353.30970174207386,0.2672528142624449,0.050097585530552706,0.315337488666582,0.18227017870566986,0.40551501317145555,0.08354020533406956,0.013337114122222903,02020021
58,1160.0,351.5775391142479,0.4529494293454188,0.055582935149253145,0.5215050318974781,0.17734232195511387,0.20890662094485246,0.08083350549895756,0.011412519703598134,02020021
59,1180.0,298.78170737872364,0.20677778602147756,0.07704525339787681,0.24687470633644581,0.1579652790690733,0.4588119400285813,0.1181838657689702,0.018164208796929447,02020021
0,0.0,364.62267467654505,0.4559919564091578,0.05115511287963304,0.5716693036973931,0.21797329885369124,0.11411535207799163,0.07825830003907969,0.017983745331844256,02020022
1,20.0,317.0792925404727,0.4670705755234318,0.06287987085106808,0.5684353958248936,0.17279929392913926,0.1405134764982532,0.0951519654807065,0.023099868267007648,02020022
2,40.0,341.79449479036555,0.38476467834226885,0.049899387824392225,0.582327618298116,0.1996773355880882,0.11475905265644322,0.0860707764655066,0.017165216991846078,02020022
3,60.0,304.8985568867276,0.5059814134670811,0.06231390317333997,0.5888398346662984,0.17715011849203346,0.11209644092674531,0.10160593390530083,0.02030767200962201,02020022
4,80.0,287.63745885528266,0.4228122178496307,0.07375123302380882,0.48829631174547145,0.20459182221257186,0.15517103665035453,0.12377698332124745,0.028163846070354742,02020022
5,100.0,413.99718380341284,0.6350999700946796,0.033396909748971026,0.7026732597529941,0.1495542743224592,0.08404548446557064,0.05324553111214485,0.010481450346831305,02020022
6,120.0,303.8121794215036,0.4704670992448234,0.07248152739670481,0.5604391899132252,0.15916033965875,0.15248583757015138,0.10353456479287947,0.024380068064993897,02020022
7,140.0,340.9652019593001,0.5016303033041674,0.06282222526974386,0.6188289542560406,0.13937736488849053,0.1269554004623475,0.0938183435765368,0.021019936816584768,02020022
8,160.0,357.90976869099103,0.5734966807762414,0.05279957364835146,0.6183455748540302,0.11084120808320923,0.17168971162107874,0.08080313930134847,0.018320366140333375,02020022
9,180.0,288.81227870245834,0.3300027123829788,0.09883584499093273,0.38008834251659596,0.17449365890992088,0.2562313064399723,0.16106112391900726,0.028125568214503786,02020022
10,200.0,290.73762302477263,0.41662759438757296,0.0859502975153787,0.466957348061651,0.15945202895650315,0.1902005263143793,0.1538766732021392,0.0295134234653274,02020022
11,220.0,263.8393488106336,0.3694947995158584,0.10864273968973676,0.4116666512958182,0.18761985815726825,0.1871568518602798,0.17705969902521668,0.03649693966141709,02020022
12,240.0,279.63943497712324,0.3443675960395504,0.09069683325117485,0.4241731809181034,0.1957195469019261,0.20462650248607778,0.15298457512388453,0.022496194570008347,02020022
13,260.0,268.9204576149077,0.35265341826680074,0.09685686693575807,0.39661495420300424,0.19919586301178363,0.21693296154934016,0.15478814670988694,0.032468074525985,02020022
14,280.0,260.8944851646537,0.2943079888491954,0.08921956483735799,0.36222018709688103,0.22437205577344543,0.21773567349716186,0.1597560030063778,0.03591608062613377,02020022
15,300.0,273.31361742254376,0.291710717498814,0.0929018912558803,0.36179431207154955,0.2178373716304141,0.21196811764775642,0.17872982493176248,0.029670373718517384,02020022
16,320.0,253.93338992200333,0.2906773737018554,0.09152740191579317,0.3827730732204718,0.19875097135297634,0.23514890045665432,0.15495398761584642,0.028373067354050995,02020022
17,340.0,264.7699853847389,0.33331850194218604,0.09069221215009882,0.4118766686970065,0.22008986198766878,0.18601412246256566,0.1533934251001745,0.02862592175258458,02020022
18,360.0,285.4087597823272,0.34697083812291507,0.08197310047654298,0.41647505579641725,0.2338796663838636,0.19314456370133012,0.1325886614015107,0.02391205271687834,02020022
19,380.0,273.45599084530664,0.2842636468732043,0.10560672341735788,0.36234794551452476,0.23759510663590014,0.19643370053887332,0.17815673844149393,0.025466508869207847,02020022
20,400.0,244.1369618090264,0.272749984041915,0.1048457401372246,0.3344256742742222,0.23642088095432193,0.23715135085733272,0.15605682038455668,0.03594527352956643,02020022
21,420.0,281.72207615328944,0.36754907025626576,0.08959041869980539,0.4229762969550363,0.18878281932982996,0.21548487035127573,0.1432343031268979,0.029521710236960076,02020022
22,440.0,250.9166566500425,0.38639336973749316,0.09525084683406716,0.43964259098939446,0.17824065370909906,0.17988632506128965,0.16856275312098826,0.03366767711922859,02020022
23,460.0,266.8671713776155,0.3094081062052525,0.10689212902194667,0.42815219548897016,0.22390038314298122,0.16259597561199318,0.15732860374779306,0.028022842008262216,02020022
24,480.0,295.36942101432714,0.31172883300174287,0.0900265768180413,0.37103870642434406,0.25390496003895285,0.1726847006795974,0.18402691888625022,0.01834471397085561,02020022
25,500.0,279.27735792209853,0.4041687863498626,0.08369737335193243,0.463913871733654,0.1845199303247353,0.1689549493602473,0.15977998816319483,0.022831260418168728,02020022
26,520.0,247.16651163723753,0.34537633858946726,0.09857710844906031,0.42721433047423035,0.18045096933304058,0.1915829453164966,0.1690528801473617,0.03169887472887069,02020022
27,540.0,251.105999261923,0.30390018641006966,0.08688561956799891,0.3740259583083887,0.20023658004998426,0.23130202968528416,0.1681557435354385,0.02627968842090451,02020022
28,560.0,261.4246602736562,0.3668583752010652,0.07501126052305973,0.44938702107023576,0.23804921759512987,0.13760995721650102,0.15388648352600623,0.021067320592127122,02020022
29,580.0,320.48343981574016,0.3208274929299044,0.07198604483161061,0.37895187865737373,0.23694809949214152,0.21148412237957412,0.15372198819246927,0.018893911278441443,02020022
30,600.0,352.7109258797908,0.5451361335704374,0.04155159193103339,0.589361759710333,0.22378885818750524,0.09687175157580422,0.07753613316137942,0.012441497364978066,02020022
31,620.0,268.1458078348911,0.33674026671013696,0.08094428949608784,0.3969619809323676,0.20899219220992507,0.21374213643434706,0.15986021894935343,0.020443471474006825,02020022
32,640.0,268.4963589586208,0.38335288549456065,0.07615292222846501,0.4699255191258857,0.20919779702226887,0.1778526441903993,0.12212088965263969,0.020903150008806555,02020022
33,660.0,247.06389489954222,0.3230186252466946,0.0744914913279744,0.4749278430881648,0.2297673145481352,0.13706073738168795,0.13294356992675294,0.02530053505525903,02020022
34,680.0,299.97530783717747,0.5712993216935236,0.05055157021018301,0.6201505991964088,0.1583200275732698,0.10871346585309029,0.09782122286355961,0.014994684513671558,02020022
35,700.0,258.027968089221,0.24482424938521016,0.07846360768089115,0.36471930524241064,0.2373315162698936,0.233402506875503,0.1449092406906909,0.019637430921501924,02020022
36,720.0,260.6123925828069,0.3610584163213448,0.08330790067930965,0.44931089748765607,0.22045106053883784,0.15438443059595672,0.1554426700286828,0.02041094134886671,02020022
37,740.0,286.82480912136066,0.43159612611643655,0.06154310770364609,0.4822045497069491,0.2456790011849422,0.12262685177705783,0.13155149341481917,0.017938103916231806,02020022
38,760.0,309.05011243353033,0.4285603407915651,0.05343936874860153,0.5338604285648704,0.16469899007871525,0.16142767955191062,0.12681343735138212,0.013199464453121644,02020022
39,780.0,285.22459101895794,0.36962993539616373,0.05594583987632949,0.5867615045484061,0.16406923963685083,0.13469290372638107,0.10251268451854127,0.01196366756982073,02020022
40,800.0,298.7169860110619,0.3568642918928517,0.058547053601254485,0.45957159389041047,0.1955260791441922,0.20514719221253366,0.12497787971660529,0.014777255036258454,02020022
41,820.0,306.5806322083611,0.45627256648136333,0.061792415369939714,0.6043842342929115,0.18163741175481338,0.11033792653981352,0.08999797437567134,0.013642453036790219,02020022
42,840.0,264.6650894822711,0.4043119503296891,0.07548774303308403,0.6004601798535301,0.17666162063401195,0.10143537644427188,0.10714761911009538,0.01429520395809083,02020022
43,860.0,881.100611032811,0.3319648726981467,0.18263425631168634,0.44921784164517725,0.1855178841686095,0.08467838315554227,0.24496103744261927,0.035624853588051675,02020022
44,880.0,3667.131538717454,0.9033349338952645,0.005566119589996455,0.8842157885257587,0.041564997590461915,0.02070617667269962,0.04575290235358492,0.007760134857494885,02020022
45,900.0,302.0880008102558,0.3792626636435646,0.06368983648549324,0.6056477156269426,0.19109670604564383,0.09145951437722481,0.09022887552638928,0.021567188423799344,02020022
46,920.0,350.5564844688704,0.3785952203707414,0.04369115444069684,0.6402123619940379,0.1793044937387618,0.09243311696985594,0.07390989317347217,0.014140134123872135,02020022
47,940.0,282.693880456422,0.3883947019812304,0.06293341440300129,0.5518368276952175,0.16697393037267588,0.14782644158338726,0.11068216475742979,0.02268063559128959,02020022
48,960.0,336.40156022517465,0.33358383949426795,0.07782867205141279,0.6238437614327533,0.1841844020233223,0.08934259889463475,0.08219365323988417,0.020435584409405464,02020022
49,980.0,323.9821011523184,0.5145810797005734,0.055863175376452266,0.5874452836873152,0.1479034100685315,0.13572022522094015,0.11167432423580527,0.017256756787408054,02020022
50,1000.0,371.52791404482747,0.45731836610156684,0.05876361536906357,0.6247819002714569,0.20573106852378234,0.08853661180106809,0.06777107421006426,0.013179345193628407,02020022
51,1020.0,324.8796872212559,0.3687522203316359,0.06932754438700713,0.5853773072239148,0.1719597372953136,0.11972572646295163,0.10327162060754883,0.019665608410271235,02020022
52,1040.0,348.06531911991874,0.5474904254573448,0.055393721920260354,0.6425671109784323,0.12479745733005383,0.1257534418035031,0.09028565994829925,0.016596329939711402,02020022
53,1060.0,377.09059893421136,0.6227559635658915,0.0411175657878379,0.6675749506543712,0.12237247029571734,0.12842244982802248,0.06917954946168055,0.012450579760208429,02020022
54,1080.0,454.0820534907724,0.6733334422008226,0.032020851394712786,0.7490812810820454,0.11790398607683861,0.07239502824978832,0.05091412298954786,0.009705581601779856,02020022
55,1100.0,271.2956045677355,0.4393619927790767,0.08547333968497978,0.4876040269225059,0.16766625806492028,0.1811486376044877,0.13483831405806843,0.028742763350017797,02020022
56,1120.0,365.7249865082769,0.5121965788562544,0.06658793417021264,0.644484389065478,0.13312198883873824,0.13070086596758276,0.07574429710903254,0.0159484590191684,02020022
57,1140.0,307.2533108122376,0.4882972747947939,0.07466038661217776,0.5614821509861257,0.11249827466401212,0.1795652243340542,0.12341846644676112,0.023035883569046924,02020022
58,1160.0,353.8247415715349,0.4770118007103419,0.06151244630012941,0.6174078465659164,0.1457199941664102,0.12208520046539711,0.09671963308905826,0.018067325713218032,02020022
0,0.0,447.11349068050896,0.48828216810906466,0.04145766630571568,0.5346447119258596,0.11863929346157445,0.27141303654434246,0.05954154262156333,0.01576141544666023,02020023
1,20.0,386.66846752954643,0.3071484182386808,0.0731710658508076,0.3839319061153322,0.17623713486575018,0.32463637673398243,0.08670422483825575,0.0284903574466794,02020023
2,40.0,430.519764465609,0.37374215173543074,0.03544206695967416,0.41554005766340657,0.18622933149222912,0.32925356683107926,0.05713085888504139,0.01184618512824372,02020023
3,60.0,378.3706441799446,0.2891506145132858,0.04208262601435248,0.345816200456605,0.15065023576864084,0.42498369177638023,0.0609369581758353,0.0176129138225386,02020023
4,80.0,445.07371714890604,0.4758024408249674,0.024498327233015114,0.5232696519804375,0.10630325635629813,0.32203717084626227,0.041372106075211884,0.0070178147417902315,02020023
5,100.0,1186.7891955463397,0.8212491565716754,0.010939072149500774,0.8572749053302513,0.04179109189264862,0.08201004362518588,0.014836156968472241,0.004087802183441878,02020023
6,120.0,416.572384432729,0.20824523856934538,0.11171143037569436,0.254904781807874,0.17534344963181728,0.38571789137335,0.13103976647497534,0.05299411071198346,02020023
7,140.0,407.1700542254068,0.24944318282405104,0.07743184009248236,0.3073742215310583,0.18268555051682617,0.3758960081776628,0.10707094861020224,0.026973271164250662,02020023
8,160.0,364.6314340485248,0.27144203270573286,0.03749963652357109,0.3320599586781754,0.17688041664452453,0.40742153495751904,0.07118624188083675,0.012451847838944305,02020023
9,180.0,360.05224257310795,0.26406792927750716,0.04100587016052315,0.28851827872406327,0.16984043576303023,0.4598741870908963,0.06940016874219163,0.012366929679818542,02020023
10,200.0,375.834943992096,0.18015251104328078,0.03655078288771387,0.27094352598324645,0.25893125763069147,0.39692026803753994,0.061889304107324114,0.011315644241198125,02020023
11,220.0,354.2234848385078,0.18870740866017588,0.047879838419028625,0.23092102864734326,0.1965188724764377,0.47812471211007274,0.07520881427224145,0.01922657249390488,02020023
12,240.0,363.64182443051556,0.16912145558318417,0.03915497169306217,0.23160842824890995,0.19483956672938355,0.4920696685417404,0.06851340188298426,0.012968934596981813,02020023
13,260.0,342.0029937178977,0.2995546171585522,0.043851509768811685,0.3691640895693524,0.2697956018213317,0.2712274512499757,0.07567097629546106,0.014141881063879168,02020023
14,280.0,314.5158285089809,0.33220774596087854,0.061306842839278536,0.4297690461084563,0.20407814629733587,0.2583398670441338,0.09077853260912729,0.017034407940946853,02020023
15,300.0,348.2193151500781,0.2941125893651222,0.041200792063287556,0.36700184031303945,0.16106899686968526,0.39338520951042694,0.06553372567045872,0.013010227636389765,02020023
16,320.0,320.7519078208445,0.17898423373622002,0.04493977162939928,0.2666472272392365,0.20081424573887893,0.4442973264030913,0.07388838302887775,0.014352817589915598,02020023
17,340.0,343.1577436786161,0.21887916049834083,0.03966353205723229,0.32694222589251554,0.21485520335740063,0.3796581302224541,0.06746967025108225,0.011074770276547383,02020023
18,360.0,308.70683677196126,0.29383880998203665,0.04116866669560291,0.5190653209691103,0.27082488361014473,0.12691185433827376,0.06970986269916436,0.013488078383306743,02020023
19,380.0,301.6026375770874,0.4260635758200876,0.05165178402047047,0.5739314004262573,0.2368514409637806,0.08990533386651099,0.08459120411485228,0.014720620628598795,02020023
20,400.0,319.7897917204294,0.3860226942935047,0.04760942882381697,0.5065489789082169,0.1949433953260634,0.20001264100244773,0.08328286835901136,0.015212116404260704,02020023
21,420.0,329.4596810475053,0.28488646215415947,0.13083442340535908,0.35058470787898494,0.2141252298617364,0.21551541183147632,0.1691561802642833,0.05061847016351897,02020023
22,440.0,293.0623107113789,0.3732336029722472,0.06847421107526783,0.45662509288646286,0.25769653199948556,0.16091518240402247,0.10025027823290206,0.024512914477127157,02020023
23,460.0,287.59876267829947,0.4860754620899924,0.0630672234298203,0.5802156635499026,0.21659634580706924,0.08678230939069331,0.09586663280692949,0.020539048445405224,02020023
24,480.0,294.405768755592,0.45607696903847866,0.059848029610759766,0.5400341252799361,0.23696268308055873,0.10472608732505269,0.09839704589361162,0.019880058420840802,02020023
25,500.0,273.6231833339157,0.43485066217683516,0.05875930126578181,0.5571958178940972,0.22589335603809949,0.09205452912023722,0.1086880541076164,0.01616824283994969,02020023
26,520.0,308.4387253595974,0.41239993000177316,0.04460121967291522,0.53670551593136,0.2944064435749003,0.08722401187604549,0.06737337438058366,0.01429065423711048,02020023
27,540.0,285.326217755979,0.34297994556599143,0.059344394868050716,0.48486221158063464,0.2414415499852168,0.13377794873951496,0.12252431837917228,0.017393971315461287,02020023
28,560.0,287.4950567435348,0.42514479177228187,0.05377418054989814,0.5234275113571525,0.29613838326211267,0.07646271886497485,0.08787050541171439,0.016100881104045513,02020023
29,580.0,296.7151319510938,0.36301153401552094,0.05878565113188958,0.5423423958376515,0.2611475060510787,0.08767922878771993,0.09278825682377637,0.016042612499773554,02020023
30,600.0,294.61789161799885,0.42740205016828986,0.05259065940192059,0.5710483387224583,0.23575671850854912,0.09389715678233383,0.08226327027601166,0.017034515710647093,02020023
31,620.0,352.98929820265977,0.5303830877608623,0.03402858527478073,0.6299716055515374,0.18731991361404743,0.1050850644671657,0.06815527296072817,0.009468143406521289,02020023
32,640.0,273.32277940261156,0.40087013529274035,0.05813501219103205,0.5425528142265947,0.23907216108626314,0.09831240042194048,0.10548479229436822,0.014577831970833526,02020023
33,660.0,291.17400759805565,0.4568252306414536,0.05169530574170478,0.5544782874898259,0.24864376630129273,0.08835722092054832,0.09577378726737196,0.012746938020961116,02020023
34,680.0,537.7356773766833,0.6215683848502214,0.03932218658819101,0.6739573433428049,0.1122337090725429,0.13097536721108022,0.06039729537260967,0.02243628500096231,02020023
35,700.0,418.106133853277,0.3546932448796202,0.10813815349469424,0.42379218941600744,0.11274435768583439,0.30056429019884934,0.11843329286359057,0.04446586983571836,02020023
36,720.0,337.86424309445846,0.23626867586914382,0.0611911729275323,0.2690043126291882,0.11591789423889612,0.4910206099007584,0.09879156118674923,0.02526562204440812,02020023
37,740.0,344.3323742717512,0.27752942407429254,0.055948508038647156,0.3328091267430259,0.14555988557253535,0.41974690752001553,0.08122824138457414,0.020655838779849153,02020023
38,760.0,317.501618230599,0.3703311156260823,0.052634405644648795,0.47232947554195176,0.1700401225611776,0.2597649315798885,0.07954503415377216,0.01832043616321002,02020023
39,780.0,346.46807928125787,0.4859952835231636,0.036781452386076566,0.6391724775914839,0.19127973085642883,0.09285181086893629,0.06581456118102583,0.010881419502125124,02020023
40,800.0,298.71413981760463,0.518226899907839,0.04684376079133536,0.6042602570699938,0.1889270746915679,0.11035309258829239,0.08349991542398373,0.012959660226162214,02020023
41,820.0,602.6421700126532,0.8119228242769854,0.018983748078007474,0.7906349549870164,0.07992237250339784,0.09069770983246339,0.03353349219434249,0.0052114704827799585,02020023
42,840.0,392.7584179320715,0.16426827553453494,0.11781324602725642,0.20520887851563246,0.14620191129806692,0.4662351423406588,0.13454122264769935,0.047812845197942544,02020023
43,860.0,339.6662444768735,0.5268535898896045,0.042946554082911134,0.7116896478384732,0.15127757691705598,0.054478960718404794,0.06982910869851809,0.01272470582754792,02020023
44,880.0,429.13455011121016,0.6596796629936947,0.023213784488163462,0.7335669139736263,0.1567341318346267,0.05429800382318317,0.04842875637972035,0.006972193988843516,02020023
45,900.0,298.9615628872308,0.30127683752507245,0.05253748719618401,0.39033535424316557,0.2627441174414499,0.2450278018850761,0.08699006449441135,0.01490266193589702,02020023
46,920.0,379.3354450650124,0.21573312295957142,0.05640013272884321,0.2677250139465023,0.13316446712123578,0.5006699933964353,0.07843826394913585,0.020002261586690797,02020023
47,940.0,394.1306254996495,0.2124027271492453,0.13084728255574626,0.29402310142741295,0.1740960564000293,0.3428920432543603,0.13507900868298664,0.05390979023521084,02020023
48,960.0,277.2527572936183,0.4496956432831789,0.06542072554563515,0.5867589868376992,0.21294944490583992,0.08194848875365503,0.09851890158539815,0.019824177917407662,02020023
49,980.0,334.2242321102707,0.46903209108772165,0.04305933021970569,0.5435870410916043,0.20026287571217238,0.16850287563820934,0.07301168185703974,0.01463552570097424,02020023
50,1000.0,307.09073131868416,0.5833086851198315,0.04268590444573238,0.6505886660072204,0.20373377350125768,0.06118457544428028,0.07314586060777076,0.011347124439470654,02020023
51,1020.0,402.2179874692828,0.6642401817849982,0.03815434452278071,0.7326881548024287,0.13988961074008602,0.056141858484756675,0.06127017458971883,0.010010201383009782,02020023
52,1040.0,329.21528839247975,0.38229499830396596,0.05021775744478304,0.4601299180951827,0.31778945224545757,0.11117302694649381,0.09713178575578225,0.013775816957083662,02020023
53,1060.0,293.4939729377695,0.4030886954691293,0.04286996570525161,0.5095964307862694,0.2905615366660719,0.09564569769686784,0.09029791991547348,0.0138984149353174,02020023
54,1080.0,294.69990658362383,0.33265332473184495,0.06884343820778233,0.4398628002382372,0.2725685033059784,0.16237024497547092,0.10801533588523841,0.017183115595075054,02020023
55,1100.0,269.246738769909,0.34322350791077055,0.056022962297984064,0.4671702005085388,0.30027132563464815,0.11369252547831694,0.10245970773254809,0.016406240645947954,02020023
56,1120.0,309.9760276922654,0.501024493808347,0.04344700093353455,0.6021125977001246,0.21869997817378453,0.09465398509532497,0.07360914126185633,0.010924297768909633,02020023
57,1140.0,306.8214474186377,0.4689311006213015,0.04416461777018708,0.5576021749801937,0.25568631437919864,0.09535697326059758,0.07752645083450024,0.013828086545509781,02020023
58,1160.0,289.62166070306216,0.5074450598127884,0.052068683391822315,0.6027844597560389,0.19957456614126218,0.08845285040662361,0.09411536548363368,0.015072758212441608,02020023
59,1180.0,350.7572002546155,0.4652383455261225,0.042667653871533685,0.561828716188368,0.2063951378923066,0.14032470272379607,0.08051147236633846,0.010939970829190866,02020023
60,1200.0,263.5617640906728,0.42143676285140547,0.0710824757107168,0.5155061114247195,0.2293774175535031,0.12616213341217108,0.10581731284769605,0.02313702476191022,02020023
61,1220.0,325.1854059624811,0.5132935918740977,0.04205081089932189,0.6249210438150306,0.21869045704610043,0.07503558188679502,0.0701280491489577,0.011224868103116188,02020023
62,1240.0,344.45258388378664,0.5195137235317305,0.029035422940236956,0.651086354520212,0.20331590667345223,0.08290922038263611,0.05314245398789396,0.009546064435805609,02020023
63,1260.0,312.58997004410656,0.4727340430902768,0.044265966147935196,0.5815342414151343,0.22579473423532867,0.0930373839268047,0.08603882060293691,0.013594819819795443,02020023
64,1280.0,395.43814111657144,0.5801608566180166,0.03426618249956158,0.6328003067438174,0.20490315713605087,0.07933693373001757,0.07144135933337474,0.011518243056739536,02020023
0,0.0,458.8251855166628,0.13699982328451493,0.05731830782758727,0.1527321594637869,0.10772308855136324,0.6024032217994875,0.12156630345228074,0.015575226733081576,02020025
1,20.0,514.1488774139456,0.13362908170652046,0.06891393778249504,0.15123017102599814,0.0852663305609468,0.6144345052826556,0.1353767008367281,0.013692292293671282,02020025
2,40.0,608.9973497298143,0.40098864581223687,0.04895528063692492,0.44414597382712406,0.08229030376322934,0.3758070629022258,0.0839774707974787,0.013779188709942148,02020025
3,60.0,520.0161027198884,0.26694705384535894,0.06461822354753198,0.2829345274897312,0.11535219879265189,0.47692250399237296,0.10648985389626693,0.018300915828977016,02020025
4,80.0,459.84519415224713,0.19027637251325466,0.08609669695789579,0.2247469927920223,0.09023650676923463,0.5110768044160211,0.1525796723440802,0.02136002367864172,02020025
5,100.0,448.55155784136156,0.3269495074666157,0.06529622775295993,0.4048378852065027,0.10339897135501905,0.3487339142408705,0.12292355876959675,0.020105670428011025,02020025
6,120.0,696.6477169784932,0.696637091531046,0.028128467287186966,0.7195084401830628,0.06951700906410208,0.15611366979972555,0.04549332344853002,0.009367557504579644,02020025
7,140.0,634.5437090722978,0.6327774633861146,0.051478359392788206,0.668809140592894,0.07202353973772511,0.1716865430172466,0.07246489776221803,0.015015878889916274,02020025
8,160.0,619.5011438319907,0.39908641934181416,0.03722179168749646,0.41832876925689777,0.08286815681482265,0.4160912365036043,0.07457923256951382,0.00813260485516143,02020025
9,180.0,630.346931502343,0.6906275614226622,0.026960975999542287,0.6938270706633645,0.05298865304916293,0.19513301008880826,0.050646831162210686,0.007404435036453632,02020025
10,200.0,540.2498752433621,0.5685846263418245,0.03672698237585081,0.6090343610242317,0.07576019234625238,0.23939909691095973,0.06564968244621519,0.010156667272341005,02020025
11,220.0,390.37751029968194,0.19398388177268033,0.09724109277022164,0.25591901416777696,0.15389429471761734,0.4081178319855316,0.15907430373569606,0.022994555393378194,02020025
12,240.0,550.6451591328508,0.7617289155574124,0.0276883076382302,0.7671966472892127,0.040002693410200685,0.13229847154192234,0.05315003179355293,0.007352155965111461,02020025
13,260.0,3140.482554474031,0.7097912753600629,0.024870924322303985,0.7170896825872018,0.13275167909642777,0.07776968026538404,0.05584622745199452,0.01654273059899185,02020025
14,280.0,2583.5849599086364,0.6155239834294941,0.004255823037815849,0.8077791021409505,0.1602684103930028,0.021978378505694323,0.0077358392773639395,0.0022382696829883614,02020025
15,300.0,3500.926333813968,0.8234214248137303,0.0010649519895042582,0.9415903477375224,0.046043444849112,0.009728903933764738,0.0021629334983100717,0.00047436998129093716,02020025
16,320.0,789.1922459320821,0.6633414652580109,0.05809504936586287,0.6897153786653046,0.039434227646877366,0.15772998420278686,0.09457215599111597,0.018548253493915232,02020025
17,340.0,641.6473847418504,0.555172748922432,0.0406779166453093,0.6066761378213921,0.07230702697267763,0.2511823138994814,0.06093253857212871,0.008901982734320238,02020025
18,360.0,378.65378742348526,0.14372725516624094,0.11346746448344412,0.17701587862467316,0.11694746439478655,0.5106647987772899,0.17078070305577026,0.0245911551474802,02020025
19,380.0,354.49575128270254,0.3779156542617461,0.07249902529560526,0.4241751748082959,0.17437468918466442,0.2503904242042584,0.1295251671013638,0.021534544701417323,02020025
20,400.0,303.50721683128864,0.26703171554942706,0.08931252933960174,0.32963939474215254,0.16787815013704788,0.31669431159156913,0.15974577898804634,0.026042364541184224,02020025
21,420.0,319.8863825352626,0.21084029891148492,0.10320596056329039,0.25393421712513164,0.16311262483557787,0.3656100277473303,0.1908881817939363,0.026454948498023757,02020025
22,440.0,282.472924342864,0.3148660070799793,0.11469334428375784,0.41983383335602137,0.2109124841932764,0.14592735659478906,0.19314878451102865,0.03017754134488445,02020025
23,460.0,293.9138619110003,0.30838409361442193,0.10348179664476405,0.3819603347507277,0.21402203229849387,0.16159908911426135,0.21532937255068565,0.027089171285831326,02020025
24,480.0,457.7914357603209,0.6794561107738694,0.05303725652626856,0.689560490091158,0.10050559654429184,0.08079955818005223,0.11608583476075013,0.013048520423747864,02020025
25,500.0,480.0814054425189,0.678026915491786,0.035148039611079686,0.7333684226503572,0.06482081601380037,0.13265977256242792,0.059420732652984726,0.009730256120429832,02020025
26,520.0,264.12359772551486,0.32888873521891127,0.10787173479050965,0.4269559903568163,0.24405385466192278,0.12616555299364623,0.17020013086729094,0.032624471120323885,02020025
27,540.0,628.9871062846358,0.8528394971249634,0.02619019202009854,0.852798815649701,0.04351921969232279,0.03626306049657343,0.06068074546193163,0.006738158699471301,02020025
28,560.0,343.2198625281216,0.4516419805048342,0.09086226841640872,0.4541777649996223,0.10708924807969178,0.23960146279200603,0.17409315285781082,0.025038371270869098,02020025
29,580.0,633.6682539593647,0.6811782070643202,0.02580181671456507,0.7383404985729538,0.05620090178962849,0.15177543787757672,0.04644314344237634,0.007240018317464623,02020025
30,600.0,292.9784839640934,0.24577188609642162,0.10276939641475459,0.29495741687234867,0.15269088460548258,0.33778495464075986,0.18428460584255857,0.030282138038850243,02020025
31,620.0,325.17286850127255,0.3431601688203743,0.07328079263275114,0.40179417349404106,0.17808920306294693,0.23536938142422756,0.16383591161363656,0.020911330405147907,02020025
32,640.0,479.2934842844494,0.3960790692383147,0.055516291439233235,0.40557605350234416,0.10737260789227573,0.32135265105757704,0.1466064329932636,0.019092254554539487,02020025
33,660.0,944.7717917284373,0.7350278157486396,0.022107405009347998,0.7491932484393599,0.05762398567036901,0.13881999202715667,0.04844845721444283,0.005914316648671644,02020025
34,680.0,468.1577041378175,0.09597992821612047,0.0583277205290505,0.12159872300966575,0.10627452825787372,0.6182151101924306,0.14053842793994836,0.013373210600081752,02020025
35,700.0,461.9118356937433,0.15799359895250217,0.06255671161480178,0.19351556889192667,0.11266302620075204,0.5485884574766366,0.1314222606746052,0.013810686756079488,02020025
36,720.0,282.6966645026577,0.2546008198423518,0.09846444430606402,0.3524160788744323,0.20248175713606614,0.2312908421242915,0.18990757081779036,0.023903751047419645,02020025
37,740.0,446.5228752897151,0.09055859791021525,0.0541248335850895,0.11628585828993003,0.127557027717082,0.6089558095127101,0.1368596203385287,0.01034168414174907,02020025
38,760.0,601.2441971493408,0.35927427625215813,0.03741623071052873,0.41325949986777344,0.08828304666169767,0.3962504700481423,0.08967551298400059,0.01253147043838597,02020025
39,780.0,291.07968604376316,0.2875460396828504,0.10315531613554992,0.35021320722940574,0.22388364818229667,0.18092916415767185,0.21502595380409373,0.029948026626531954,02020025
40,800.0,287.99108044390965,0.26246071888419825,0.1151288150137789,0.35689433544748045,0.19698868108791284,0.21881697845459025,0.2008140148086443,0.026485990201372066,02020025
41,820.0,282.7748937436286,0.2553969764808899,0.10610932419008007,0.33351650329978727,0.16134138952270502,0.2384955235706495,0.23924375708615966,0.027402826520698625,02020025
42,840.0,310.27369404620725,0.19927333848709713,0.09129930615831303,0.26822693952902993,0.19993649199645472,0.3141308226058985,0.19159216794614423,0.02611357792247269,02020025
43,860.0,346.94206796363613,0.24931781247993426,0.06456003186163398,0.3211708028488946,0.15176813779616877,0.35375265513268983,0.15527335335624168,0.01803505086600516,02020025
44,880.0,636.1427512475188,0.48790069169622274,0.07118426154585386,0.4863694084010574,0.06588463237790351,0.3272481906976845,0.09390851134575191,0.02658925717760263,02020025
45,900.0,299.0385390995133,0.3994247402067437,0.10587653628563833,0.4975999166128651,0.19751793259718028,0.11389707673711419,0.15866486100929741,0.03232021304354299,02020025
46,920.0,660.9991173516793,0.8706116130766502,0.016751408397237353,0.8620197329800087,0.04442652282763457,0.050217094438240385,0.03908906083035358,0.0042475889237628146,02020025
47,940.0,377.1209207850363,0.5258315893386665,0.06943421862794502,0.535596671761038,0.09163352141908905,0.20289818772496757,0.14458483482848744,0.02528678426641797,02020025
48,960.0,408.53506184217093,0.40183644516651745,0.06478560872345804,0.431650780951074,0.08203853887124742,0.33906308914914246,0.12156865127685432,0.02567893975168189,02020025
49,980.0,305.8137763304787,0.246209271276226,0.10036451772457686,0.30316682217800917,0.19020665696569405,0.2201203490413156,0.25846056954459556,0.028045602270385685,02020025
50,1000.0,308.19439086637834,0.3888717892427925,0.08133645466737363,0.4576818470330041,0.2018180454642899,0.12933595404988646,0.18416909101946477,0.02699506243335486,02020025
51,1020.0,289.94425898297857,0.24227850297098613,0.08288972420281539,0.33063959045625735,0.1809493779230688,0.2288394827198315,0.2322732655735931,0.027298283327249213,02020025
52,1040.0,272.5815378868845,0.25618082508861406,0.09360249967106493,0.388859997684003,0.1979302605152106,0.15204043889368551,0.2332519841082929,0.02791731879880797,02020025
53,1060.0,593.8888562065143,0.710064509911032,0.02728124797162811,0.7554319258435063,0.047485525237179395,0.13116591226527108,0.059018878724659114,0.006897757929384061,02020025
54,1080.0,507.6931614753908,0.7311146365539187,0.03376684616907644,0.7112137746660793,0.06688028220958425,0.12405079494818771,0.085366299451782,0.012488848724366796,02020025
55,1100.0,281.01339491166436,0.27710865973608495,0.10826600020508721,0.34758026713975454,0.22520119944553393,0.18601161229922542,0.20737068616274099,0.03383623495274515,02020025
56,1120.0,344.00288275256463,0.48900963497263955,0.11279299070907192,0.5184397909571394,0.13217497622469412,0.1043941476259907,0.2068262059334151,0.03816487925876075,02020025
57,1140.0,400.0513089677244,0.3935477760725682,0.10475198881326411,0.46769994258368935,0.15374834583002953,0.17341710518456394,0.17607917679893859,0.029055429602778588,02020025
58,1160.0,521.5744051562701,0.36858584667466776,0.08815399724701295,0.3938847448282795,0.0759315537216775,0.3510655647648218,0.15072552053536903,0.02839261614985214,02020025
0,0.0,1651.863085649373,0.5855014510986289,0.016910855931705535,0.7589190396454638,0.15497797215073,0.05087408825762526,0.03130330412881304,0.0039255958173680106,02020026
1,20.0,1232.9137420503146,0.4549513881045964,0.026473502409106345,0.6571475230710844,0.16815629672980975,0.11994341629688945,0.04911770107774886,0.005635062824467564,02020026
2,40.0,736.0279277202883,0.42030238254931285,0.04596031666325536,0.5503533415904828,0.1759963956893728,0.1852273537401957,0.07636845049879692,0.012054458481151746,02020026
3,60.0,947.5916752134293,0.4766150605569977,0.029206031330379204,0.5981143000105243,0.18616602790920903,0.16107373035848827,0.048141875389895096,0.006504066331883256,02020026
4,80.0,931.0965562387595,0.5990456493211076,0.02811738322949771,0.668005262649067,0.11665415215785864,0.15767646177399824,0.050794752190628095,0.0068693712284478995,02020026
5,100.0,698.5861972034336,0.4942003290828316,0.044104204412835454,0.5626475388801977,0.15036248329831536,0.19600950703136238,0.08057356756416391,0.010406903225960676,02020026
6,120.0,649.0072735745363,0.40509789771490085,0.060327892495235014,0.47806891017647574,0.1488224900140033,0.2521971279746575,0.10720816314132023,0.013703308693543194,02020026
7,140.0,619.4346298781411,0.38197516838624374,0.054552364479298926,0.4588918847892811,0.15120412664439598,0.27143588758582887,0.10554831504964275,0.012919785930851137,02020026
8,160.0,799.3941330107721,0.563830894786742,0.033876952133360866,0.6500243247376045,0.10000076586616145,0.1839754561913798,0.05853265055970206,0.007466802645152163,02020026
9,180.0,755.5877311083823,0.4699601759222581,0.04837482324119855,0.5463982981999976,0.09832337945988981,0.2513581531645525,0.09360042803243036,0.010319741143129824,02020026
10,200.0,827.2225899518844,0.41133644293929944,0.046638861871054246,0.5110306628698734,0.15440785925201153,0.2255074745026481,0.09989734696679303,0.00915665640867412,02020026
11,220.0,713.8252723317041,0.2977720751318126,0.04170231572000249,0.39479081596716586,0.18995277107912426,0.3086824826321097,0.09773642196033384,0.008837508361266466,02020026
12,240.0,595.9652797191785,0.3211986011485466,0.06358217663296006,0.44699816973354095,0.1569946483636654,0.26480944485235297,0.11898877118398282,0.012208965866457835,02020026
13,260.0,747.4477857852038,0.49964176821432477,0.03387469358664949,0.590416625701083,0.08425079980684314,0.24195378234040987,0.07557408982148435,0.0078047023301797145,02020026
14,280.0,597.8870104857349,0.3287779307787123,0.06006954317767536,0.3943155695554295,0.19669822488563424,0.27069553689170206,0.12536966529159319,0.012921003375641102,02020026
15,300.0,721.9306041195132,0.3874145819711929,0.03718905538784305,0.46214802070222405,0.16134239093758648,0.28874239062459106,0.0800324240198874,0.007734773715711014,02020026
16,320.0,704.0490525253434,0.41939929579253177,0.038155073168148125,0.522450630994742,0.14888203997048993,0.2440779014469807,0.0754161279179765,0.009173299669810966,02020026
17,340.0,664.8003480264672,0.38562078643539954,0.05145020426220842,0.492232850425209,0.17360583978904173,0.21980967104777782,0.10206907836302079,0.012282560374950707,02020026
18,360.0,844.4507890267721,0.2734515365386514,0.030391220648823936,0.4634363045321667,0.30010811101134793,0.16852173035710982,0.06136801761001637,0.006565836489359128,02020026
19,380.0,987.0728551225741,0.32647858124871143,0.02155575252930215,0.6020780032073995,0.17755204166799615,0.17362021245016876,0.041767959495366075,0.004981783179069615,02020026
20,400.0,674.5228869418165,0.4386644159869393,0.04827105770001811,0.49832842606172256,0.11154093422837483,0.2838919278132376,0.09635937134589105,0.009879340550773778,02020026
21,420.0,695.2348346476925,0.6504436952387823,0.03809959718559895,0.6652471863015731,0.0764050243860559,0.17249523932689836,0.07898180912858237,0.006870740856890298,02020026
22,440.0,734.3769810955868,0.5207442015589749,0.04051502420656471,0.6080392545647103,0.11988457190085154,0.19049318483613342,0.0727776332544768,0.008805355443827928,02020026
23,460.0,758.3998187422271,0.28915925662165476,0.03985981284367014,0.5032358613789244,0.1753696012632876,0.23186021433278697,0.08193228554071799,0.007602037484283135,02020026
24,480.0,869.741243841358,0.3056353544594454,0.03317017538214584,0.4901947269061837,0.17870506283870854,0.26572672439769435,0.05823064841133688,0.007142837446076635,02020026
25,500.0,803.7907919103432,0.3624087617883419,0.03241808190708452,0.5274869135408017,0.15184901771481527,0.24395574922467728,0.07018199493710446,0.006526324582601391,02020026
26,520.0,854.4229801780989,0.4038527626125923,0.032105531812223274,0.564410679961979,0.12889495441232673,0.23644378571618221,0.064417775734888,0.005832804174623999,02020026
27,540.0,751.9453068678844,0.38925913970871107,0.034237974472374026,0.49506740383998,0.17987278886736946,0.23941560615477095,0.07834872222264556,0.00729547891523401,02020026
28,560.0,585.5485937758267,0.30795468381263796,0.05201764385136461,0.3562631192007822,0.09631886611739775,0.43873212980272286,0.09665672303829116,0.012029161840806116,02020026
29,580.0,587.785155937462,0.26778656120934247,0.05070804405795124,0.3553694599823789,0.13518661533628923,0.39428615942640544,0.1034153546431246,0.011742410611801816,02020026
30,600.0,735.5598808855053,0.41311265414615556,0.039246643815130045,0.5158621831050798,0.08983397298694729,0.3257964196603744,0.060337158346867814,0.008170265900730733,02020026
31,620.0,595.5426194489212,0.37315754125748335,0.058591000501867156,0.4261001538892255,0.0912714507325821,0.3577385013665458,0.11027855469370688,0.014611339317939674,02020026
32,640.0,765.4884536612035,0.5137211710012213,0.036451684658568496,0.584191016320709,0.09008924655137736,0.2569872628212832,0.06202326607842895,0.006709208228201456,02020026
33,660.0,688.8510525001055,0.4362474333273211,0.038647787100666804,0.5111175172841349,0.08629457198742338,0.31964778574424024,0.07407742950433366,0.008862695479868007,02020026
34,680.0,673.0934938265622,0.3907794598478837,0.04437356540390338,0.48905085016716565,0.10206213433751928,0.3051748586712949,0.09506747049397092,0.008644686330049273,02020026
35,700.0,815.8127223796907,0.5220997574093045,0.030316434483081998,0.6130774666285738,0.0936881218704454,0.2313212934056889,0.056128858391550865,0.005784259703741185,02020026
36,720.0,641.3901339458507,0.39854418132527947,0.04739376835185302,0.4591398906412757,0.09142832006527911,0.3412765136272998,0.09706146704435534,0.011093808621790106,02020026
37,740.0,834.2488798094856,0.38076425625650456,0.03401814712283407,0.47650620903457863,0.19940768547605486,0.23739446153665317,0.07972411165748614,0.00696753229522711,02020026
38,760.0,916.704452047236,0.2563210129905024,0.03643561639112223,0.5149240454615192,0.1764697626018588,0.22211057100886805,0.07806222836186145,0.00843339256589264,02020026
39,780.0,920.3414026743695,0.37035147480268626,0.03445269116787755,0.5573448643097916,0.2024136223321166,0.16642425491616658,0.06650362125046874,0.007313637191456525,02020026
40,800.0,790.7600359747406,0.3297634479849988,0.04818472986082156,0.4336825880081224,0.16571495387847246,0.303030515640546,0.08729010205214058,0.010281840420718487,02020026
41,820.0,720.4764953504235,0.5246498776968886,0.03271903793333138,0.5907541261825288,0.11214273760298848,0.21927195937234328,0.07071282782732992,0.00711834901480945,02020026
42,840.0,604.4868700474104,0.3911346530607186,0.057225512308064476,0.4607915466047093,0.13052208447456107,0.27956883182666736,0.11809230106551712,0.011025236028545137,02020026
43,860.0,669.5060988240995,0.24448678710063548,0.07550661277525486,0.37627730758402433,0.18483538126795687,0.2881195803605225,0.1251654121005264,0.025602318686970077,02020026
44,880.0,676.3566144916227,0.39778556307629076,0.04096534028215258,0.5034615602885731,0.08947328716665603,0.31617196528220054,0.08304029239613069,0.00785289486643965,02020026
45,900.0,855.9412875593869,0.5076987286349188,0.02862698129667434,0.6112909711509819,0.14835139385937768,0.1788639193640957,0.054926867351352646,0.006566848274192064,02020026
46,920.0,740.483482334182,0.39067305408162906,0.04514198398199667,0.5334763256218262,0.11977904752740158,0.2520685270541162,0.08321508923490674,0.011461010561749196,02020026
47,940.0,723.2492826728677,0.36920151902085085,0.0444500645240757,0.43545295764747083,0.1217815547266169,0.35210662557579153,0.08031632221237477,0.010342539837746021,02020026
48,960.0,718.3492356481603,0.42438635313769557,0.03945528913510344,0.4841495022017473,0.10954224028467016,0.32543404633716966,0.07297926785608466,0.007894943320328128,02020026
49,980.0,703.2009038454061,0.3167575134059311,0.04107732839347041,0.4151884073062014,0.11349604724851081,0.3775574363130704,0.08475030337966556,0.009007805752551758,02020026
50,1000.0,712.8345079754681,0.48621922475383467,0.041339781793618205,0.5570038214841693,0.11803094874868457,0.24049703645304457,0.07558235809034418,0.008885835223757525,02020026
51,1020.0,680.2384458038756,0.36870480266128386,0.04357821588181104,0.46394932037443015,0.11499184768183227,0.32750363348178446,0.08383735834088414,0.009717840121068834,02020026
52,1040.0,644.5663276580668,0.28456659895662667,0.043793279688962586,0.35017313893569546,0.15202834109864272,0.3952436027508163,0.09304373051106217,0.009511186703783363,02020026
53,1060.0,820.5842604765916,0.5359245267968031,0.029146451971241816,0.6351057876194505,0.12086923291815546,0.1813380206351049,0.05675123160191476,0.005935727225374457,02020026
54,1080.0,905.7174416480194,0.604398065804335,0.026435219439731164,0.6495619794084735,0.08569349517549384,0.20804880804409695,0.05178062449886527,0.004915092873070393,02020026
55,1100.0,743.2668648262465,0.48732735286168966,0.03382010765695585,0.5746469645270765,0.10544810817697503,0.24123278197099782,0.07198907455750908,0.006683070767441561,02020026
56,1120.0,760.4208323827961,0.5239968963291313,0.03576825582271739,0.6157179211928874,0.11054281920777051,0.19865651248876642,0.06793207520023622,0.007150671910339358,02020026
57,1140.0,655.7204184876408,0.38026191741885845,0.045708906372489325,0.44102716319059543,0.10470032839956608,0.35081071738840675,0.09472358908241627,0.008738201939015366,02020026
58,1160.0,792.8747315980764,0.39354489144806865,0.08613653395525563,0.46875001967868474,0.11804467884097965,0.26579060967643203,0.13156805850957307,0.015846633294330625,02020026
0,0.0,594.2533132457147,0.5646391393719951,0.04018592395766796,0.5909891340314861,0.08626755749354023,0.24773683226198134,0.0616195175183633,0.013386958694629065,02020027
1,20.0,543.5670328065657,0.5102712851655535,0.042654878853539566,0.5248717240614226,0.09117776903113509,0.2983219825075417,0.07316428606263575,0.012464238337265121,02020027
2,40.0,504.64828778468325,0.32679547665994213,0.05231193377666979,0.35449773489675246,0.10851524040760877,0.43851705582008854,0.0811069960464227,0.017362972829127667,02020027
3,60.0,520.2413876479991,0.507982524849707,0.048160120881714764,0.5272267234894747,0.0798897829757185,0.2991937010784977,0.07805591838065537,0.01563387407565375,02020027
4,80.0,502.776570044736,0.3841114381011865,0.050474819710758616,0.42052693672821856,0.0759371512125734,0.4018177181913884,0.08580445241489111,0.015913741452928613,02020027
5,100.0,485.3354073159628,0.3106711672706933,0.057848461599831626,0.33890882817501017,0.08399927747380266,0.45582473060206247,0.10391788114824825,0.017349282600876478,02020027
6,120.0,490.17135821937194,0.45983594501098074,0.051058412164614334,0.44288062545187995,0.07980343626231971,0.38306049700555533,0.07869005767633036,0.015565383603914712,02020027
7,140.0,687.276413595248,0.7320203802059166,0.02943317234652483,0.7633193100579685,0.05760025342322535,0.12300071503831918,0.046244662997791515,0.00983505848269552,02020027
8,160.0,455.76274092005536,0.36191949941464563,0.04525876268531233,0.3829740501122609,0.098017300060193,0.4193108458753688,0.08417669559923759,0.015521108352939775,02020027
9,180.0,527.2841774174497,0.4104115026943702,0.042366547587778844,0.4062214451002618,0.06794510942383751,0.43658947992131475,0.0784241987349625,0.010819766819623513,02020027
10,200.0,444.4355417689283,0.33053228990109096,0.053657406608192404,0.3395370933643899,0.08428070064467437,0.47428677571750955,0.0886840324765283,0.01321139779689791,02020027
11,220.0,477.897689284357,0.4246630362821412,0.047574851033265614,0.42853400202201725,0.0902416967971429,0.38673635322031213,0.08313685144330576,0.011351096517221972,02020027
12,240.0,440.0242059109998,0.4008404327115894,0.05112990978531908,0.396590326066213,0.09693292499386928,0.40328769646786894,0.08843814239563902,0.01475091007640988,02020027
13,260.0,388.0000270016987,0.29379989092127656,0.06860469752807594,0.3391398706989316,0.09288962091679857,0.42881758218311294,0.11483999575520112,0.02431293044595571,02020027
14,280.0,429.9682266828925,0.3399413791766445,0.049129231416902605,0.35158644589910215,0.09615733223521969,0.44210917895451163,0.0941940401377437,0.015953002773422945,02020027
15,300.0,495.8008098061043,0.5860317358375491,0.04270699705701938,0.5976563738178995,0.07541324915300096,0.24238178445177164,0.07327254681150484,0.011276045765823077,02020027
16,320.0,413.3228903377079,0.347746136264517,0.06033468004204664,0.35881350913008253,0.09700021374289843,0.4166296019287273,0.11007932426401375,0.01747735093427796,02020027
17,340.0,422.39641232885486,0.45569684096569485,0.054016670614026686,0.45895288937337225,0.08859740339984626,0.3450377674515836,0.09398167170244971,0.01343026807274826,02020027
18,360.0,410.99063843909727,0.3633159457721145,0.05585142297570659,0.3623629917763306,0.10546940427948297,0.4075958585466982,0.10588383316617418,0.01868791223131399,02020027
19,380.0,412.8612986183141,0.501009712270882,0.06342820624440935,0.4940509438422932,0.10286212772143202,0.2784974043624702,0.10559235285483905,0.018997171218965395,02020027
20,400.0,300.60561793406873,0.3057011198831668,0.10200378360940422,0.35804384462081035,0.12188951569203144,0.3157284537553272,0.17303784674915137,0.03130033918267958,02020027
21,420.0,460.2657132394254,0.5394032560458973,0.07272926436857732,0.5356969338380644,0.0738392050868184,0.26482107018476675,0.10810406210166487,0.017538728788685752,02020027
22,440.0,444.7302468651696,0.38299594141649124,0.04700304531856439,0.39248404877029464,0.07839994232390397,0.42084657840485434,0.09445644400599311,0.013812986494953956,02020027
23,460.0,496.0397763174418,0.4817956283747466,0.049292788716249654,0.5058950568099683,0.08003831942351589,0.3216741726517235,0.0793105074547813,0.013081943660011032,02020027
24,480.0,456.5837925779205,0.47164281260153756,0.05040052045597741,0.4910189570554402,0.08972529710895158,0.317668137046212,0.08706713578613257,0.014520473003263649,02020027
25,500.0,448.82760788144,0.5461855916571644,0.05664889530307402,0.5461199893319276,0.08816038173382176,0.2474607448194727,0.10045720665261874,0.01780167746215915,02020027
26,520.0,347.69642545630074,0.216198541095748,0.08181883248803298,0.24552897564817255,0.12606864992984176,0.4433767007438253,0.16044164033049646,0.024584033347664038,02020027
27,540.0,538.4788694401509,0.511329569448416,0.0425273516927789,0.4957406562935578,0.05519462886978643,0.37334605589608166,0.06630006815743011,0.009418590783144073,02020027
28,560.0,322.6822396216557,0.4073671823956815,0.08395210362327434,0.41282407507895635,0.1183274443309594,0.29149939385562035,0.14838685488263664,0.02896223185182734,02020027
29,580.0,412.6381291067604,0.40778142720005506,0.05697367539811134,0.4372100562302471,0.0807625232812873,0.3552513570698663,0.11145734561499644,0.015318717803602836,02020027
30,600.0,397.78446722036557,0.4715916692220663,0.05807725870480541,0.5192498949204201,0.09836697256915845,0.24214416137095018,0.12380581585905238,0.016433155280419005,02020027
31,620.0,344.9372401785212,0.2938239555288166,0.07160308660865099,0.3480947471484819,0.13852677336639377,0.3631618456139265,0.12977476650251488,0.020441867368682937,02020027
32,640.0,338.6967227666384,0.42263847049660086,0.05849352842853742,0.44200581306039916,0.09499263011568382,0.32188352739745707,0.12308692492757929,0.018031104498880596,02020027
33,660.0,324.44109537280616,0.3125143727443201,0.06590756703305409,0.31314755850280196,0.10680108158337552,0.4077989946052089,0.15198947831069884,0.02026288699791489,02020027
34,680.0,344.4937818316128,0.23471544730198274,0.07397992941093329,0.24955479741532172,0.10924085789023849,0.47399673542305537,0.1454076371027788,0.02179997216860563,02020027
35,700.0,299.9890612467514,0.30964927560063504,0.09198718357021007,0.3317746284252213,0.14240404881578028,0.31397191414157377,0.18498624489778343,0.0268631637196413,02020027
36,720.0,355.5217847732237,0.28174033141644533,0.07379640875629039,0.32939274872323715,0.07644926236517242,0.45050764021991657,0.12145508118370826,0.02219526750796569,02020027
37,740.0,270.6993712034608,0.344308120072207,0.11500744737850016,0.3619407615276139,0.15230709974269546,0.23056767877012135,0.22202947264967574,0.03315498730989356,02020027
38,760.0,301.18900976003863,0.26831229524904177,0.08449025616027693,0.2805426547374556,0.12493584601591981,0.38838206092975314,0.17712339024609822,0.029016048070773248,02020027
39,780.0,298.4242112149723,0.2352234591533324,0.0879476222030797,0.2643240543353297,0.10882680598721003,0.4208287102393329,0.17887647846034488,0.027143950977782542,02020027
40,800.0,288.5035650397356,0.21040287040848218,0.10197535682849039,0.26236892565858194,0.11442488969297983,0.3779370920524279,0.2162456514635986,0.02902344113241175,02020027
41,820.0,303.6025762306776,0.191500627604373,0.09230490730771691,0.23468361712424474,0.11392845723536815,0.42989759120984716,0.19344361970501844,0.028046714725521577,02020027
42,840.0,364.5244746663073,0.31433821277359997,0.07078718560887895,0.3347507986266954,0.09206367108653568,0.41272979232892426,0.1440565251766393,0.016399212781205375,02020027
43,860.0,334.1309708366813,0.17252390681625332,0.0727128821078071,0.24174681710079893,0.11560541638451526,0.46730041883118917,0.1513371489721105,0.02401019871138615,02020027
44,880.0,385.66506545384016,0.2990670652147314,0.07104348891676791,0.34087812497977954,0.07625320670476914,0.42075582032684555,0.14053017727553233,0.02158267071307344,02020027
45,900.0,321.8895217654807,0.2873796185738652,0.08179621622117604,0.32654300160170474,0.10806943002424123,0.3689819911590584,0.16757555687677098,0.028830020338224627,02020027
46,920.0,276.2466717245239,0.31885011748148356,0.11204948143163249,0.3774243332282643,0.10975948714027349,0.26560821264447027,0.21348025945693916,0.03372770753005285,02020027
47,940.0,358.13121447108915,0.3545719064543144,0.06853666603575184,0.384768996145551,0.08177041670254202,0.3751687497607708,0.14066095034734485,0.01763088704379142,02020027
48,960.0,388.51815992831854,0.3177511797945947,0.06166836175856572,0.323695341568066,0.08542539515774292,0.44693071154161423,0.12571785400101643,0.018230697731560552,02020027
49,980.0,374.57415345216384,0.6412885416447247,0.0516900459082395,0.6822181782320577,0.0817773652992358,0.1161773935276777,0.1020123974518644,0.01781466548916442,02020027
50,1000.0,347.6812382797067,0.17788520419107512,0.07932396043239422,0.21482207920433827,0.10651644174449096,0.4871009740906295,0.1713518691821047,0.020208635778436543,02020027
51,1020.0,335.10472660741453,0.15888529739968293,0.07802415215650613,0.18535469960578724,0.1024244251414826,0.5200750413762044,0.16760704026282353,0.02453879361370217,02020027
52,1040.0,324.4145423602403,0.3042036825001178,0.08677681961378099,0.3063545529806654,0.08704208931679075,0.41275074522745353,0.1688975172624294,0.024955095212660983,02020027
53,1060.0,274.33731973902167,0.21274797982878751,0.09940833186151295,0.23984961075388184,0.12039890964638823,0.38303937517574294,0.22295132412164773,0.0337607803023392,02020027
54,1080.0,251.97746295672346,0.30278977446697325,0.12271209438236014,0.3573391162175376,0.18094051785323784,0.19104116192862616,0.23631347331938635,0.034365730681212014,02020027
55,1100.0,292.7477597678213,0.35774976064134756,0.1310201666266912,0.3986826354083379,0.15336480576269326,0.18083180083473163,0.23848027136059077,0.028640486633646423,02020027
56,1120.0,322.42669781625847,0.3064061574250436,0.08689160691661728,0.33617554013310125,0.11263894630731923,0.35369537376160626,0.17159525931941758,0.025894880478555662,02020027
57,1140.0,333.29394412160894,0.2960748060605365,0.10719925841310546,0.3404034103424831,0.11622673348019656,0.26869064813275045,0.2417110904233359,0.03296811762123396,02020027
58,1160.0,367.0966483150782,0.18278552213758487,0.09667610695156992,0.20714876584464523,0.0926975351899772,0.5039016024863119,0.17136273451761908,0.024889361961446678,02020027
0,0.0,29343.640875930178,0.7413606915460887,0.00029452821275687127,0.9158348074068432,0.07022470933987905,0.012268210733033736,0.0016373996400509143,3.487288019307296e-05,02030001
1,20.0,1203.1331118332726,0.5187934445746776,0.01665362411960938,0.6094100138132343,0.2287064264664774,0.12445938104895946,0.03225496754546553,0.005169211125863219,02030001
2,40.0,1195.5765423897305,0.6326363820551919,0.01453628585373363,0.6860945721724263,0.1679488594299871,0.11548453269062622,0.025918895484062402,0.004553140222898084,02030001
3,60.0,1040.002311371652,0.45130671226693875,0.02094429171309937,0.5454255141721002,0.2661198970901245,0.14388462433003993,0.0381457439426185,0.0064242204651168535,02030001
4,80.0,6318.6871289207675,0.4953442595952682,0.0020151806340039722,0.6736357948478118,0.22681597449351223,0.09248793003127924,0.006726973821096485,0.00033332680630035634,02030001
5,100.0,640.0333274476156,0.2609987678847822,0.0326960564990177,0.3576329596812857,0.330969256000531,0.24204056863985954,0.05579753936951127,0.013559676308812363,02030001
6,120.0,673.5223491325341,0.3728819476874651,0.030126203374633873,0.46290378948703154,0.23891046602399837,0.24162894825114617,0.04731550038502424,0.00924129585279972,02030001
7,140.0,897.4954195379718,0.5188811727972544,0.022999799339667573,0.6138025636081814,0.22601195918032072,0.11724244609703235,0.03569948227674857,0.007243548837717024,02030001
8,160.0,603.9394264731116,0.36932619756728524,0.0318955493107042,0.44418406142223543,0.27568499617180153,0.21190383300222493,0.057433588064932116,0.010793521338806062,02030001
9,180.0,679.0962507659641,0.4007047102583267,0.044973317408720716,0.4823189755758802,0.2700613234509296,0.1778892776574323,0.052240524217953895,0.017489899097803952,02030001
10,200.0,470.4226391579223,0.27190509957755554,0.059336947596738146,0.3293507022577475,0.2398815191364653,0.3126959672588322,0.09934056403035267,0.018731247316602282,02030001
11,220.0,539.6203365630959,0.5025296715703256,0.03443728908927833,0.5445326730304182,0.1911716319362732,0.19460031312005127,0.05807029571502516,0.011625086198232236,02030001
12,240.0,527.2328912551918,0.47193928027942716,0.03913087622701377,0.5692313759376334,0.2278641076524176,0.14025534524613742,0.04946579698982473,0.0131833741739868,02030001
13,260.0,821.4665734894572,0.8147027946200153,0.021150432154519148,0.8502891323807495,0.06737609876149339,0.052011279410611795,0.022642634364043207,0.007680855083102037,02030001
14,280.0,432.531587224078,0.3776065359021305,0.05724387826707559,0.4515673012160315,0.25075386949422634,0.19679660778638872,0.0812537695693301,0.01962845193402331,02030001
15,300.0,669.565707970083,0.3176975573355392,0.25066003646628265,0.37994673098114584,0.13320234822642105,0.16734749129051038,0.1957817461336682,0.12372168336825443,02030001
16,320.0,427.0012729817218,0.43359712601212663,0.05448446737726235,0.5008007420647829,0.18456301847795767,0.21823607532440922,0.07713414751991911,0.01926601661293115,02030001
17,340.0,625.4615941883487,0.5243665316307274,0.03823767926819441,0.648846792302804,0.15890191101706164,0.1213062721057652,0.06046154539780246,0.010483479176566632,02030001
18,360.0,406.138905116375,0.39576987780463685,0.06910402104982671,0.438189519931754,0.1697882021371536,0.27027317702515424,0.09536488360122586,0.02638421730471236,02030001
19,380.0,445.88419955888895,0.4697210834807181,0.06454464362355619,0.5272830155120983,0.18060337928452316,0.18919608784279704,0.081553770152425,0.021363747208156366,02030001
20,400.0,422.297769491189,0.4000968457741343,0.05816512123819721,0.45283224393505644,0.21679721467342553,0.2252686330481899,0.08297525282407912,0.022126655519249028,02030001
21,420.0,369.2548105948414,0.3283449316936089,0.09438975288507213,0.38032982415492383,0.15839409430470253,0.28972237690191754,0.13990321199321573,0.031650492645240336,02030001
22,440.0,364.27491587230884,0.41659133512658497,0.06835004942410505,0.4894954875385089,0.18429928832417672,0.19815663532767083,0.10818907576413327,0.01985951304551029,02030001
23,460.0,439.6102684670038,0.5372518474430804,0.057045424712156435,0.5945446464041254,0.1532424550048251,0.1634648012818301,0.07150149747841548,0.017246599830803816,02030001
24,480.0,347.58807385932715,0.33938000930779216,0.08544529819687527,0.4071145425584811,0.17439591534436166,0.25410453995197885,0.13571049603554017,0.028674506109638138,02030001
25,500.0,362.0142822481511,0.4409981315666306,0.07697449481620518,0.48749413506338807,0.20122212796520744,0.1818202772449468,0.105212714669669,0.024250745056788765,02030001
26,520.0,321.1100692937294,0.45526612837407276,0.09132552380245426,0.517424433656017,0.17057857959707237,0.16367026520219682,0.11694877117585714,0.03137795036885656,02030001
27,540.0,292.90537920912163,0.2162108360733185,0.10271018473595553,0.27756537640679413,0.20466226172726298,0.32855117411702445,0.15296193667580507,0.036259251073113355,02030001
28,560.0,293.03836190919816,0.2879931542558518,0.1334172054763692,0.3350063539666416,0.19133606642098686,0.2782780338318707,0.15793231410690473,0.03744723167359605,02030001
29,580.0,298.3846432161116,0.297256000973065,0.11121409019545271,0.35508180506881687,0.21786361914954955,0.24729124554951865,0.14260359476649634,0.03715973546561855,02030001
30,600.0,654.5639719960257,0.2466404077231955,0.06198850795933615,0.530886859905221,0.2604364665262138,0.11386152184167292,0.07541008201254558,0.019405069714346634,02030001
31,620.0,355.91299723713627,0.35384679508848316,0.0927508236215319,0.4275428736668497,0.1598857822963591,0.25305157821296165,0.12981117584235988,0.029708589981469746,02030001
32,640.0,333.18048120349215,0.29690916585189303,0.10740116082360782,0.38037630022844054,0.1720128398824162,0.2796688301002878,0.13240798564609646,0.035534044142758944,02030001
33,660.0,329.13827222484576,0.37623569024610143,0.09362204329361952,0.43578306874785017,0.15945280253816063,0.2576607515802855,0.11677878340669345,0.030324593727010074,02030001
34,680.0,380.0529395591837,0.4984928383243702,0.07229295949740812,0.5486056436636275,0.1717954410730721,0.16295925334006833,0.09498847081684482,0.021651191106387288,02030001
35,700.0,312.9409008664047,0.26445886951172076,0.09635358524011291,0.3428938730027432,0.1979473278009179,0.28376365068777054,0.1422702814078126,0.03312486710075596,02030001
36,720.0,310.418431209104,0.3258239040772391,0.11437867872255673,0.3946413271401312,0.15798014091625745,0.261024984400972,0.15060303185744361,0.0357505156851958,02030001
37,740.0,346.9429478930124,0.3506221182314152,0.09877660458614922,0.4096319035404968,0.1698828923370771,0.25722240926985634,0.13138961344538316,0.03187318140718663,02030001
38,760.0,314.38819429416156,0.3416918544194472,0.10034774572502046,0.40693681814744714,0.1947794308959636,0.2312872616093654,0.1304873163032179,0.036509173044006006,02030001
39,780.0,346.26328242997323,0.3404796625578807,0.09326042157455983,0.462126206403812,0.14047157164925783,0.22919732951778687,0.13721458336116474,0.030990309067978592,02030001
40,800.0,463.4860719431442,0.49805581955179556,0.11752964404858779,0.545106134733069,0.10328922091680248,0.1722134426724759,0.13459726708720327,0.0447939345904495,02030001
41,820.0,404.59493832848085,0.5696074243045199,0.0662888553198556,0.596284226552836,0.12055741160822356,0.17003573080054715,0.0879339747866826,0.02518865625171068,02030001
42,840.0,299.15211665788297,0.26074844338226044,0.12293165659996254,0.332031454387395,0.21233411654260878,0.25680154890804335,0.1607518053747864,0.03808107478716638,02030001
43,860.0,432.84420142789094,0.5299928553951391,0.06011807294413391,0.5852645602502934,0.13312810649391266,0.17262509139080529,0.08819709110260494,0.020785150762383648,02030001
44,880.0,363.87820568923433,0.5165174326967169,0.07318541725040104,0.5465636042545234,0.11737908805270242,0.21131835275716898,0.0985156814677204,0.026223273467884924,02030001
45,900.0,291.29476784894047,0.24711809800670312,0.13155199212441307,0.3027121633762354,0.1648593794339794,0.32679474468906067,0.1651474287975963,0.04048628370312826,02030001
46,920.0,338.4875971449366,0.3890071390687703,0.1274753050860867,0.44425966933396555,0.13899847066542953,0.21862259576390985,0.16271237962385543,0.03540688461283953,02030001
47,940.0,301.43597005422987,0.38900835672262557,0.12088129161130473,0.4841986787755127,0.14504610076417349,0.1866251910392413,0.15024936218240692,0.03388066723866559,02030001
48,960.0,303.74685253405556,0.43140373372153973,0.09919920912469049,0.5249920393320584,0.16179138918296637,0.15418098452771933,0.12107931754377306,0.0379562694134829,02030001
49,980.0,450.00566409772733,0.4991174737035511,0.06439146941859225,0.5302607844796946,0.1838694346794318,0.17456744917771833,0.09220314740096246,0.019099184262192793,02030001
50,1000.0,312.71001105201543,0.28041436975581746,0.13119307877092834,0.31415205737230745,0.20729663380913613,0.2648327270660604,0.171812051998408,0.04190652975408793,02030001
51,1020.0,277.4291333887773,0.24672453792106175,0.14657686661340757,0.28977621108946505,0.17194904428161487,0.30468697685405793,0.18321105060331333,0.0503767171715488,02030001
52,1040.0,316.3606759574412,0.3980128593768242,0.09696968814671103,0.4924123932112571,0.13731927081573989,0.21738905849841308,0.12289291355332395,0.029986363921265753,02030001
53,1060.0,310.8252501933361,0.38517727940135243,0.09351597358736644,0.44551786137320504,0.15508623510751404,0.24957537336652755,0.11989606629501558,0.029924463857737855,02030001
54,1080.0,283.0743303175609,0.39238703514536755,0.12982457696009142,0.47529711706109573,0.1510235366440072,0.1643411492671048,0.1612462772243498,0.04809191980344243,02030001
55,1100.0,386.2371748074664,0.5615937976579652,0.0810609452710359,0.5791015441916206,0.11038873932991304,0.16653252522923537,0.11819430670743943,0.02578288454179155,02030001
56,1120.0,435.9057232195737,0.5882755351282892,0.07409205052157812,0.613579764861524,0.12026780414320894,0.13573098883484322,0.10501871774187883,0.025402724418544975,02030001
57,1140.0,305.09932993238823,0.24592064288552798,0.12275947454777045,0.30101022462024185,0.1949003445237247,0.30141447172831687,0.1722651910367653,0.030409768090951327,02030001
0,0.0,5604.4341383308065,0.6812384671436217,0.0015827365942919958,0.7390581980816283,0.12448950283650441,0.13036340537796676,0.00558997597784005,0.0004989177260603683,02030002
1,20.0,6242.238540503975,0.7275577016048999,0.0017450278228908003,0.7934571485276651,0.14035369038154916,0.05885350973343427,0.0067732924120898486,0.0005623589452616682,02030002
2,40.0,10376.292669778815,0.57077365925257,0.006411058448673584,0.6515033230159606,0.13873361405225093,0.19032821619132365,0.01725953598207802,0.002175310758386802,02030002
3,60.0,1886.5513730502744,0.6037280496169699,0.009331997469826622,0.5949302016215152,0.08195402440064384,0.29272965796350703,0.026784285587634515,0.0036018304266994395,02030002
4,80.0,1345.64711383268,0.5034867656614058,0.02099613073044481,0.5606674764025164,0.12906149125950828,0.25316044453888703,0.04962400596825606,0.007486581830832339,02030002
5,100.0,1872.0148927739976,0.543537209705775,0.015352790474169863,0.6453407382695447,0.09664932390157993,0.21865070912573645,0.03509332647529017,0.0042659022278488355,02030002
6,120.0,1503.1883926032656,0.6928687664729134,0.02014781193848358,0.7287781695089466,0.0781400020647798,0.14666568881655567,0.03993353773281936,0.006482601876898437,02030002
7,140.0,1152.2796255734052,0.41667442281328804,0.02606155174675735,0.466194352158432,0.11767367559180485,0.34787691549333566,0.059682997730925606,0.008572059025501818,02030002
8,160.0,1004.4136997225116,0.4484857197054953,0.03410561569141385,0.5324762271871162,0.10941958472296569,0.2703408829165038,0.07530253071318976,0.012460774460224514,02030002
9,180.0,789.6976061868171,0.5062268478530387,0.03365413640606042,0.6091232443386748,0.15972299186074912,0.1533412761306249,0.06269583507532647,0.015116652594624717,02030002
10,200.0,772.2658868324676,0.5530975603186189,0.03525268816359652,0.6424336176556624,0.17674659981969315,0.08559583254041617,0.07937842865024729,0.01584552133398099,02030002
11,220.0,1084.553811165648,0.708099112537533,0.019620473991836605,0.7651238898635316,0.0922527470115658,0.08931255124567983,0.044991729959258056,0.008319081919964747,02030002
12,240.0,1389.6008359623947,0.7992168747019146,0.012322231869960404,0.8125898582385639,0.08204789684307054,0.07103875303870885,0.02888854761059276,0.005434944269063853,02030002
13,260.0,1157.6637166237958,0.821525263703864,0.015811216026860836,0.8458609813899688,0.07850978369725244,0.04027605243217466,0.029129785257435023,0.006223397223169049,02030002
14,280.0,790.2327355197846,0.4927113694203738,0.028048143047510316,0.6095887177512465,0.17277750739846678,0.1401093809420628,0.0665992716648737,0.01092512224335042,02030002
15,300.0,663.8270556984307,0.4390674838295275,0.03730023214603297,0.511222816815201,0.22218454618723846,0.14722698000404694,0.10088458666280939,0.018481070330704376,02030002
16,320.0,554.2006124524227,0.46667841168195817,0.04962878995043372,0.5458074797521778,0.21079556162566374,0.0872413935884936,0.13307291873958682,0.02308264629407805,02030002
17,340.0,694.8463124694213,0.5477121968663025,0.03221123986247594,0.6552745431551905,0.16295973989260928,0.07906798248368341,0.08770167319384317,0.01499606127467362,02030002
18,360.0,1010.0717939966801,0.7122461629251232,0.021841077810668488,0.7458457159071612,0.1041085237098678,0.09256869559777656,0.04616301662425529,0.01131404816093921,02030002
19,380.0,1216.866209102241,0.7889408752206903,0.029330581162557472,0.835969507036336,0.08043511945084453,0.03086403825294396,0.04350662985643245,0.009224705403443226,02030002
20,400.0,566.2650166676026,0.49877656628058886,0.041967753260314024,0.5901996542667758,0.2080852649591004,0.10180227037905527,0.08253981911922009,0.017372991275848505,02030002
21,420.0,644.9393166830229,0.7092786442768104,0.029077195963270283,0.7620956119348176,0.12009849580529716,0.05521301206478381,0.050642779698505745,0.011950100496595768,02030002
22,440.0,769.616959185016,0.6596030963575215,0.03200286292994401,0.7061842664045607,0.16508237776278936,0.06776178783239002,0.04758110373617235,0.013390464264087671,02030002
23,460.0,514.4664504751343,0.407631026959285,0.049353440583075045,0.5427086475331234,0.24945077262649504,0.1031334539122611,0.08159986287757164,0.02310726305054873,02030002
24,480.0,1008.8952499307563,0.8430431256404655,0.011652200849759542,0.8884210983418953,0.06791024750953016,0.020853085086390714,0.017904545688699956,0.004911023373483897,02030002
25,500.0,1111.800255650082,0.6816820551152236,0.024775616607754944,0.7326800646112831,0.17322477791451749,0.04651334821326775,0.0381272887243226,0.009454520536609005,02030002
26,520.0,591.2733424337575,0.4972784831845167,0.03536094279192591,0.6284648867757118,0.19153368239795301,0.09903002865005392,0.06650302864035139,0.014468373535929894,02030002
27,540.0,542.6485519180111,0.5026053994717602,0.04704773537162234,0.5819982052260576,0.2305271567680848,0.08865927736063677,0.0784819243944399,0.020333436250780986,02030002
28,560.0,592.1873521271068,0.5622372914266902,0.03826202298222471,0.618371110007094,0.1664399381416978,0.12959973104454234,0.07074820202099683,0.014841018785668958,02030002
29,580.0,697.1564302173333,0.6762889778897408,0.027119042972237373,0.736063508617056,0.13524902963109994,0.0716178732288058,0.04694116952421407,0.01012841899882405,02030002
30,600.0,743.6644172571383,0.80956631822441,0.025251971889902344,0.8331859329661606,0.08031039970373652,0.04103386870830751,0.034957251584319615,0.010512547037475676,02030002
31,620.0,524.8180250500707,0.5498533228608221,0.03428971685046437,0.7152614154502765,0.16168856001532023,0.05737746388276995,0.05221638863947758,0.013456172012155702,02030002
32,640.0,844.8843357798631,0.790650016282973,0.018859404662198966,0.828067588376707,0.10267437204615708,0.03559616791376467,0.025751429482522032,0.007910442180849245,02030002
33,660.0,722.0081186481746,0.5557735789428685,0.08620398163052674,0.6170053568685292,0.13108496015314425,0.08216804279947869,0.1397130533579743,0.03002858682087354,02030002
34,680.0,610.6239971355303,0.5804286284023729,0.03702691290437653,0.695647189062699,0.14069034133880884,0.08271275630303238,0.06690825335172265,0.014041459943737218,02030002
35,700.0,477.83737213351577,0.4268108589684716,0.046400410878899984,0.5432645444409215,0.22494665028071345,0.13721889435969473,0.07533788568482973,0.019232025233840603,02030002
36,720.0,802.4368028290411,0.7758457709311217,0.013376160924025873,0.8674428116444008,0.07168107663634678,0.031016461031111865,0.024390434449439606,0.0054692162387007795,02030002
37,740.0,440.0614030949689,0.6793172409963475,0.045481252408419555,0.7107196890673113,0.12977625066874743,0.06841701147987667,0.07159431796908651,0.019492730814978116,02030002
38,760.0,427.9255266630103,0.5323435551348209,0.05755044016035014,0.6395515214732223,0.17961998550774558,0.07952498728062521,0.07821051580345538,0.023092989934951628,02030002
39,780.0,564.17937568571,0.6251316347624731,0.06411986859860842,0.6523787533658434,0.17487626717043042,0.07294709814216649,0.07221963524343432,0.02757824607812532,02030002
40,800.0,876.4386176679643,0.7090210455105588,0.08190365527001554,0.7364023202932516,0.09482252786178312,0.05052697030959015,0.09362767031738042,0.024620511217994735,02030002
41,820.0,571.139956295445,0.7866056458288018,0.033689631890842626,0.8211957499077469,0.08126793556139207,0.03820572905616327,0.04591323819091017,0.01341734728378768,02030002
42,840.0,608.3955041264268,0.7948904542300611,0.02628414810007232,0.7916025335066217,0.11640088997799318,0.04087429147035402,0.0401232675808583,0.01099901746417295,02030002
43,860.0,452.0326474120691,0.5643054540677466,0.043276860220784176,0.6621701452489072,0.1714498169572202,0.0703726394453857,0.0775257943784541,0.01848160397003287,02030002
44,880.0,687.6841383510102,0.8515190363661652,0.018060264226270186,0.8668190619513374,0.06795436910820941,0.027092533468486904,0.029886339020493147,0.008247696451473035,02030002
45,900.0,642.5959519449483,0.79983408270957,0.023799722540328607,0.8450711518775432,0.07855694416717951,0.027257743890167833,0.03889283688273716,0.010221323182372373,02030002
46,920.0,545.0766183587158,0.5974241158684261,0.0915659870067546,0.6664329218599905,0.12319669806948626,0.05948321270304431,0.12249239169526203,0.02839477567221695,02030002
47,940.0,705.8250014206621,0.8665963476708547,0.017068131701923776,0.876860876861997,0.06465638396862443,0.021766258172717268,0.028182903152019795,0.008533577844641574,02030002
48,960.0,564.1410010081614,0.741589021445045,0.0316805767961551,0.7957151411825217,0.09551730885392169,0.04062076881713775,0.05369422463739286,0.01445255650902597,02030002
49,980.0,363.7136161615941,0.3565281044993671,0.15678952567338,0.44665022519031117,0.19673484648662418,0.11212425134573918,0.17682942093745765,0.06766125603986776,02030002
50,1000.0,8002.665384140029,0.6275589286471266,0.027491353381268187,0.7239951473894035,0.15639977139870406,0.05932023811639081,0.0530777808064225,0.0072070622890791775,02030002
51,1020.0,333.0459255294708,0.40346984597908325,0.08872732863521343,0.5279265097867089,0.20731616180150983,0.10051322551761627,0.13138470890266757,0.032859393991497614,02030002
52,1040.0,304.2503085722716,0.4091483351044101,0.10308864520586736,0.48764000497732213,0.21169537732339502,0.11556727306577858,0.14310489993964978,0.04199244469385449,02030002
53,1060.0,702.5195245199474,0.840938822544333,0.01639969290484587,0.8553371968103496,0.0788393850663334,0.026828182494678242,0.03266878716458776,0.006326448464051094,02030002
54,1080.0,440.80959589894695,0.591997069444336,0.048813733202618954,0.7014624329095758,0.1527099089301389,0.05204922779493789,0.0736748483146987,0.0201035820506487,02030002
55,1100.0,567.0017284416838,0.38659151476460774,0.18899679757963717,0.4708010254042926,0.12175461025415074,0.10883303524401411,0.23058192958074192,0.0680293995168007,02030002
56,1120.0,654.4613804297737,0.8235906641182428,0.022635033142640395,0.8625106840946386,0.05865409605718467,0.03234756034584662,0.03781131254897697,0.008676346953353125,02030002
57,1140.0,327.64316586012956,0.4002966989742124,0.09074379254352931,0.498772469445156,0.19706144687491062,0.10442367490136159,0.15652136118071364,0.043221047597858185,02030002
58,1160.0,348.6969860003911,0.5108389218325043,0.0745586962580111,0.609798542891757,0.1663108779609484,0.08455436446900169,0.10724366764951822,0.03209254702877477,02030002
59,1180.0,323.1323433553498,0.4382210435791313,0.08968480421779981,0.5422203970170746,0.1866906525318644,0.10010397055336154,0.13828228484540248,0.0327026950522971,02030002
60,1200.0,6204.003930750239,0.6698099571681981,0.02494080339570877,0.7485183220015225,0.14253417546364228,0.05366117512606226,0.04898583719785734,0.006300490210915663,02030002
61,1220.0,343.04402312317546,0.3941143972456903,0.08436675430682317,0.520907806068148,0.2210283919997439,0.10074357729719426,0.12863492179863845,0.02868530283627534,02030002
62,1240.0,300.8247717016612,0.40002685530389726,0.10826907312378194,0.48430359762305936,0.2000530895354327,0.1173043812206553,0.15235566888703989,0.04598326273381287,02030002
63,1260.0,694.6007231986188,0.8025768731405801,0.030228321876209423,0.8044357488435713,0.08925855162840322,0.037165804699310856,0.05772404866221727,0.011415846166497282,02030002
64,1280.0,451.28781774093096,0.5969613066447574,0.04588692389445431,0.6968910433455765,0.1522791121684508,0.055818504887874126,0.07548243806671497,0.019528901531383668,02030002
65,1300.0,556.440692419419,0.34745136024771284,0.18717435602551033,0.4408976902660559,0.15712685732980475,0.10421388245398457,0.21912101556481572,0.07864055438533898,02030002
66,1320.0,665.2097734804813,0.8474620269111596,0.02021738154747385,0.881948491411669,0.05509565427313908,0.02443782514782379,0.03062548813819592,0.007892541029172079,02030002
67,1340.0,323.19286107698275,0.42658830896756805,0.08768681118318762,0.5100221167339675,0.19391856770362023,0.09857118823377004,0.15431800929189501,0.0431701180367472,02030002
68,1360.0,353.1857992269259,0.528398423808155,0.06983411572242851,0.6106517424942536,0.16381142323000905,0.09086091283932025,0.10630037199711674,0.028375549439300308,02030002
69,1380.0,319.45678015920686,0.4598345022362244,0.08961459258900838,0.5480317194381383,0.18274620138279332,0.09517568778324909,0.14010162950803937,0.0339447618877799,02030002
0,0.0,373.97754903179674,0.43524025630031404,0.08563565849014997,0.5365622193985213,0.15210700412745237,0.1786787380767197,0.10124718441757134,0.03140485397973518,02030003
1,20.0,393.4342529577251,0.5320862207999569,0.053751663070770395,0.5858845640762173,0.18096258020496256,0.136638170603909,0.0757930155624319,0.020721669552479276,02030003
2,40.0,348.5029703757602,0.4961017960880585,0.06783501417637132,0.5216502661189629,0.17080843273526414,0.19114430269825916,0.09301495566029608,0.023382042787217717,02030003
3,60.0,339.9337476545349,0.4849080009785552,0.07017355732380627,0.5275165944411555,0.17466571243537196,0.1860048222996573,0.08791989545978442,0.023892975364030705,02030003
4,80.0,481.4886293327724,0.7141332566306462,0.03761148624404883,0.7414256076998493,0.09813874406780032,0.09568987002029214,0.05233707678976038,0.012408701422297788,02030003
5,100.0,458.3189718650507,0.6326212900924687,0.03587340260945987,0.6875824153053214,0.1297124327907268,0.11718821996298319,0.05090344118268221,0.014613490758286411,02030003
6,120.0,329.61135527546077,0.4463737817155163,0.07204162574121434,0.5771828422632518,0.14458748488822734,0.16088768390153252,0.09565405920066523,0.021687929746323036,02030003
7,140.0,277.3702697559657,0.3208971209776564,0.0956218132231011,0.40562906362309004,0.2294904591635166,0.18906225850004865,0.1454722033937562,0.030346015319588537,02030003
8,160.0,261.897423835594,0.3990114149468444,0.09655364603017996,0.49158506287345405,0.21227044270775614,0.12852980567964517,0.134827268008012,0.032787420731132624,02030003
9,180.0,290.75402201956126,0.37834717124054223,0.08900058968881683,0.45430575424003417,0.262505051961433,0.1331115720716464,0.12259722898124577,0.027480392745640802,02030003
10,200.0,283.33410013682914,0.41630442097147646,0.08847557657533417,0.5621332978600242,0.21748045002498423,0.08331221019960271,0.11563310237223491,0.02144093954315393,02030003
11,220.0,294.80898713526176,0.46455973306063325,0.07312568592613287,0.5359374112752837,0.24099383561085008,0.09807449924625145,0.10142641010710103,0.023567843760513726,02030003
12,240.0,300.93452488697613,0.4471694202238731,0.07369928041093336,0.5524661837705218,0.23123424511761384,0.07705706009133834,0.11802669283947863,0.0212158181810473,02030003
13,260.0,310.8345463319371,0.48871671967592695,0.07425271589868133,0.6151579848790442,0.15604570707266224,0.10289513310826312,0.10571603346595694,0.020185141474073614,02030003
14,280.0,348.8004047725521,0.51463418267691,0.058930632114213316,0.6370463042293136,0.1729431386263302,0.07894790645330428,0.09233182587018203,0.018730824820869817,02030003
15,300.0,360.87100926476285,0.499870274477904,0.08287798513999002,0.5670530538463447,0.17944021805629062,0.08994306850565224,0.14212879949285429,0.021434860098858123,02030003
16,320.0,568.5434336820459,0.8759649837326154,0.03521740113191229,0.7544319672059927,0.05859392448957127,0.10534025843083451,0.06508134450668471,0.016552505366916846,02030003
17,340.0,315.4881147364618,0.5617450953462856,0.0839794091584582,0.5543517785420908,0.13631926733060398,0.166476401784335,0.11810948164786814,0.02474307069510208,02030003
18,360.0,328.3926058596858,0.5311013693806355,0.06809829440447684,0.6708442781628449,0.13328281733042366,0.09925889856016339,0.08116684697232392,0.015447158974244183,02030003
19,380.0,644.3210385172983,0.8259457873543937,0.032508470918141234,0.8312031079812183,0.052654790281022656,0.062082444479922644,0.04477238245941069,0.009287274798425681,02030003
20,400.0,327.67204622321304,0.5061095593874939,0.06934029852276427,0.6618748310813007,0.13801696978259423,0.09714381349452689,0.08505980264901554,0.017904582992562496,02030003
21,420.0,301.52618772598436,0.5277415223137121,0.06825090115127136,0.6462646918925742,0.1564057882203255,0.0914566436667345,0.08968905647817589,0.016183819742189978,02030003
22,440.0,275.666480991146,0.3429600948509963,0.08626590287014757,0.502490155481354,0.19311197470254798,0.15487772591129245,0.12616422700304203,0.023355916901763557,02030003
23,460.0,569.440458656439,0.9091527833305284,0.024786245674254213,0.8341029622467744,0.07023789142661369,0.038436613286368805,0.04777040704939582,0.009452125990847183,02030003
24,480.0,385.440508987715,0.6720394882933551,0.061444498858191116,0.6869838477792212,0.08880154307399696,0.12834995273170458,0.07538738854350274,0.02047726787157471,02030003
25,500.0,311.2322304205278,0.5128993680465183,0.08507894921577223,0.5754906380642746,0.12990504722203378,0.16156910552465087,0.11033667752362408,0.022698531665416726,02030003
26,520.0,532.1430330344599,0.8725562343229143,0.02838879240897489,0.7797180984603395,0.07436276907499456,0.07522002871687923,0.059804349659269215,0.01089475408851756,02030003
27,540.0,375.7929721452939,0.7102828596204365,0.058828188328354174,0.6550500060437595,0.1420995767374748,0.07809070430625958,0.10284002612143,0.021919686791076226,02030003
28,560.0,293.1498356472579,0.5350119912708694,0.07095402728068273,0.5480926799563327,0.1931742215082451,0.13159492290302705,0.10697799835330127,0.02016017727909387,02030003
29,580.0,452.93584661053893,0.8616733243372575,0.03150291366961474,0.8042647754450372,0.08521554845871679,0.04519707729896264,0.05632870975053198,0.0089938890467513,02030003
30,600.0,276.8372752741733,0.48491901995517306,0.07072083660068912,0.5685830474869851,0.1860036883939646,0.09715974090195881,0.128691462080424,0.019562061136667558,02030003
31,620.0,351.5524279991517,0.6133496571799729,0.06549978925356514,0.6840759099573307,0.13405248976899756,0.08727578360560255,0.0791430033658963,0.015452813302173032,02030003
32,640.0,257.75758764266817,0.3712180580219764,0.08372497874621614,0.505716567124384,0.23964326037494635,0.10073477824802622,0.1309968810802621,0.022908513172381424,02030003
33,660.0,308.98085820561124,0.5371300365330456,0.05642462418836556,0.6126763826863206,0.18115617332107986,0.09105920039886493,0.10089787382608116,0.014210369767653386,02030003
34,680.0,285.08029718195735,0.5050775369744072,0.06199919539980182,0.6168379133477067,0.16671777630640916,0.09573775848312167,0.1056573703438789,0.015049181518883702,02030003
35,700.0,439.0997416738983,0.7733930965962693,0.03614577313179147,0.793695902271408,0.09632907199271125,0.04633174014951724,0.0548307863013928,0.008812499284970797,02030003
36,720.0,367.08348248959226,0.7351009718314178,0.04263884343728556,0.7298049905375875,0.1119778437594315,0.07426069419276111,0.07409984980026534,0.009856621709954539,02030003
37,740.0,400.8558015097284,0.7805197056199089,0.0394643021196916,0.7937173170598999,0.09718346975598778,0.04181658789004022,0.05916576675092638,0.008116858543145675,02030003
38,760.0,755.5329660718602,1.069044961950185,0.012245152395532968,0.8968100413306507,0.045866870979226135,0.023112511395068105,0.029800912689257,0.0044096636057981455,02030003
39,780.0,323.4327412469497,0.5101740423891915,0.05926831432438021,0.6262056729277518,0.18164634282979716,0.08027130831163336,0.09519526453797104,0.016681411392846682,02030003
40,800.0,538.9717914673664,0.90761300879198,0.023752797805330794,0.8304302869362413,0.08261118493897884,0.03592066842935468,0.04466193779932153,0.006375921896103466,02030003
41,820.0,1573.5820700146946,1.082675109519482,0.002747276650382215,0.9715045133374226,0.01249303096205412,0.0061918447518465045,0.008634907739527919,0.0011757032091488043,02030003
42,840.0,600.4793018645321,0.9049888024930646,0.031965616561585,0.8343221703449885,0.07148059944533179,0.03904978494189052,0.04762598503967277,0.0075214602281165705,02030003
43,860.0,1224.209564709635,1.085688136588922,0.011899975552136488,0.8878873734146119,0.0468960585249422,0.03299247599198046,0.02832792978030445,0.0038961622881610466,02030003
44,880.0,655.4120238278164,0.9357684077578314,0.01631773675650746,0.8933615384145294,0.04205684409416297,0.028804876260756455,0.03164546472397581,0.004131276506575367,02030003
45,900.0,810.1652834863887,1.088950082394645,0.012911036133411467,0.9057721498751188,0.033393333675886705,0.025560451688307846,0.030214300792806403,0.00505976396788029,02030003
46,920.0,690.1477955078147,1.0577475127192126,0.02508837976977511,0.8387170295710389,0.0542758339302941,0.04699248427269864,0.050099835605380186,0.009914816620588206,02030003
47,940.0,487.11465073117404,1.0020250365764036,0.024794897832462002,0.8389269744848715,0.07465423574086978,0.03373526162944443,0.04500842634707608,0.007675101797738153,02030003
48,960.0,492.20631745848755,0.9893302681596873,0.026257772495162635,0.8432226974292822,0.0663409701621813,0.03817247734868151,0.04514551500615757,0.007118340053697364,02030003
49,980.0,709.3061768770054,1.0414442425083315,0.014844899705969148,0.8656475476971708,0.060025068737258123,0.03626139408740254,0.03333466051912629,0.004731328959042451,02030003
50,1000.0,397.79678054731295,0.7722511998735844,0.040858754884513064,0.7620286579225698,0.09107759681439599,0.06932142449150604,0.06633751605964819,0.011234804711880009,02030003
51,1020.0,855.2936678904554,1.086084321132653,0.010711903196652417,0.9091704210870198,0.037211218778734,0.02242685972573143,0.027062998856943916,0.0041285015515708885,02030003
52,1040.0,1092.6197477041644,0.9463745031851616,0.032929999263878636,0.7800275395493159,0.10561241600292821,0.05214947596898895,0.05386641581856215,0.008344152660204735,02030003
53,1060.0,437.95857489151115,0.5576204219944422,0.08209481961795065,0.6196123792718193,0.1543853530813883,0.09118893381564522,0.1146142313328485,0.020199102498298694,02030003
54,1080.0,1698.1387879362394,0.5415996420819366,0.0815270345266049,0.4524056556933929,0.19205102171995636,0.11622616877325527,0.22660255366880167,0.012714600144593845,02030003
55,1100.0,552.0299991081189,1.0042957544712094,0.04073937941776692,0.7637509117658368,0.07742549842847705,0.07555622801804464,0.06900859146419647,0.014258770323445028,02030003
56,1120.0,285.8507811984227,0.6232361140522907,0.08515259234856663,0.536171612372911,0.14843608525001573,0.16961438324385472,0.11933686239817409,0.026441056735044526,02030003
57,1140.0,692.1509346322123,1.0690788805887375,0.01172158953934381,0.9173933486124258,0.034970669599066945,0.020496071378581247,0.022878320307457588,0.004261590102468337,02030003
58,1160.0,407.8656864462579,0.9545919735291633,0.04888609253836957,0.7825349069328397,0.08605925698226925,0.04952214881432472,0.06900016866722428,0.012883518603342166,02030003
59,1180.0,916.7686538014556,1.113469144913846,0.010125790733631727,0.9117612142679508,0.029936694665406098,0.031457286438419114,0.023397989030017986,0.003446815598205998,02030003
0,0.0,718.7723315841672,0.7004713211937145,0.018673632385847443,0.8195745055304405,0.0997547217767287,0.046592760460906824,0.027616172400108555,0.006461839831815258,02030004
1,20.0,663.8464987060744,0.7318922005314563,0.02873114257965433,0.7934768340104567,0.07940175259262183,0.0804573887650906,0.03687808910841846,0.009785935523412247,02030004
2,40.0,553.4289630489013,0.6680907261723597,0.037533606627194946,0.71452276684311,0.07419190082697161,0.14347725362316374,0.05461116655458921,0.013196912152165513,02030004
3,60.0,439.7663177973771,0.6458429183990078,0.05495336663670032,0.7031967773689995,0.1042405686055236,0.09516644198434637,0.07685734427009588,0.020538867771034558,02030004
4,80.0,604.0409442593251,0.7250859337869219,0.03287991762527234,0.7881081381015225,0.06139087076226916,0.09317233648903472,0.04713287823645984,0.010195776410713866,02030004
5,100.0,526.5388215957001,0.5415681973006995,0.046988100728864106,0.6504291414397034,0.10674146693533205,0.15910527240662198,0.06598626966202177,0.017737849556320746,02030004
6,120.0,647.2849230175464,0.6803640631296701,0.02843727707114985,0.7686994871555229,0.08605790922518419,0.0974671887245919,0.03688494011878277,0.010890474775918212,02030004
7,140.0,428.3206338747043,0.5283532908944605,0.06477474972975507,0.5976554461156459,0.13117188928878146,0.15740464071713586,0.09127604832224534,0.022491975556191434,02030004
8,160.0,389.48211168822104,0.3625551158406476,0.0706716861600835,0.4257555332985413,0.15766084370532002,0.2869365228700958,0.10578974720268332,0.02385735292335957,02030004
9,180.0,348.49999518807084,0.4831760174115013,0.09473038083711949,0.520075545118475,0.16827196848897766,0.13747273412596675,0.1411571505625478,0.03302260170403295,02030004
10,200.0,564.78686669572,0.6263164494410133,0.03791971047121197,0.7284241747921021,0.08880866728240933,0.11264720884057904,0.055087579652445394,0.015032369432464325,02030004
11,220.0,442.3067784475112,0.4777659897151024,0.06374455053710971,0.62551614954706,0.13797873832140173,0.13062536927415658,0.08386239357601098,0.022017349281370613,02030004
12,240.0,345.3641278143251,0.45883695917779976,0.09964844548592947,0.4942452161050386,0.16349622771452313,0.16763521480316046,0.1385070519595849,0.036116289417692876,02030004
13,260.0,343.77552811571144,0.4234834946914878,0.09796334312480755,0.46097267099681977,0.18348149284523924,0.17501460263702986,0.14764963009982698,0.032881603421084205,02030004
14,280.0,360.5612980530151,0.40514307400933264,0.11400230810958142,0.5019718458301519,0.1309296580691677,0.1897352378833326,0.13745501883833627,0.03990823937901146,02030004
15,300.0,382.74808139235813,0.377277230612583,0.10508850652134964,0.40840136600633287,0.19648411508181327,0.21395546400921592,0.14250988392957498,0.038649170973062946,02030004
16,320.0,344.30185083653856,0.35956635111704977,0.1107260775138926,0.41692017614926613,0.18472854496774882,0.21667159337362188,0.14354358344408863,0.038136102065274645,02030004
17,340.0,326.35032514413706,0.32642343088881676,0.12434674627270252,0.4355763361934076,0.24306200613318807,0.11270205551299889,0.1673220070131707,0.041337595147234785,02030004
18,360.0,306.7471343712962,0.3460381966917201,0.13139524956819915,0.3993125526092244,0.25821603528488046,0.1088062638185451,0.1881079173716389,0.04555723091571121,02030004
19,380.0,774.2829413973591,0.7665758570804111,0.01818890522700057,0.8002697141117505,0.13509110317085532,0.025112044251173315,0.03244089292651889,0.0070862455397020675,02030004
20,400.0,346.39823809705484,0.34853438778485313,0.09187389387758951,0.44756958056457374,0.21870646477645325,0.1559736154993983,0.1456463593596817,0.03210397979989301,02030004
21,420.0,304.8504194748301,0.3534513163668113,0.12457051745663456,0.41625418741862413,0.2724716101722235,0.09276605087401157,0.17833203828345,0.04017611325169068,02030004
22,440.0,449.543531959349,0.6833880362579452,0.052890401485777984,0.7377234275825516,0.13045734235131087,0.042860679106310764,0.06910544579763098,0.019853105162195746,02030004
23,460.0,339.314596975865,0.4588971488159503,0.09684491207287052,0.5360164455815084,0.1834347558179018,0.1258181541812339,0.12188174896392301,0.03284889545543299,02030004
24,480.0,346.55525878918223,0.49740694424547505,0.0849572517676866,0.5575795294939931,0.2179984685482169,0.07992179524142441,0.11569103381136953,0.02880917290499596,02030004
25,500.0,330.05374176353604,0.40997950317097503,0.09779906196464741,0.5085493623022442,0.21296649326253403,0.12324405825417933,0.12066671327346895,0.03457337290757355,02030004
26,520.0,355.852021040731,0.5131637423150718,0.07474562775129204,0.5702354934020413,0.1573878416949148,0.12959772014035809,0.1173590808891652,0.02541986387352062,02030004
27,540.0,341.4947251122791,0.4650624382641845,0.09257405548050525,0.5307319587255089,0.184311125258205,0.12702462185524394,0.12334036522585291,0.03459192893518928,02030004
28,560.0,401.3317155706117,0.5312472890483628,0.06275340933071208,0.6278261532597481,0.15628983340599711,0.10218225214366382,0.09421414416055586,0.01948761703003514,02030004
29,580.0,307.0824493552511,0.34518733032597476,0.11854931036576784,0.4181316886829982,0.26723613006670455,0.12524601193847404,0.14786052205666364,0.04152564725515954,02030004
30,600.0,328.0085378471751,0.35987742864015926,0.11586662767081124,0.4316951061690422,0.2586971926938407,0.12219110340830008,0.14649146309791625,0.040925134630900875,02030004
31,620.0,340.1128798179625,0.4008735416435833,0.096383759209289,0.4698168632094501,0.24844818353936357,0.10740350086259602,0.14544712893243933,0.028884323456150877,02030004
32,640.0,450.52895670768277,0.5589607036458988,0.06116600422209143,0.6669832604972759,0.12689131643609092,0.09692359981454428,0.08679861056117603,0.02240321269091297,02030004
33,660.0,316.6753195542029,0.28593291530298,0.10730619908817848,0.36093912155982383,0.2630325903914018,0.21582154687404512,0.1225332812779107,0.037673459896818536,02030004
34,680.0,334.80684616858974,0.40025426268478026,0.09010666385937088,0.44828143314897245,0.2935132895979972,0.12744892376938952,0.10123598259805519,0.02952037088558557,02030004
35,700.0,309.5037257128645,0.34004867668931554,0.1325609987051074,0.37401910915518355,0.2782602749149311,0.14027063151571156,0.15791964163951644,0.0495303427746573,02030004
36,720.0,317.6226480544634,0.32008205197890555,0.11369853609426611,0.40757424429357486,0.2840469438943687,0.14253413297266787,0.12637043896981373,0.03947423986957486,02030004
37,740.0,334.10770762689936,0.40260742830646556,0.11949506527833383,0.48316280393637184,0.2438666131949697,0.10110969913919474,0.13334895494538532,0.03851192878407846,02030004
38,760.0,358.7470297218852,0.4835668532387316,0.09125521656428805,0.54686653056312,0.2156573486593332,0.10296882063174677,0.10230199768019511,0.03220530246560491,02030004
39,780.0,301.04072863476716,0.3178080746988726,0.10437124323948191,0.3823899253885448,0.25870696254497116,0.19731332975942167,0.12505781848142528,0.03653196382563709,02030004
40,800.0,330.9549218225622,0.39247192262729713,0.08885709932399438,0.47808053331395284,0.2685419965067514,0.1012042005677567,0.12068899661010402,0.03148427300143493,02030004
41,820.0,327.86826500491094,0.39595171734000917,0.09783939919300362,0.44261988615472836,0.3063484843717544,0.1019892093643467,0.11687989780052163,0.0321625223086489,02030004
42,840.0,323.55690224477564,0.4348703551565058,0.09884090180015284,0.53164879433711,0.22294516145522256,0.100266905038495,0.11234522017270619,0.032793918996466255,02030004
43,860.0,322.64979672274364,0.33834855759061233,0.12963366893918435,0.42066088144328084,0.255935667883015,0.13872127863371256,0.14626014516621869,0.03842202687377295,02030004
44,880.0,357.81783366915226,0.4228142715371598,0.09246946348022701,0.5013164465366762,0.2707476865726119,0.07965365438468294,0.113979930634507,0.03430228187152203,02030004
45,900.0,345.9670265577489,0.4939395339964367,0.10069961501450142,0.5814384198432643,0.18519020811189135,0.08462760450318949,0.11284088370918584,0.03590288383246901,02030004
46,920.0,323.5664181481662,0.38931347216208384,0.10517247072134574,0.4735358109677155,0.22390643989969192,0.1322115815611929,0.13551626402090794,0.03482990355049179,02030004
47,940.0,300.612698328945,0.3300905487446654,0.1101818640461387,0.4369254791788942,0.2589306645406709,0.11154698097144937,0.1523229656628392,0.04027390964614651,02030004
48,960.0,377.91665262131716,0.4106033864906533,0.09568661580125877,0.4743983344678389,0.27732325603040414,0.09772395754639081,0.11723973239346157,0.03331471956190462,02030004
49,980.0,437.1755353857366,0.4222673438107519,0.07259135340456771,0.5466330452551391,0.21349068895147041,0.12127440650680892,0.09626332097980092,0.022338538306780516,02030004
50,1000.0,354.8806059555239,0.4838244562541777,0.0996388688466728,0.55395139847945,0.1859760586036272,0.10848352089432256,0.10950509818634385,0.04208392383625638,02030004
51,1020.0,313.95776682649495,0.3628968454274817,0.09886437060039112,0.4332707486589055,0.256828810901455,0.14397801063489118,0.12000907877199704,0.045913351032751126,02030004
52,1040.0,309.7913215459594,0.4439729496710638,0.08651347009598823,0.5261455757835841,0.2022278409289563,0.12494834145191763,0.1190345918613579,0.027643649974183962,02030004
53,1060.0,304.92479493975486,0.3549832574964685,0.09549704937134931,0.4503219334987975,0.23267482969665623,0.14152447351460085,0.14015651385911854,0.03532224943082684,02030004
54,1080.0,366.5617736800154,0.4123700116117346,0.1523366965437078,0.4814364808973573,0.1862698147353758,0.09640361893202312,0.15312550793977137,0.08276457749547243,02030004
55,1100.0,297.3906638051965,0.37577722250396156,0.11296797847103855,0.4409924174090621,0.22911272094226898,0.147854849317695,0.14079311550805157,0.04124689682292236,02030004
56,1120.0,335.2885133081873,0.38605176934863833,0.08309086480954417,0.5533205011392399,0.21606991521299343,0.0868540741073843,0.11200483657415146,0.03175067296623091,02030004
57,1140.0,373.27589388812424,0.39981256434037704,0.10833285361198321,0.5089078391665507,0.18172103189305888,0.12886593360764106,0.12110866123101038,0.05939653410173904,02030004
58,1160.0,373.7011167664105,0.6240360122632038,0.05371734373655342,0.6677563833129206,0.15182892329453393,0.08049334005828582,0.07793753709471327,0.021983816239546396,02030004
59,1180.0,360.8887871936542,0.4062363208865632,0.08705927827985743,0.4804103167338955,0.24895075931243785,0.12357081896648997,0.11231514431322191,0.034752960673954746,02030004
0,0.0,712.3223459097192,0.7560462489037335,0.01783446822960074,0.8324179950365911,0.07280255866833192,0.061029722391069456,0.028022692564344306,0.005727031339663289,02030005
1,20.0,636.9022545193384,0.3529136210233254,0.041208418802290356,0.41771674833692307,0.2869605276698256,0.20894599709234132,0.07637699499393691,0.00999973190697316,02030005
2,40.0,582.8027822479096,0.4334124932576195,0.0367507098231241,0.5064608694319874,0.2887564787460712,0.13064949311013072,0.06317062448615003,0.01096253422566057,02030005
3,60.0,578.6249428421245,0.5882357267069798,0.027274559495794368,0.6649082535431184,0.20568513340043185,0.0750991497989331,0.04626677111628249,0.008040692141234105,02030005
4,80.0,582.5857130845222,0.74936132999724,0.02143752105923272,0.8278749833415545,0.09333652680017275,0.04491680110864241,0.027495793432795453,0.006375895316834795,02030005
5,100.0,540.0426776740097,0.6481933007779502,0.03762077334471678,0.71818072569438,0.15599894972989442,0.06786288289023526,0.041070232091487816,0.016887209594002583,02030005
6,120.0,349.3140428661202,0.5848915460791392,0.07078027903982123,0.6194105827652027,0.1420305362410428,0.11722433406595771,0.09577383493936732,0.02556071198842946,02030005
7,140.0,349.6188620614475,0.4376406156217994,0.06664340234013476,0.4914193713859954,0.22630147698945946,0.16736735568513605,0.09368085923565443,0.021230936703754727,02030005
8,160.0,487.5186559044777,0.6552176368854542,0.03732214333504863,0.7189600578564438,0.12553572496732088,0.09576575535629434,0.048750372739712174,0.010988089080228754,02030005
9,180.0,351.23432477123185,0.4543773850313509,0.06033342183421693,0.5111386593602352,0.2195998111921135,0.16147974651628375,0.09048515250258028,0.017296630428787416,02030005
10,200.0,453.6901306336915,0.7605291471643841,0.04062074754157216,0.7726763037199237,0.08884550338534752,0.07948486772432295,0.04682903434487616,0.012164290825529674,02030005
11,220.0,314.4912247319882,0.4774448835340032,0.05768054840425759,0.5445532132146067,0.21607306839866514,0.1340286699473162,0.0837630246316911,0.021582023807721055,02030005
12,240.0,463.6923623579701,0.752308572864502,0.04076460657614515,0.7862217888742098,0.08983622817077015,0.057416967918961864,0.053068989639845215,0.013456025396212878,02030005
13,260.0,366.8404792262748,0.6280352069853836,0.05609684247625071,0.6661619653738274,0.14889095093781304,0.09227433194753173,0.07277645742542979,0.01989629431539792,02030005
14,280.0,431.36611755110323,0.5023046736207187,0.051047195299105355,0.5773009776478346,0.24399696275222488,0.09197720968295336,0.07161787921922343,0.015106970697763835,02030005
15,300.0,335.4170692178014,0.5618650782814227,0.04364769634378811,0.6138395305424503,0.2205513574512352,0.08528732117138503,0.06726780587686465,0.013053984958064771,02030005
16,320.0,429.5528848194868,0.6542749689866993,0.04032757889743535,0.7283386635621516,0.13720117353656675,0.06469494125550936,0.059476828360629765,0.010288393285142482,02030005
17,340.0,345.63343826463813,0.4642276460070726,0.06362664326597292,0.5652452855031324,0.2104563144715358,0.11230180048627408,0.09482420403924167,0.017172395499816237,02030005
18,360.0,304.45568133099084,0.5690597357050018,0.06326804953465305,0.6102135834493886,0.16985887627940263,0.11507221257479118,0.08707321112282933,0.017782116573588358,02030005
19,380.0,308.60774022410266,0.4920068626942033,0.06252509334480849,0.591566958726099,0.21914501893482327,0.08079704993039756,0.08679165476571289,0.021699317642967376,02030005
20,400.0,372.7928670471242,0.5877383202638645,0.05720170561637041,0.6548728813571325,0.1546663354678764,0.09736370117049063,0.07322789465421539,0.01986918735028507,02030005
21,420.0,391.19937614356843,0.5335223624781289,0.056020756820006325,0.5943142336828049,0.21224066559460172,0.09863222639029383,0.07785682338896814,0.016956050943331514,02030005
22,440.0,353.0077943992659,0.614015178040584,0.0547485812693815,0.6490973786281906,0.17563968154954282,0.08860017151177382,0.06697531084694357,0.01968745746354909,02030005
23,460.0,297.6105900524956,0.4588537250557892,0.05844741771544945,0.5817897589811695,0.21404152099907428,0.09792020924357933,0.08764661931792717,0.018601891458249815,02030005
24,480.0,429.73339534949935,0.6239387632668296,0.048595830998940756,0.6623591475706505,0.159414752947177,0.0879848290464466,0.07587798592031429,0.014363284515411712,02030005
25,500.0,396.13753842722616,0.5491281390379923,0.051354498630340126,0.6198535548527275,0.1844591986883992,0.10332294354389711,0.07912959488550521,0.01323470802947106,02030005
26,520.0,376.7511961223966,0.43010674820402406,0.06260903419203011,0.47928854344411836,0.27887196018357246,0.11674259278578769,0.10588920140878409,0.019207702177737346,02030005
27,540.0,434.9103021386576,0.4899081362396933,0.055003684687304044,0.6305090942996711,0.1699796049011562,0.09940682709161727,0.08340766996787083,0.016696803739684764,02030005
28,560.0,310.0506858516373,0.5121280263307227,0.06141167693335994,0.6204301914327693,0.20346424922216164,0.06869153651151254,0.08527106046923431,0.022142962364322224,02030005
29,580.0,367.427767161882,0.6393338249568128,0.050667832443512355,0.6726501158545991,0.18089007440668445,0.057307615311999134,0.07181122814078539,0.017340966285931885,02030005
30,600.0,357.90058210512603,0.399464561925944,0.07292692981332327,0.4813325146496889,0.23787132034424266,0.10450767799149331,0.15489399625497824,0.021394490759596888,02030005
31,620.0,431.16822078746594,0.6430499033390097,0.043197034122932375,0.7178540439286493,0.1553781970455593,0.06087674469640601,0.051954949308754196,0.01393606502063126,02030005
32,640.0,393.7061932924193,0.733293325713094,0.031986697925708234,0.7580841219517092,0.1307207780874575,0.052818183329617005,0.046976085242032777,0.011400831389183415,02030005
33,660.0,336.26903652481695,0.40854843327496254,0.07801974867144423,0.5238644033886566,0.2120323879178966,0.12209214891610318,0.11297786735402157,0.02903319242332194,02030005
34,680.0,521.9146874556691,0.3153844833673288,0.04641661433720693,0.38388656649783826,0.34105454787133416,0.17917144616722366,0.08412142608507088,0.01176601337853297,02030005
35,700.0,462.49180460562854,0.20337163699883354,0.19335231181374565,0.2750365340248123,0.26198671014122943,0.1851339023302714,0.17598453217565357,0.10185832132803327,02030005
36,720.0,461.45923053416107,0.22459657196848298,0.22587548830505272,0.29341676248928317,0.24656917814923576,0.13139025909610969,0.2229759077867512,0.10564789247862019,02030005
37,740.0,298.75241887164935,0.4399293308634984,0.04528906556581536,0.519896816160542,0.20676450296401333,0.187742127241858,0.07147143896622934,0.01412511466735739,02030005
38,760.0,303.545903106128,0.413410743644899,0.048625330472190545,0.5176520009616543,0.2838290695834572,0.10605521385705179,0.07877713550279897,0.013686580095037789,02030005
39,780.0,342.5627730828803,0.6164222514459053,0.03847470493822555,0.6706810747308416,0.20681330195706002,0.05737968688558105,0.05236249280024814,0.012763443626269123,02030005
40,800.0,310.67705842827377,0.4506695966217208,0.06279114506794714,0.5368695552548847,0.2633369849501856,0.08961810830158566,0.08463639556829146,0.02553895592505261,02030005
41,820.0,302.15646480419224,0.43610101954287617,0.048029138890819896,0.5131646802015637,0.3079190660462671,0.08942365188357929,0.07543876947441192,0.014053832394178045,02030005
42,840.0,388.86595028872307,0.6502755110960017,0.08436085259104495,0.7084173002923758,0.1013380062393577,0.0764456930597577,0.08063140525775278,0.033167595150755964,02030005
43,860.0,327.03357397261385,0.42740527705661424,0.04762199240378648,0.5453075186980784,0.22227596484221815,0.1502003618182974,0.06441891208605074,0.017797242555355322,02030005
44,880.0,249.7195433512896,0.3702448102776978,0.06996769739098925,0.45522448364402845,0.27013061800363564,0.1447429367685908,0.10732593551134209,0.022576026072402965,02030005
45,900.0,334.85309799207255,0.5794333661083559,0.07457769568006899,0.6394720416667823,0.15478161994298992,0.08475544243915673,0.0875565944863848,0.03343430146468637,02030005
46,920.0,310.63843112842045,0.5054528258064187,0.06476301192152922,0.5750405602579969,0.20592229349143967,0.10871010586806766,0.08819716593021748,0.022129874452278375,02030005
47,940.0,283.79677381204345,0.35901566111383487,0.08807586090259437,0.4421866418767891,0.25980096966155125,0.14112179882932363,0.13028015198657966,0.026610437645756265,02030005
48,960.0,224.97481634962813,0.3925751782505532,0.09099151919461888,0.4582983966463247,0.21014658557977198,0.16290510613818707,0.13285544199485042,0.03579446964086571,02030005
49,980.0,262.5431022745887,0.3688173964316569,0.07669360645865007,0.435115201587042,0.23980957801723266,0.18689495704375414,0.1172474458130884,0.02093281753888285,02030005
50,1000.0,420.6973229561862,0.7387491961321401,0.0327775691568169,0.7678765988302778,0.1200772549132187,0.05272735603228843,0.05000661183240572,0.009312178391809454,02030005
51,1020.0,317.1002041323401,0.5386741638916216,0.06107318159277702,0.5910788483983002,0.20575572990696575,0.10400927320230792,0.08025933511148922,0.018896813380937,02030005
52,1040.0,323.15913891854655,0.5768495886949834,0.05622523628418035,0.6249482959597824,0.19046606376967867,0.07334850168728253,0.09219210396813406,0.01904503461512226,02030005
53,1060.0,399.0847076967548,0.6403615005326859,0.05254175129124472,0.6996339971184461,0.12857080127111922,0.09732728977212171,0.05975620783709928,0.01471170400121372,02030005
54,1080.0,333.46945079794267,0.44428899282117,0.10155954056987804,0.5026756003353214,0.18490708208156523,0.11940105664708324,0.17407095427196217,0.018945306664067917,02030005
55,1100.0,717.4203316621819,0.23635570396158825,0.20514401365593202,0.288600964605053,0.15286673068064544,0.10562519281843664,0.3989972057645783,0.053909906131286614,02030005
56,1120.0,580.779817139618,0.7873860320810045,0.033095925183989905,0.7947810715058269,0.09254950022728133,0.051255422603576135,0.050920322991828804,0.010493682671486785,02030005
57,1140.0,369.2939578490671,0.6442004344349007,0.05987081505453226,0.6856826789974217,0.13092913390719596,0.09068179175886598,0.07337660428055273,0.019329791055963694,02030005
58,1160.0,406.013114221235,0.7314961960114597,0.03668013370287808,0.7835206093946933,0.08848502881373621,0.0671154388581106,0.04879909331353881,0.01207982961992109,02030005
59,1180.0,406.58793527378583,0.7606953862004807,0.041526470070834695,0.7910196910915683,0.09955415473682151,0.044390321468482465,0.051517302548180655,0.013518530154947162,02030005
0,0.0,779.2357534603856,0.8333099446142349,0.03397496385256712,0.8328195018345084,0.052558663575817406,0.043616214146771234,0.06042258562783678,0.010583034815066325,02030006
1,20.0,368.367642105265,0.3957063635985227,0.15159729721335027,0.46500777846696806,0.09314244757748633,0.15158043903675522,0.2563964113706273,0.03387292354816318,02030006
2,40.0,414.692013313158,0.5231630146918156,0.10267825301152803,0.5626301729683578,0.06581945795335055,0.16459285233667886,0.18346391115443944,0.02349360558717338,02030006
3,60.0,328.3099177076264,0.3660968402648216,0.13912909931348827,0.4043430171062137,0.0998068618623581,0.20185006120297241,0.2539369716467927,0.040063088181663147,02030006
4,80.0,486.180957619284,0.6192345296895002,0.05903078812390989,0.7092346515601149,0.07111185383749732,0.08889767102937444,0.11436522322335341,0.016390600349659893,02030006
5,100.0,331.44907507776514,0.35983053874942866,0.1555224339775452,0.39096636761900716,0.08459808967579073,0.22044899803275375,0.2667095792410533,0.037276965431395,02030006
6,120.0,351.53709275941645,0.3896856894471411,0.1307041975807549,0.4538249830857645,0.09167109778637082,0.17533822611586355,0.24168749072718412,0.037478202284817026,02030006
7,140.0,338.60475196925324,0.38912487360744713,0.13752978840803973,0.4345688118132593,0.09624991429900077,0.18363222590561962,0.25187589029843727,0.033673157683683105,02030006
8,160.0,319.3397704754539,0.38960330136900845,0.14129375828146565,0.42169639368455175,0.09451535142673888,0.18910970349610465,0.2591739475521785,0.035504603840426266,02030006
9,180.0,315.2193632356015,0.29884224198519116,0.15944675749175335,0.35537630021668287,0.10739874913019347,0.24242791303987338,0.257410014465402,0.03738702314784842,02030006
10,200.0,414.4528650512515,0.5241932968029107,0.11857709686372656,0.5688341682337901,0.09834452118341423,0.11216228466170496,0.17882246822923725,0.04183655769185354,02030006
11,220.0,431.3325205900274,0.46059102831062954,0.14308007666210443,0.5112723836904136,0.10321636547727062,0.15062847342917668,0.18534831019870354,0.04953446720443552,02030006
12,240.0,363.3568446832133,0.43407549403123175,0.09880286802600838,0.48157725601997176,0.13878422924867678,0.16302528414291395,0.1872354149053361,0.029377815683101445,02030006
13,260.0,299.6595676709909,0.3618387133375715,0.15528493414228667,0.4335962702174103,0.07282123718894631,0.15954080828123118,0.29266992731099906,0.041371757001413045,02030006
14,280.0,331.38013663575543,0.4555230128548313,0.09915108072709587,0.5188486103086688,0.09166176285229041,0.17061176325151883,0.18766947932758662,0.031208384259935378,02030006
15,300.0,295.28992454045823,0.452225501148953,0.11629842621955014,0.5016115947627557,0.08402299857040066,0.16925378741513766,0.2155331449638653,0.029578474287840658,02030006
16,320.0,310.6953531854865,0.5307237400332437,0.10784765227444287,0.5742951107442543,0.06739987840565904,0.13047063871792644,0.19690795189015195,0.03092642024200828,02030006
17,340.0,399.9690707258063,0.6171596984064349,0.08203270234923407,0.6464805103216373,0.07218012654788937,0.11442433684531594,0.14094542161478724,0.025969604670370225,02030006
18,360.0,305.1833003639178,0.4667179030603775,0.12060434564130232,0.5178093928014079,0.08849174388439968,0.15587360852544813,0.2080138303313306,0.029811424457413603,02030006
19,380.0,290.4265360259468,0.3757281869975655,0.12749341510666,0.4589393120872416,0.09462219518622468,0.1601677092398659,0.24546161730290014,0.04080916618376765,02030006
20,400.0,280.78587488043075,0.3552081722248425,0.1435288026133083,0.42847138912484906,0.08906555762835562,0.18310853505391303,0.25933162492788087,0.040022893265001455,02030006
21,420.0,288.73802441463965,0.45469364956141134,0.11668404726197305,0.5187799282343647,0.07624787834893879,0.13496047634936711,0.23803339159936843,0.031978325467961095,02030006
22,440.0,386.4359577576487,0.6153901613090477,0.08311082270102896,0.6748792574165229,0.0693898856422158,0.08696526480055371,0.14870343574403125,0.020062156396676446,02030006
23,460.0,304.8547379608638,0.45338417302983786,0.1375441830852174,0.4789510114008581,0.10258034571614054,0.13772537523635583,0.23870786374103228,0.042035403905613306,02030006
24,480.0,284.2441424912508,0.4642369494652516,0.12326710185884923,0.4971009601697403,0.10137362057889839,0.14626179202296427,0.22335378636360512,0.031909840864791914,02030006
25,500.0,331.7777289995337,0.553686884113848,0.10433783215444094,0.5819957409170585,0.06966412238529952,0.1380264299856237,0.1795841438387794,0.030729562873238907,02030006
26,520.0,289.35756773076287,0.39891158215085154,0.11242717719492491,0.4549722127123148,0.15231421255659186,0.15434574606997847,0.20689526041368533,0.031472568247429424,02030006
27,540.0,309.2373287466057,0.6004908072335174,0.08994364420810143,0.6248305673416332,0.06969942914707383,0.12134088216872434,0.1589172121757012,0.02521190916686741,02030006
28,560.0,363.36230717134237,0.5226730325273334,0.126999932496901,0.5582809305039693,0.10697986387591196,0.11075182773061763,0.17032354478623424,0.05366383310326685,02030006
29,580.0,403.77726793374757,0.5529574380226768,0.11913259224676082,0.6227771947018167,0.09099245964378819,0.09054903151990863,0.15367593594199982,0.04200537819248657,02030006
30,600.0,277.1210745989735,0.47538921932839573,0.10416346155732817,0.5119015557865704,0.10940293394754613,0.15427386314197475,0.19333580891495575,0.031085838208953095,02030006
31,620.0,262.7734608153975,0.4227895498482256,0.11254812643137457,0.4979537590283268,0.10579468585659359,0.14198082950517055,0.2257783105605631,0.028492415049345986,02030006
32,640.0,456.87376296074484,0.6891971115553531,0.038233461584887066,0.7642696113910901,0.08694704537370081,0.06472249723071273,0.07310647406471205,0.010954371939784404,02030006
33,660.0,312.937890911915,0.4973378640600875,0.09068486472311797,0.541584698785768,0.09941167953930695,0.14593890248348207,0.1878286912698949,0.02523602792154801,02030006
34,680.0,213.36407966524877,0.29101197009994456,0.15302981055974083,0.3622219815933487,0.11984908065597503,0.19630601133839934,0.28308878548194594,0.038534140930331064,02030006
35,700.0,305.4123334953108,0.4640055118500503,0.09735943107200365,0.5175404847500013,0.09572299940198624,0.17249307162768895,0.1834595050209846,0.030783939199338924,02030006
36,720.0,273.8917371109165,0.48732137203929854,0.0754668887662286,0.5647104246118412,0.12761115512303237,0.12875845048478352,0.15807322615435176,0.020846743625991215,02030006
37,740.0,283.4406539084459,0.4500029991332697,0.08280097198003883,0.5103825990743891,0.1264118573483074,0.1683137672088612,0.1711549789815958,0.02373679738684644,02030006
38,760.0,290.64068048766853,0.4715451510293715,0.09011212745155653,0.5321274069862054,0.13366456279348102,0.12027602717385227,0.1913906117419383,0.022541391304523067,02030006
39,780.0,423.177251832059,0.6601622296852605,0.050775839173092065,0.6927653446706828,0.09778843693801068,0.09842757283533679,0.09615964871739527,0.01485899683857443,02030006
40,800.0,289.495095711148,0.4486833589571189,0.11749130787591647,0.4947485676705232,0.09987178621342382,0.14965104245580096,0.22448489187121434,0.031243711789037676,02030006
41,820.0,266.77970559017336,0.4179270075094404,0.10212685277611581,0.4638341294452752,0.09870143166979327,0.20691896898215748,0.20650644180643596,0.02403902809633826,02030006
42,840.0,321.4797743533104,0.44873803756462516,0.10570945767336856,0.515194964960658,0.12021701431484001,0.1482820985406242,0.19209597742800116,0.024209944755876754,02030006
43,860.0,478.7104749860179,0.8340045035688576,0.036797408033594416,0.8277403612437799,0.051477558004685814,0.044890021567523704,0.06389536953187896,0.011996689652131591,02030006
44,880.0,309.76535409889783,0.46238900421353846,0.09897675994351954,0.5397267552902267,0.11022978234899374,0.14615217814919929,0.18175722490813542,0.022134059303444715,02030006
45,900.0,282.77683218337796,0.4834927361374082,0.09582872910789375,0.5320283316397035,0.11685507718085042,0.14205793506325443,0.17934513512234196,0.0297135209938497,02030006
46,920.0,508.8355017380617,0.7526843128407457,0.035231264421422714,0.8009115489969251,0.07495716492816455,0.050687731269528344,0.06385598617780373,0.00958756862757835,02030006
47,940.0,242.1277185878369,0.29477909569007066,0.1287995270722549,0.34156722446897425,0.14920253644055595,0.2057836946652867,0.26968263546814647,0.03376390895703681,02030006
48,960.0,378.68094077295166,0.6592990024560677,0.06488082793274005,0.690637572019619,0.07915932236722945,0.10085463238978001,0.11206644376552072,0.01728202945785076,02030006
49,980.0,285.7312123356476,0.4752815166660309,0.0835400488610672,0.5188605520614358,0.11718696603984091,0.1677547350084571,0.17718482463313023,0.019012922257135984,02030006
50,1000.0,283.96842327088706,0.31294478102115314,0.11391804333686079,0.41526785453593346,0.14463175849538018,0.19588684083351807,0.21902752831736078,0.025186017817807497,02030006
51,1020.0,289.63990205053494,0.42720928617720827,0.09797979595729964,0.48587251553500305,0.1177411312435611,0.15946918990184764,0.20778667702977546,0.029130486289812647,02030006
52,1040.0,259.78731673757727,0.4407865253306224,0.10807928165949765,0.49102945350663607,0.14640265097397334,0.12585242536124033,0.2090377568784183,0.02767771327973196,02030006
53,1060.0,412.38971464923003,0.6299816386482318,0.07254540965882746,0.6700625147127566,0.08338798764353657,0.0992308909616993,0.12774633186546805,0.019572274816539465,02030006
54,1080.0,352.3170463152556,0.5675699320176357,0.09123256370421638,0.6011096308567101,0.07881005358702792,0.14051339103356061,0.15320598817076067,0.026360936351940794,02030006
55,1100.0,257.56249257051047,0.44850152217309924,0.11055146106950521,0.49396747671051583,0.14446072046928993,0.12962544055175407,0.20266020393928746,0.029286158329152743,02030006
56,1120.0,336.042760755764,0.503735117198469,0.07561094538504202,0.5501033081702988,0.11008839091533328,0.16371749089647802,0.15685058823383333,0.019240221784056582,02030006
57,1140.0,393.86110725305997,0.6166584079004604,0.0496912742248231,0.6552799924800231,0.13515940507109098,0.09081916715658617,0.10680922994620969,0.011932205346089967,02030006
58,1160.0,359.7147343928835,0.5619481615302381,0.06796414626017834,0.6298099737655772,0.12334059993432266,0.08915201399659924,0.13958982360984637,0.018107588693654555,02030006
59,1180.0,339.9991819421154,0.531811907162883,0.09037532579117442,0.5897607701159805,0.08751545187006676,0.1369980972618466,0.15273789360826864,0.03298778714383744,02030006
60,1200.0,306.3115714136443,0.5555691745276342,0.07166561711241766,0.6171457087217883,0.12657991671713176,0.0871728390439091,0.15283432952857534,0.016267205988595462,02030006
61,1220.0,316.39123358110095,0.41004779630999183,0.11967233923594632,0.4525875619132784,0.08001088894724541,0.21792842175302463,0.2158427442265839,0.0336303831598677,02030006
62,1240.0,362.2548890083813,0.6055784483890438,0.06453585190621276,0.649083053815146,0.08597228007766519,0.12076010724444816,0.1247557144701829,0.019428844392557692,02030006
63,1260.0,334.5566864695707,0.6373080230028699,0.06175661330054401,0.6980132787097811,0.08663713721786233,0.08677414362440629,0.11122575817535747,0.01734968227259269,02030006
64,1280.0,276.3005372734929,0.4775366798841596,0.09029360240276653,0.5383884546450548,0.14380421393141876,0.104739954786764,0.18835206234866889,0.024715314288093527,02030006
65,1300.0,395.51469640270454,0.640496159159924,0.08227199716522814,0.6550975457109713,0.07989526205475023,0.10954577272623109,0.13489204159486679,0.020569377913180524,02030006
66,1320.0,344.2745658360558,0.6374555259751102,0.049245992062441096,0.7316197730391563,0.09454508504477276,0.07135383656990833,0.09003465082954405,0.012446654516618501,02030006
67,1340.0,360.99253457408764,0.6268922458219062,0.05860228012378538,0.6610234812375387,0.09747315684045298,0.10309973792983597,0.12381507510826757,0.014588548883904763,02030006
68,1360.0,383.19898724574153,0.6118568605065748,0.07157840625353208,0.6504758205418888,0.11718628673194326,0.08384484882657545,0.13071835622672395,0.017774687672868748,02030006
69,1380.0,279.455514965428,0.3899113213053098,0.10886259950086168,0.44548374557334236,0.157795648142969,0.16876040790909358,0.20035821399259796,0.027601984381997097,02030006
70,1400.0,630.9184803939821,0.7623816990806738,0.020635404785284518,0.8240885072008702,0.08114415160418377,0.04773223941836617,0.04197872063552701,0.005056381141052823,02030006
71,1420.0,336.4671773129769,0.33488486279479107,0.22386987905720246,0.3782122867461479,0.07242631745295228,0.18263120550984352,0.3116471771118263,0.05508301317922997,02030006
72,1440.0,265.143692123722,0.27897032113909226,0.1514270908948431,0.31372135301174775,0.11450381019210716,0.24032417491440733,0.2901202204480737,0.04133044143366406,02030006
73,1460.0,283.0544752812283,0.5748113287452524,0.08233655870713835,0.6107034656944331,0.11261952286937783,0.10868436216954129,0.1448539348007625,0.023138714465885106,02030006
74,1480.0,310.62155464917987,0.4040800750142386,0.09735485082672944,0.4568730365378814,0.13914309180928638,0.17377403793797222,0.20485903569386998,0.025350798020990047,02030006
75,1500.0,288.9439993699328,0.3613389584116893,0.11291539776407172,0.42727216207693774,0.1377062748686984,0.20804438926952515,0.19368027312333141,0.03329690066150743,02030006
76,1520.0,275.66370723603035,0.4464007725933743,0.09015061592013683,0.49194943372897665,0.13860058818909016,0.1744408109665635,0.17112556895954595,0.023883598155823835,02030006
77,1540.0,281.68289779503885,0.4005813119950317,0.092665117426044,0.45653098054516955,0.1786348972326607,0.16602707885544973,0.1753437869200034,0.02346325644671654,02030006
78,1560.0,316.2937472968657,0.4644176316141023,0.07758441396357774,0.5284709658621315,0.1597223689649255,0.14045526221074417,0.1525730800078625,0.018778322954336353,02030006
79,1580.0,318.57485183457135,0.4525020023596413,0.08027166576764352,0.5081284593093034,0.15954145960674238,0.143121562484466,0.16399127725268345,0.025217241346804774,02030006
80,1600.0,312.4214093973167,0.5458021243265325,0.0635022702190883,0.6283013359663586,0.138264436654046,0.09312330191191359,0.1250769855997679,0.015233939867913835,02030006
81,1620.0,456.47437309169925,0.7564173002076698,0.03417686758069287,0.794614728419872,0.05914777182524774,0.07017162647435848,0.0666486094598011,0.009417263820720669,02030006
82,1640.0,303.6321337733247,0.5917903474614611,0.06437702645125348,0.644578084460452,0.11024223687284264,0.09794853538428887,0.12751159357413264,0.019719549708283848,02030006
83,1660.0,364.91952243092385,0.5414497653835492,0.07485003717699866,0.5752070141476674,0.16814691932417059,0.10503542621854256,0.13372543364671083,0.01788520666290868,02030006
84,1680.0,379.32946462900645,0.6752592605856415,0.04137084773775481,0.7392995588145223,0.09517461482605094,0.06517111894760945,0.08805322370339781,0.012301483708419533,02030006
85,1700.0,464.4477155342795,0.7518255329211516,0.03841167710108773,0.7732926608177845,0.07370320970810165,0.07867547315661544,0.06237328600306541,0.011955370314433089,02030006
86,1720.0,401.6668646807861,0.7267174881087581,0.052164750899365585,0.7614057834884801,0.07478457773585505,0.05688625026306517,0.09046246433941038,0.016460924173189277,02030006
87,1740.0,391.8952425351275,0.6759967038605394,0.05534411337769592,0.7189486918540748,0.09352446240216121,0.0692162603289749,0.10371459100885694,0.014595994405932086,02030006
88,1760.0,335.21191867632086,0.6731970791228559,0.05014337757166473,0.7402576926753679,0.08633731900899577,0.06402496975418724,0.09700396797212996,0.012376050589319239,02030006
89,1780.0,421.5631464767739,0.6361395823749699,0.04144738509183048,0.7164056399078838,0.13717758360204177,0.054939152110738326,0.07773067706237916,0.013746947316957116,02030006
0,0.0,718.4063948261451,0.5109457788141165,0.026506154830521367,0.6397165267495175,0.17122620500065433,0.13955757473135197,0.03820822654471756,0.011291466973758576,02030007
1,20.0,623.2477433905955,0.5301482592379687,0.029545685349310902,0.5770475310655405,0.1847809013027179,0.1796594019138919,0.045786025061895635,0.012726140655954137,02030007
2,40.0,685.142949232596,0.6427656271800798,0.026405665185953376,0.6501172424613246,0.14448503814510968,0.14598464109419418,0.04991970456298023,0.009493373736391206,02030007
3,60.0,571.8855990505045,0.5490544606482558,0.03844341260405639,0.5746580244809577,0.16968097535562313,0.1762379647644092,0.0647806654542274,0.014642369944782513,02030007
4,80.0,463.0176986787326,0.3947883410880338,0.060209241519468444,0.46012046503511467,0.19560628989989337,0.2323900164332526,0.08652541840271202,0.025357810229027312,02030007
5,100.0,609.8927562122859,0.6050375321509357,0.03759506704147199,0.6722619188923636,0.10871836254488249,0.16196871109289657,0.04709208085468088,0.009958926615176403,02030007
6,120.0,620.6098591943484,0.5844792017032059,0.029844399799044203,0.6625442568700184,0.12651702864583575,0.15265491813223053,0.048262963273627786,0.010020833078287536,02030007
7,140.0,513.0263937094485,0.47142055472084254,0.04357764889459089,0.5784616288426899,0.1854758559379762,0.15682739330976622,0.060704870105130454,0.018530251804437195,02030007
8,160.0,536.6726821603435,0.4966227235230018,0.04686251201268211,0.5249063207844563,0.15337262491028095,0.23050748187388936,0.07339944950702906,0.01781412292434442,02030007
9,180.0,610.8865262642059,0.6538792132649325,0.03032205833886012,0.6917111798703169,0.09432862939570376,0.15793678992383126,0.04429581129339497,0.011727589516753135,02030007
10,200.0,512.5200778866352,0.5034846439551898,0.04859428914357756,0.5413207378015936,0.12464408963412173,0.24324892143029403,0.07288156282153078,0.017904688312459834,02030007
11,220.0,629.8856559089829,0.6359464875191178,0.028025503124639667,0.6758735644555968,0.1034034525793395,0.16454862046450847,0.046279915413458585,0.009894447087096615,02030007
12,240.0,506.3064282140292,0.4529961974044325,0.044840217167476985,0.5202598426245696,0.14325532068123933,0.2511702070757985,0.06791727553337297,0.017397354085019554,02030007
13,260.0,639.6293843562179,0.5743012597348132,0.03238309245740413,0.6314146390317773,0.10475965932140033,0.20308075206651463,0.048939339139980345,0.011805610440327307,02030007
14,280.0,456.24896222843677,0.3658040359052784,0.0676729395918767,0.45431489570141315,0.1100527529447753,0.31837469982253463,0.09819322213317133,0.019064429398105515,02030007
15,300.0,473.5120564180069,0.3751733854255029,0.06832268822360975,0.41370617310467306,0.12966948105101106,0.318489855977235,0.11659462096989358,0.021539868897187245,02030007
16,320.0,571.5843089417326,0.4232356989853191,0.03740940145635916,0.5049167773501809,0.13770912953690564,0.27777271940884907,0.06564228593057214,0.013959087773492296,02030007
17,340.0,713.0489892615954,0.6644651946421593,0.028389364668543107,0.662036557321184,0.08755189112788664,0.193037815118603,0.047751946097662146,0.009621790334664053,02030007
18,360.0,549.6049555387424,0.5120229935970638,0.03805345288269996,0.6008216705457591,0.10465571785812297,0.2166627402929121,0.06460320860073794,0.013256662702468018,02030007
19,380.0,551.7763413101821,0.44707752294312453,0.04250690997125309,0.5193943663229934,0.12108570089421355,0.27016977631333006,0.07482681468951558,0.014523341779947482,02030007
20,400.0,594.9737350168718,0.569807047105315,0.04411163343320667,0.6355611948903287,0.12414869063218266,0.1645739864247453,0.06200007563380183,0.013716052418941443,02030007
21,420.0,658.7080819814503,0.6766083237114289,0.023206509290223245,0.7548621608653284,0.08320584051533036,0.11880564062063566,0.034998980840112034,0.008127377158593473,02030007
22,440.0,773.3529549087538,0.6430739436733542,0.027944373456109128,0.706903020544214,0.09302329899450885,0.14430261173174116,0.04562599295268186,0.01014507577685416,02030007
23,460.0,745.8772868696511,0.6820244595153676,0.026240991869706173,0.7498535470122216,0.09346025622281073,0.11272636434012234,0.03466734160417902,0.009292490820666362,02030007
24,480.0,489.5931475345548,0.3412363622242503,0.06265107237246469,0.3810156671797233,0.0999874086130688,0.4037876181814279,0.09505924568571664,0.020150060340063218,02030007
25,500.0,503.04966391317544,0.3556651526970836,0.0484725796417188,0.42553729366612114,0.12822279301538575,0.3496718536081608,0.08025584812816858,0.016312211582163772,02030007
26,520.0,585.118660916033,0.6256059004174379,0.03595739252528593,0.6235547857990965,0.10055190709283454,0.20157643636766753,0.06270643798123307,0.011610432759168409,02030007
27,540.0,492.8517675506829,0.44637016752117864,0.04831878487924142,0.5011144934109064,0.10652894996098287,0.2956705458113551,0.07958882611294665,0.01709718470380889,02030007
28,560.0,564.5462083084215,0.5544300460658572,0.03858237837810478,0.6331775780198232,0.11193138765586971,0.18443077645283046,0.05822734101559112,0.012232916855885661,02030007
29,580.0,572.3201005920904,0.5234514172033458,0.0457628070266658,0.5678488870126182,0.1034648808327522,0.2486636015584214,0.06547769537500725,0.014544935221201089,02030007
30,600.0,562.1355789836102,0.506712672628178,0.04214323989471907,0.5913045752534932,0.1178888863137372,0.21288524348877627,0.06468655507156704,0.013234739872426153,02030007
31,620.0,664.8137740857011,0.6572252465780369,0.029061811639689905,0.6755427545874813,0.08313730297912038,0.18515597842565623,0.0466964434399155,0.009467520567826553,02030007
32,640.0,671.8609600444033,0.5994334867139413,0.03545380698420992,0.6689979983191165,0.10724499319483974,0.15246798471403508,0.05962083231704813,0.011668191454960503,02030007
33,660.0,599.3751006669174,0.5989225302171094,0.03277832898653209,0.5853233232542254,0.07650546194540932,0.2729666572355432,0.055019433399981055,0.010185124164841018,02030007
34,680.0,524.2131334443546,0.2613659190124797,0.05232966938094029,0.4457974262686479,0.12862984868630511,0.32686881264282597,0.08458270595162098,0.014121206450600046,02030007
35,700.0,498.8942201238174,0.33699141364792207,0.06313500778178625,0.38434224673854495,0.09487709303184884,0.413275445931758,0.09102937927223125,0.016475835025617017,02030007
36,720.0,541.7457826726938,0.5506306146418979,0.039059972098879715,0.5150449335668342,0.09056071257214285,0.3100363193116352,0.07431758347054267,0.010040451078844898,02030007
37,740.0,574.6395329002223,0.5369994970175505,0.037457477559088896,0.5483005740303948,0.08409393697843412,0.2870446086956813,0.06959196853317484,0.0109689117623149,02030007
38,760.0,552.5154880034013,0.42269618077430304,0.04707431630808106,0.5261364378308812,0.09975091118322733,0.2902001074181101,0.0686806995389017,0.015231844028879648,02030007
39,780.0,679.0259459478096,0.6230161383448398,0.027718665167974128,0.7138914885650149,0.12240357525758032,0.10993077300982967,0.04510939955521771,0.008664763612357362,02030007
40,800.0,566.4425212415899,0.4818303848624312,0.043232085541182956,0.5080760254380244,0.09066465933259008,0.321135116020277,0.06917671699211994,0.010947482216988689,02030007
41,820.0,529.3874002268069,0.5317175504358538,0.04936970658735437,0.5355635580801601,0.09450634178098065,0.2788805282443504,0.07574719269522627,0.01530237919928272,02030007
42,840.0,449.5834989534939,0.31659559079894284,0.07184269170851838,0.4177550671795604,0.07208455450224319,0.3980806321491457,0.0927337102170851,0.01934603595196565,02030007
43,860.0,437.1509348827926,0.2726818872591194,0.06979912016138391,0.3590878343557226,0.16097642663203732,0.3615560076914087,0.09642806522286809,0.021951666097963278,02030007
44,880.0,447.1183586669475,0.30130306528180867,0.07739258232254763,0.3760245543648945,0.0961895167719379,0.4065295514740625,0.09428204690373956,0.026974330485365516,02030007
45,900.0,528.6432800143093,0.49610700671972824,0.04800941385477495,0.5833049825765545,0.07449732234733292,0.26464361081460563,0.06374463159339563,0.013809452668111531,02030007
46,920.0,539.291119047976,0.5027134961933852,0.05201942415268514,0.5441062732856646,0.09977808939628616,0.2635503453419898,0.07911504432992313,0.013450247646136344,02030007
47,940.0,444.0338612542815,0.36023885806408884,0.06728726258749043,0.41224141075260423,0.10057052281913748,0.3714392891814829,0.09297529242939505,0.022773484817380302,02030007
48,960.0,407.62510704612276,0.21919247396462024,0.08261121453192956,0.2187992684196505,0.10922155323608239,0.531588319687485,0.11287412813900168,0.027516730517780526,02030007
49,980.0,395.14859374989777,0.31770995763569904,0.0758241366554824,0.31616007241001093,0.12575940716719014,0.4002483349828101,0.13032116025495477,0.02751102518503397,02030007
50,1000.0,445.6277314100798,0.41026110940017896,0.07043961557072617,0.43671546951295936,0.09104533535869863,0.35361745668706196,0.10112121718201529,0.017500521259264823,02030007
51,1020.0,473.3981403427114,0.2531035623860098,0.06352076291566333,0.28044733066013056,0.14132382257860324,0.46569612737062216,0.08813197333602048,0.024400746054623498,02030007
52,1040.0,553.122691315706,0.5573671093685533,0.047209988080150984,0.5585247126895087,0.07115677825797365,0.27846443319142294,0.0760646473077141,0.01578942855338068,02030007
53,1060.0,529.4097315656383,0.5103631567380593,0.05161900958914276,0.5322286807645575,0.09439645080800227,0.28034339072380865,0.07854047227488796,0.014491005428743797,02030007
54,1080.0,620.8168551166561,0.5605454322902335,0.03315031900735955,0.5869508134334344,0.06734107019841926,0.2667276289770211,0.06973911686637752,0.009241370524747706,02030007
55,1100.0,625.0483994708642,0.6734537827381665,0.029659301790996375,0.7078407150471011,0.07109590749077283,0.16448401310177047,0.047318430789506566,0.009260933570849145,02030007
56,1120.0,534.9579356008044,0.49383250801760253,0.04760712589892244,0.5215172713340713,0.07601526458583718,0.3167387394782723,0.07027856684317126,0.01545015775864804,02030007
57,1140.0,405.57546700671355,0.355508082014849,0.07789662019655924,0.3728909873365986,0.10563637010736997,0.3878357821305651,0.11455838452902073,0.019078475896445676,02030007
58,1160.0,433.86321114079004,0.2004047106062169,0.07573215321523134,0.22016311714843065,0.1028982282146379,0.5424006399176655,0.11110171465095676,0.02343630006830919,02030007
59,1180.0,628.6880195584885,0.5039731038741669,0.03710183397944782,0.5517628616822242,0.10318890252022138,0.26830902909645166,0.06288633160085934,0.013852875100243417,02030007
60,1200.0,477.35558458070824,0.4002989605993416,0.06884902845434378,0.44808790170977036,0.10771967107344071,0.3228908310861625,0.10118221675553589,0.020119379375090674,02030007
61,1220.0,527.3455744788256,0.42408677366890507,0.04410589222485721,0.45644334727550834,0.11127408133673224,0.34709114668483654,0.07309755024930582,0.012093874453617015,02030007
62,1240.0,622.9299507808369,0.592974322080116,0.0312606736722138,0.625222035366602,0.1074220176255527,0.19946374134624645,0.05718262831998524,0.010709577341613551,02030007
63,1260.0,490.4781712625311,0.28583397538999006,0.0548352448401146,0.32859016932024804,0.11934802766095577,0.43402201584189704,0.0999536180124411,0.018086169164458064,02030007
64,1280.0,440.3046375171635,0.1869944306037168,0.06994378082535745,0.23321047611330376,0.10154141681832224,0.5323500142595493,0.11281260935642964,0.020085483452395057,02030007
65,1300.0,467.6683023156315,0.4444739391892181,0.056372132016105574,0.5184940915275463,0.08291089047652736,0.29455169997319675,0.08426105501329732,0.019782263009432217,02030007
66,1320.0,520.8118132705449,0.38845148740892715,0.051032713379691626,0.4052213373396739,0.08378586715320918,0.41422247558714875,0.08469784261323146,0.012072477306736662,02030007
67,1340.0,415.5580268486128,0.17679881310582174,0.08291660337320104,0.2092726479464118,0.10110725954839211,0.552053016653862,0.11645790598322221,0.02110916986811193,02030007
68,1360.0,473.0659142232343,0.5209935234855565,0.05542001685489638,0.5593523005628965,0.07711278902930556,0.26111031705177806,0.08542713244331922,0.01699746091270079,02030007
69,1380.0,554.5350895043802,0.5063675944253746,0.04170956622231417,0.5449448384837606,0.08786776369521201,0.288315050651268,0.06608957885698619,0.012782768312773175,02030007
70,1400.0,500.94685426828505,0.23778338213777975,0.050156308409002946,0.2585050993260197,0.09175293052040395,0.550437290787517,0.08306405899918512,0.016240620366874244,02030007
71,1420.0,547.5317272427429,0.5140805166758363,0.04529709534241519,0.5726507643645979,0.11456836920188294,0.2233287148310529,0.07348178212629983,0.01597036947616627,02030007
72,1440.0,512.6137625542171,0.39821983777194514,0.050694664601074746,0.44740256944006274,0.08053307550512266,0.3803665466754027,0.07774962641240102,0.013948181967010873,02030007
73,1460.0,529.7891523230327,0.43500574788836444,0.04577929038718752,0.5059092583445062,0.10210637122836207,0.296546415854839,0.08106825777917362,0.014369696793119335,02030007
74,1480.0,520.6492817744477,0.4423991553119171,0.04802811141231705,0.5142682811614646,0.10848684692382514,0.2860882219386277,0.07357469458673352,0.017581955389348935,02030007
75,1500.0,434.81246706900544,0.2631669957945773,0.05994520138242867,0.30472906921760085,0.11322159045642716,0.4626512225913133,0.10022637161193253,0.019171746122726208,02030007
76,1520.0,463.4309177915486,0.22966313019726883,0.05811512346604429,0.283477530531251,0.10659301286069128,0.495664592197857,0.09761176052705527,0.01665310388314541,02030007
77,1540.0,403.20978998106693,0.17498798098739218,0.0977284442773662,0.2320108863609621,0.11800496668366427,0.48742746371452234,0.141294671692629,0.021262011548222305,02030007
78,1560.0,450.9184800899977,0.23078481442897908,0.06113804730979819,0.2860993219852749,0.08319241026984478,0.5070495297529538,0.10373489157686545,0.019923846415061147,02030007
79,1580.0,483.5930897600739,0.3827009647415727,0.05591956421457824,0.3832923064503185,0.061709451510537486,0.45186677465905506,0.0842000359249368,0.018931431455151984,02030007
80,1600.0,368.46511740112425,0.2194031476566875,0.08328808761920288,0.24838728161458376,0.1439783590799875,0.4633325717806655,0.12148878992540232,0.022812997599360955,02030007
81,1620.0,307.9444797527184,0.2191132360651385,0.14800701176150718,0.23453839244096017,0.1416033663198677,0.37518387673862436,0.19853283178033537,0.050141532720212274,02030007
82,1640.0,431.6105985843007,0.4095812851221079,0.0740501003222074,0.4915543167573027,0.11014579060182918,0.2662755360804814,0.11124074782778204,0.02078360873260461,02030007
83,1660.0,488.3552487697447,0.14882699926135712,0.06326020236867977,0.17923253313249693,0.0700007036187005,0.6308407711276777,0.1048156416886267,0.015110350432498231,02030007
84,1680.0,444.03335042807464,0.24571274914339297,0.07904953449675534,0.2656127157519582,0.10554329067026451,0.48286411519786887,0.11570702549661703,0.03027285288329145,02030007
85,1700.0,410.7499682227459,0.20905562015969342,0.08726799839739076,0.23231660282492841,0.11592999965129794,0.492410397397588,0.13530422920453333,0.024038770921652467,02030007
86,1720.0,400.99757653268716,0.1836336119762523,0.09616295012578031,0.1984440631836916,0.09007988906626516,0.5334787115294383,0.1536445104631502,0.02435282575745492,02030007
87,1740.0,404.0803099344417,0.19675084191812897,0.0679795736774246,0.2209313110468679,0.0987637815110478,0.5211914885375757,0.1379200242014744,0.021193394703034298,02030007
88,1760.0,428.1722898702086,0.30688420376087006,0.06968338741076789,0.3655312103800738,0.10671715272970846,0.3895772638490558,0.11692624956067675,0.021248123480485225,02030007
0,0.0,1815.9454494369631,0.6194801286556806,0.004012980660950922,0.7064259335960139,0.2004601018292979,0.058276724531691956,0.03382927885221976,0.0010079611907765056,02030008
1,20.0,1348.2431832306756,0.32764571393644826,0.03324802015063321,0.40205496843722627,0.37616309758641386,0.11681514733959736,0.09506409026508329,0.009902696371679133,02030008
2,40.0,807.8827423613586,0.21156900911771273,0.015542125351264846,0.27995791926275837,0.4367868407671422,0.18796069546963678,0.09033289251232045,0.004961651988142228,02030008
3,60.0,859.6971819415778,0.2081220293638894,0.016451569863009288,0.30025957501628014,0.4650495367976739,0.14177571819727405,0.08823199525638577,0.004683174732386194,02030008
4,80.0,817.73730234324,0.1971839484612042,0.018116303720350908,0.2519868791707571,0.41517558334880256,0.22510597211842423,0.10281531651125594,0.004916248850760182,02030008
5,100.0,776.5311139307219,0.2748122213762011,0.016338314941322006,0.3471843498462571,0.41378525291453155,0.13323832796711485,0.10007155506984208,0.005720514202254345,02030008
6,120.0,849.6185480698573,0.2637947036017012,0.023091199866320293,0.371017366103109,0.378019788698629,0.17163061695548382,0.07256700266829218,0.006765225574485856,02030008
7,140.0,579.8096509272734,0.21976094836492505,0.048451326814469356,0.32153147918365266,0.3583286169993729,0.1784796075904324,0.12727502718051445,0.014385269046027471,02030008
8,160.0,468.34184241960713,0.2463592823416432,0.03902465247564568,0.3286479267520416,0.4076759354026017,0.17668266999253937,0.07281831501898586,0.014175152833831521,02030008
9,180.0,451.9678955239571,0.17042794058578428,0.038514569905327624,0.22056728865906103,0.5495986817865801,0.15113020062621368,0.06586757980307434,0.012836249125070857,02030008
10,200.0,475.91426653425003,0.20624036823466993,0.03440321904349213,0.3058905649275119,0.4653484263365836,0.16012896247382574,0.05474202850925696,0.013890017752821834,02030008
11,220.0,460.2437022745143,0.27561073635610184,0.03535948348491955,0.3427945762912866,0.4335605895591238,0.15577611506316197,0.05355627445575211,0.014312444630675571,02030008
12,240.0,564.300374124115,0.2948094183421625,0.07940129040052717,0.37073727902689485,0.3508225552595269,0.14664492535880344,0.09549602126952145,0.036299219085253534,02030008
13,260.0,403.60668065386506,0.30140444607481715,0.043197386383627925,0.39596978749581696,0.3287106276140539,0.1842083541187747,0.07533651076108701,0.01577472001026741,02030008
14,280.0,1707.1343002500485,0.8282592559680118,0.0023001609801890643,0.8859913045261435,0.09578441195272384,0.013448261997729125,0.003967556234977649,0.0008084652884259632,02030008
15,300.0,483.4777004510834,0.3782783739831821,0.037436561079991174,0.44541030286253896,0.3538897114345131,0.131554741936047,0.05355032086029928,0.015594922906601656,02030008
16,320.0,421.7799406752947,0.35836856886164203,0.04435949807588281,0.4454165160490801,0.32467948110612255,0.1451970257923403,0.07028484259005328,0.014422134462403658,02030008
17,340.0,404.2883455049535,0.32793987925013807,0.04486523992209115,0.41761071382290316,0.2865844848199425,0.20412421544876433,0.07472159416942875,0.01695899173896139,02030008
18,360.0,362.0451097161386,0.28184376758431445,0.05133779889493705,0.3400475439609927,0.3247270118820188,0.23266077531998094,0.08303852267246975,0.019526146164537836,02030008
19,380.0,365.4463872952177,0.30070595606603184,0.04833344492664049,0.38471627240032286,0.2897288304402474,0.22133352280898733,0.08371015327693639,0.02051122107350603,02030008
20,400.0,1927.4324283829005,0.7154339381242438,0.0024913362736676712,0.8796606727683437,0.10474963519058059,0.01090741306797477,0.003701152771215991,0.0009811262018847725,02030008
21,420.0,1445.5896658130391,0.8913246505873217,0.006220409761339805,0.8983501199932233,0.06331513882754149,0.025714772075828347,0.010292686600611878,0.002327282502794972,02030008
22,440.0,364.00287097036505,0.29187635833401,0.05221576284887508,0.3770986409550321,0.28564279578684587,0.24669205541310105,0.06917731986317101,0.021389187981850022,02030008
23,460.0,348.82439259579104,0.23361340165389455,0.058730777574787126,0.2872898027969155,0.34294235360424,0.2660202279337108,0.08398663815285082,0.019760977512282903,02030008
24,480.0,403.0870435655132,0.40073393546281927,0.04493093928410793,0.4696207027524253,0.3281460877373227,0.12261307476707267,0.06313956164684463,0.01648057309633468,02030008
25,500.0,3378.5382785718757,0.5508929341461885,0.011702430599152071,0.6569846125297719,0.21917047308583076,0.0890670995135635,0.03149532652457869,0.0032824883462550082,02030008
26,520.0,542.2403754497218,0.3749804464120008,0.05476423995779761,0.4497461990837236,0.19783703746697925,0.22781217639100124,0.10841878695804365,0.01618580010025234,02030008
27,540.0,347.96605109943215,0.4026407792745327,0.06324135512787284,0.5002967593494007,0.1631593634205877,0.21428858211487622,0.1025800549736697,0.019675240141465853,02030008
28,560.0,367.90337343958254,0.4273366596841762,0.11426912123090575,0.4714853828063439,0.1421140996329796,0.21670474928464334,0.13676005637867275,0.03293571189736025,02030008
29,580.0,314.4177858410915,0.24168125301646648,0.0774194279260511,0.3080628964700487,0.2579950218753317,0.27350043023227394,0.13149083952363297,0.028950811898712837,02030008
30,600.0,429.4125850030736,0.4525764871236793,0.05139044073975019,0.5443280990169121,0.16965241714225526,0.18357303004845027,0.08541544554256364,0.017031008249818732,02030008
31,620.0,333.4363855987372,0.32604565645085504,0.07691667717276904,0.39726551572535684,0.20596266790528045,0.24258295950982092,0.12403321267605116,0.030155644183490718,02030008
32,640.0,391.59844590097606,0.2697223395389771,0.09511172191612068,0.3508013229373502,0.23480715186056,0.25524640095995366,0.11799813374920184,0.041146990492934236,02030008
33,660.0,580.9605228255913,0.26009447773516164,0.03376279757514972,0.3644725701145506,0.3058478626305349,0.21421038406878418,0.10690603008173546,0.008563153104394884,02030008
34,680.0,386.88047871618977,0.3748311524507309,0.0505505017117062,0.4740653263088896,0.17457359791200303,0.2550937210248475,0.07901443211425362,0.017252922640006104,02030008
35,700.0,355.8950218157718,0.37447084502680533,0.062109466823651927,0.4285415608153404,0.20965058289278543,0.22477003230142942,0.11421674791065085,0.022821076079793792,02030008
36,720.0,1535.6397666895737,0.7443817634823782,0.005789164051835561,0.8834457879376192,0.06920916016664731,0.0290587306269768,0.015957728803671318,0.0023285924650854827,02030008
37,740.0,15596.18894592784,0.9585049472289571,0.0004294856359033883,0.9601136312048627,0.028129739343463973,0.010202750838293756,0.0014757857349514548,7.809287842801304e-05,02030008
38,760.0,403.29623172950215,0.4028049854841346,0.0580255196651724,0.46402416812732133,0.192083735069626,0.2248389753904762,0.10046543728367753,0.018587684128899076,02030008
39,780.0,389.68554671522,0.34331200023577313,0.05830849461811275,0.4721138098175866,0.17583986922855638,0.22649348843319864,0.1066537077433031,0.01889912477735533,02030008
40,800.0,389.00046791869005,0.5255484201477192,0.0517306947924448,0.5634850114700837,0.13320214330682106,0.2014202667282625,0.08695171325827779,0.014940865236554983,02030008
41,820.0,346.9486122009369,0.4865235145564037,0.06122836745501248,0.5488735038007477,0.16347716893757647,0.17353859430495128,0.0924947609778704,0.021615971978854225,02030008
42,840.0,369.74989300681176,0.39519998103667897,0.07530236278221816,0.45384594157071684,0.20005017587599658,0.19567208429565705,0.12372157716504222,0.026710221092587257,02030008
43,860.0,355.1321123517154,0.39861816475928186,0.08484286808797309,0.4758964851909101,0.1600610648305999,0.19030236321964317,0.1423833332619852,0.031356753496861525,02030008
44,880.0,623.9212240578383,0.6426036347350321,0.030320114834228314,0.6901024166467811,0.1347616934099229,0.0989349604861821,0.06707032817401506,0.00913060128309884,02030008
45,900.0,640.8619673175331,0.30803485164048217,0.03347072461902576,0.34134353118380406,0.37438384787257384,0.1855978962125941,0.08739598188864137,0.011278742842386532,02030008
46,920.0,604.4856944709189,0.139781985793,0.02611538957896704,0.17145591787532893,0.5153506874551825,0.217909923141794,0.08743939183859713,0.007844079689097507,02030008
47,940.0,550.219003296815,0.19009099959524198,0.03495327168426149,0.23952525597748436,0.3912045876399817,0.21926648714928149,0.14014996524632187,0.009853703986930728,02030008
48,960.0,620.486789059722,0.22454971677116137,0.0243124594306487,0.280496346295755,0.47691179810637635,0.15961843950848595,0.07528058466505717,0.0076928314243256,02030008
49,980.0,484.1811555569704,0.2740445532730991,0.03376220640527435,0.3384310111009836,0.44357087440804593,0.13148112052192118,0.07364595652062307,0.012871037448426157,02030008
50,1000.0,374.50858353370364,0.26174751239606353,0.06908381201022047,0.3126476433457078,0.3459160221548857,0.18439685905682834,0.13368670626535067,0.02335276917722754,02030008
51,1020.0,355.58316235686823,0.4280605863744484,0.06497720263394989,0.4749277293322432,0.23762776432675548,0.15513825601189457,0.10743409167768138,0.024872158651425544,02030008
52,1040.0,444.03895341611485,0.5794768674244981,0.03733188638518481,0.6580179358283562,0.14092465416663438,0.1007203246129085,0.08724608874475573,0.013090996647345034,02030008
53,1060.0,514.5167027540703,0.37570872491696855,0.029976592680794244,0.5567236441566139,0.24163182902981792,0.10638780026024687,0.08559098307388294,0.009665743479438575,02030008
54,1080.0,374.862348025519,0.3883515585367533,0.05423728358658209,0.46850619497597773,0.21261599598086792,0.1962102075935571,0.10271115001367416,0.019956451435923093,02030008
55,1100.0,328.38339376309386,0.3480918860028091,0.0811535537141078,0.4333822465583853,0.18236812412310294,0.2027350107488501,0.15202707292073728,0.029487545648924387,02030008
56,1120.0,359.8743603999846,0.3701062527124567,0.07015262221414421,0.46851027222023495,0.22018291832528922,0.15802421794469518,0.12925278616167168,0.02402980534810888,02030008
57,1140.0,383.6266815288447,0.3910220080634617,0.05060281702520988,0.47755678616392344,0.24036495430594998,0.14973121896737168,0.11428389871076339,0.018063141851991565,02030008
58,1160.0,415.7310648924562,0.3836719871598532,0.05529256015164733,0.5317134349136462,0.23006119792844515,0.12268904755398259,0.09835763820177341,0.01717868140215253,02030008
59,1180.0,526.0908211723292,0.21559101192540844,0.03536529892428644,0.3434459993416281,0.3449880367543446,0.19933732241877355,0.10099487212890353,0.011233769356350221,02030008
60,1200.0,410.306136878396,0.40341561413524013,0.048200394482097744,0.5126441916330384,0.24112149440774092,0.14075590344408176,0.08945758417660518,0.01602082633853363,02030008
0,0.0,442.8098022678567,0.45086835768685807,0.07031734479176383,0.5186504669863496,0.1409583956103554,0.2159057936681009,0.09690874502668292,0.027576598708511167,02030009
1,20.0,505.92485866202674,0.4694025364329178,0.06160459277721365,0.5561778153064119,0.200036248541087,0.13865184163048816,0.08494560514643362,0.020188489375579377,02030009
2,40.0,583.4606419157309,0.5952835407675301,0.03547157737682947,0.7079989302144756,0.13574175904371927,0.09453564359295161,0.0505478804612915,0.011175786687561966,02030009
3,60.0,468.25037730145056,0.5432158683702909,0.06210476130940143,0.5980431223310378,0.10272143007669748,0.1859825651681837,0.09222590319561778,0.02102697922846326,02030009
4,80.0,910.0436843474018,0.7714453877170163,0.015473133513380803,0.8690245443253447,0.06592807006546315,0.03953813030487043,0.02017301974206134,0.00533623556226042,02030009
5,100.0,382.25320660638556,0.44682968063024436,0.08754389883833323,0.5252234241055986,0.14633375349930317,0.1772693637332552,0.12059495475445278,0.030578503907390253,02030009
6,120.0,533.5804523790024,0.4773817921813841,0.04536699846280779,0.6730962945533768,0.1671713211479627,0.0932018448928462,0.0522013897746762,0.01432914963113799,02030009
7,140.0,475.34428107787227,0.4983170311681355,0.07579860946291443,0.5349898769836713,0.15234105316668695,0.1762332322505656,0.11221316248550937,0.024222675113566645,02030009
8,160.0,487.1242751818405,0.41670183172719993,0.07519244469056263,0.5475277537186117,0.1540859430276737,0.16854388290749048,0.10649462277538624,0.02334779757083794,02030009
9,180.0,408.7681490350516,0.3898321359929656,0.06365287961986905,0.49378719782429503,0.17038567154016931,0.2178471051431171,0.09567838603230568,0.02230163946011293,02030009
10,200.0,339.80504839073734,0.3048652624664281,0.09425509678617171,0.36102855263369804,0.15786166890271555,0.2742213434141243,0.17600740923480335,0.03088102581465876,02030009
11,220.0,369.38274654271055,0.40079017472302697,0.07655635832911094,0.5728122372644359,0.12820778730350238,0.16547385413414734,0.10987029003645617,0.023635831261458285,02030009
12,240.0,423.1624139602155,0.49650255583905734,0.059458959357539,0.5373894716441953,0.09609624212343726,0.2444673951549101,0.10285487111264015,0.019192019964817224,02030009
13,260.0,497.659672319499,0.5045235668827709,0.09158442490539567,0.5646782420189835,0.13816336729871878,0.14601968508784163,0.11959029005605189,0.03154841553840409,02030009
14,280.0,553.1390232831728,0.49373904696627113,0.04920426535545342,0.6272804599660775,0.1722182598750417,0.11795523172916954,0.06679442940941312,0.015751619020298323,02030009
15,300.0,563.0881753880788,0.6734772688713844,0.05150371709439769,0.7047332304106237,0.123046364338599,0.08464806898273321,0.06942228391428215,0.018150052353762013,02030009
16,320.0,598.873993703066,0.42302790397606943,0.04872973107492479,0.5796255152481538,0.17239785899093243,0.16098687733134698,0.07157688177062752,0.015412866658939407,02030009
17,340.0,383.8278234331711,0.5047616459130371,0.08982822125927963,0.5498297018424669,0.10031591499324766,0.21062180532939634,0.11126806762512623,0.027964510209762837,02030009
18,360.0,458.7563550945602,0.4556415508238161,0.07769412093796212,0.567557233848114,0.21222754255786547,0.08124633515063145,0.10856362571606787,0.030405262727321237,02030009
19,380.0,530.7028669831204,0.5355919879504201,0.052295553381517236,0.6495514179468779,0.16769894708797145,0.100263253342404,0.06612481355671238,0.016361568066034206,02030009
20,400.0,494.6167975319759,0.5205763178513235,0.06412878992230436,0.6079341380517893,0.14227501936746995,0.14284794073904203,0.0845592955225776,0.022383606319121126,02030009
21,420.0,486.8306800887893,0.40017052776995793,0.07607029969316542,0.5544676942940581,0.17505994816073217,0.16321730209128246,0.08584519855395237,0.021409856899975085,02030009
22,440.0,635.9080935020921,0.6770002738103467,0.045265488008378145,0.756439874434297,0.10390441177422129,0.06839813689829263,0.05841032786901085,0.012847249024178267,02030009
23,460.0,495.232939304609,0.610792124572962,0.06379358759937832,0.674691660489849,0.14549808590846872,0.0783918083042872,0.08002155148854484,0.021396893808850417,02030009
24,480.0,409.58415933036895,0.4859790037679953,0.09182887659287879,0.5518524654102931,0.1464436242654993,0.1567273473795689,0.11561565734804834,0.029360905596590336,02030009
25,500.0,374.431535317778,0.5290683493961245,0.09328973330237021,0.5370864585379241,0.13045134340191555,0.18086729945285593,0.12230767866078267,0.029287219946521698,02030009
26,520.0,366.4624908255403,0.43279867447783704,0.09938987269505205,0.46342613924245407,0.13177686355170523,0.23454247779669854,0.1429965736873513,0.027257945721790994,02030009
27,540.0,381.38926517031024,0.4711259989560269,0.08981302148177489,0.577006302645743,0.15055957426706118,0.1245429104518379,0.12090376537079714,0.026987447264560756,02030009
28,560.0,792.3877325136397,0.7476367825106655,0.025707794275517948,0.8383828061165074,0.08992065767844484,0.032196800173588495,0.03209273374672824,0.00740700228473104,02030009
29,580.0,990.0264978327318,0.3081876781563359,0.08981793724868188,0.40609026846476864,0.22127202690470194,0.14913447292911544,0.20940132936881964,0.014101902332594368,02030009
30,600.0,433.87888912666506,0.5089422461013008,0.10011655008504469,0.5772549590777053,0.11741931387336907,0.16146667392790456,0.11413533475321846,0.029723718367802614,02030009
31,620.0,466.7447091578818,0.5781025405709708,0.0714997718853721,0.6111496126813017,0.12639390368967568,0.1410573300604494,0.09459666797186721,0.026802485596705967,02030009
32,640.0,317.9179595394568,0.3293928798725584,0.10256908781447853,0.44603927589671416,0.12123716939424074,0.2713654649653522,0.13475336235232094,0.0266047273913719,02030009
33,660.0,456.4528980145692,0.584169357840695,0.062415863883408154,0.6280487215936251,0.15065135821062808,0.10956097569373653,0.09259207208644911,0.019146872415561234,02030009
34,680.0,306.40726206462875,0.42446235859455167,0.11015994551977668,0.46317357152301547,0.11572153158452575,0.23034217582965713,0.15962505556040105,0.031137665502400772,02030009
35,700.0,364.60796825337593,0.4838845594029066,0.07682972128343701,0.5095889658409198,0.13939190052437514,0.21072821842805187,0.10920368984683781,0.031087225359815413,02030009
36,720.0,352.19239737116516,0.4670066834617541,0.07253306656233,0.5473900559153788,0.13192894126372007,0.1774285566088255,0.11822875260083182,0.025023693611243694,02030009
37,740.0,397.2874223394965,0.49729395213555844,0.09303073159840361,0.576146224035808,0.16613145359390122,0.10520895612267964,0.12605426782339132,0.026459098424219958,02030009
38,760.0,389.60924243849155,0.3914442616079656,0.0946977615038442,0.46152067615074843,0.11701677017068994,0.24569168889420623,0.15104315950656375,0.024727705277791716,02030009
39,780.0,319.2695597649676,0.34666245094035936,0.0814544045189971,0.40334303170366487,0.14283194346148334,0.2962699041894081,0.13063940811773014,0.026915712527713565,02030009
40,800.0,307.1876572301703,0.47855879374474275,0.08333217379272922,0.5507013809519354,0.11658173612644449,0.18171510576351382,0.1269322452462143,0.02406953191189204,02030009
41,820.0,361.0577425796641,0.4335212672709004,0.13284812548903163,0.48481066926589883,0.1324330375626787,0.16821947861972247,0.16176758323660306,0.05276923131509699,02030009
42,840.0,375.93660089571677,0.4969619659921391,0.09703874310469356,0.5469157362691864,0.13882333800148391,0.15168285462369738,0.13194640577086367,0.030631665334768587,02030009
43,860.0,520.128548704584,0.6092349063488351,0.0780854453859181,0.639197007752861,0.10596755727747492,0.13210715942217852,0.09548737933995083,0.027240896207534837,02030009
44,880.0,353.81247764693654,0.5566825329540839,0.08387741226945397,0.6493215511310985,0.1474842120264457,0.07803175947519343,0.09899701299459329,0.026165464372669218,02030009
45,900.0,415.5195224435516,0.41895835783236024,0.11729887700776799,0.4795705305712549,0.17603292683413083,0.15832995986852055,0.15307493683984796,0.03299164588624574,02030009
46,920.0,293.6084556499621,0.4628397190296329,0.10349031741470273,0.5225742710833111,0.14064406127232046,0.16249848837163428,0.14258793860559574,0.031695240667138434,02030009
47,940.0,293.37448859168705,0.27472985894590723,0.1284938285006636,0.3482458062956206,0.16878737308216044,0.269586880739399,0.16407186769143126,0.049308072191388747,02030009
48,960.0,277.77972578152566,0.24331017175865227,0.12559984215242315,0.2881834928850745,0.172676661776411,0.2814025122857554,0.21006813434562407,0.04766919870713509,02030009
49,980.0,363.3512063615284,0.4835205960686515,0.10048695402263684,0.5502976208488335,0.14004391897035956,0.13757871185607404,0.1377836385462012,0.03429610977853166,02030009
50,1000.0,466.67432919698734,0.45711049233526296,0.05865942072487082,0.6494715636653875,0.1712965271446093,0.08649750415145956,0.0703063004679937,0.022428104570549973,02030009
51,1020.0,452.86514323191756,0.6773857626672296,0.057837202889455784,0.703057804010446,0.08493004531510778,0.1095797628176377,0.08393485142153324,0.018497536435275273,02030009
52,1040.0,301.32723930745897,0.3202264692923313,0.08925692752394752,0.415254543452079,0.1267360477465867,0.30544844682230055,0.12579508815612336,0.026765873822910412,02030009
53,1060.0,374.93692772372424,0.5253255644750704,0.09376477884940668,0.591927141159929,0.14297880116267106,0.11543098118791495,0.12358762421497911,0.02607545227450599,02030009
54,1080.0,492.79771088730587,0.5570995141775325,0.049269372027417005,0.6737403735592955,0.12241143888203537,0.11938896087576478,0.06995451780249354,0.014504708880410926,02030009
55,1100.0,374.91085914235964,0.5285709356904964,0.077755210575755,0.6067887407730788,0.1309562747890205,0.1260781863662867,0.11650550566902455,0.019671292402589476,02030009
56,1120.0,468.40947871139815,0.5875195316390591,0.057205637260853766,0.6315790944722856,0.10352944763534064,0.16786321167729365,0.08020127320413545,0.01682697301094465,02030009
57,1140.0,290.4244002801995,0.27615766027860794,0.09324679441610688,0.34558112212079206,0.15469090992173792,0.3393722926760282,0.1308964172093451,0.02945925807209664,02030009
58,1160.0,582.0336424834005,0.8879965799373291,0.023399720017262808,0.8759999976091403,0.04004557955395202,0.04279841294031763,0.0342889781186178,0.006867031777972379,02030009
59,1180.0,703.3150181330474,0.24255421811878844,0.10907656792488749,0.30715749418966043,0.2347491563795269,0.2560905357852695,0.16943521569254022,0.03256759795300299,02030009
60,1200.0,343.8157094929,0.3317860367882327,0.15217282231671467,0.406523229103599,0.17864062122947943,0.18012831087557352,0.18042929466657018,0.05427854412477785,02030009
0,0.0,1091.0035453066694,0.32831106438514346,0.008782110010559898,0.6493077410790854,0.21604365534884815,0.11361327891754096,0.017514761985722497,0.003520562668802997,02030010
1,20.0,1250.6794401121233,0.4301375934102704,0.008513410998207044,0.706777029861887,0.19553381260781105,0.07809542239466762,0.016199857827313476,0.0033938773083208337,02030010
2,40.0,1105.067843101824,0.22696324443600058,0.009592044019570655,0.6791630907116835,0.17997109276852696,0.11785112110450637,0.01901301166979359,0.004001683745489561,02030010
3,60.0,811.3660102712898,0.2785008430423899,0.016884709694528283,0.5871489377664404,0.22989767614956572,0.1148169820638266,0.06086994969479793,0.007266454325369242,02030010
4,80.0,580.9925454094628,0.31616959237428527,0.02651112899533523,0.5195121149968532,0.20385835821097803,0.12565354390369468,0.13978261441890075,0.011193368469573433,02030010
5,100.0,598.0184462730963,0.2654092656219618,0.024395542195812178,0.5208664046743566,0.20674273909268798,0.1950676517046231,0.06609128500849001,0.011231919519842221,02030010
6,120.0,519.7064966851001,0.33130061134647953,0.031632595634506516,0.4291832595279676,0.22182798118233624,0.20969625253837773,0.12619493877395097,0.013097567977367443,02030010
7,140.0,486.60665982173117,0.43297920996231926,0.031820646383551594,0.47534191540076526,0.16383931389462497,0.1926416298434987,0.15298735012088563,0.0151897907402253,02030010
8,160.0,474.85212537139387,0.38166059164343785,0.03569311045858993,0.5118533402262526,0.19508808039456021,0.15760915409272092,0.11947951679113482,0.015969908495331413,02030010
9,180.0,520.4513871413453,0.48944329486800137,0.02887539142230149,0.5708151281044085,0.14301255648714684,0.13829902570615285,0.13421709252895855,0.013656197173333379,02030010
10,200.0,1538.8191216347986,0.4240615084491705,0.015603055474978556,0.6056968805869877,0.24113184209842045,0.1020827616775536,0.04859839920005245,0.0024901164369857155,02030010
11,220.0,597.7169712760149,0.6855587397202781,0.031955224014556693,0.6097988927990685,0.16112811037571476,0.13184048732200157,0.08460101862256854,0.012631490880646681,02030010
12,240.0,434.45136973229086,0.5394634652722458,0.042060748321044734,0.5362171591655683,0.19042022665889172,0.167974144373291,0.08887996006462597,0.016508509737622957,02030010
13,260.0,550.7379989454034,0.8431228542305125,0.026355194666931116,0.726015683352116,0.09875561922546867,0.08961817888052953,0.07185711460280568,0.013753403939080257,02030010
14,280.0,600.2314220414669,0.9089926756936193,0.02095896970003862,0.7746795812955518,0.08370789502664781,0.07915858111355206,0.05327203156342486,0.009181911000823469,02030010
15,300.0,503.5294770395208,0.7769375290310477,0.02746382804218982,0.728476235296066,0.10981363578388502,0.09687963863316364,0.05321089613870775,0.011619594148177738,02030010
16,320.0,428.0856857249627,0.4191039115520043,0.04002919435326791,0.5970574167982959,0.16857698676755123,0.12102570640459316,0.09561218420238844,0.017727705827171328,02030010
17,340.0,323.6478517749001,0.5384279192831988,0.054711948815365605,0.6319790993998897,0.147385489112313,0.09929777786250399,0.09895742837499034,0.022380205250303098,02030010
18,360.0,352.25452725174335,0.5093925505961739,0.04997459533495898,0.5253756860855787,0.17792023426033743,0.17156682418623645,0.10481602579142192,0.020321229676425495,02030010
19,380.0,506.393672156392,0.730329492377962,0.023818043810249014,0.7533083187721008,0.11579689752908108,0.07497555336611879,0.045081778582351434,0.010837451750347768,02030010
20,400.0,349.2621946772248,0.46381920822246364,0.053727790823728014,0.5569903610167052,0.2064001700864166,0.11714542123347235,0.09828407572100976,0.02117997194239601,02030010
21,420.0,416.3733691205608,0.6202188091469442,0.03874109646530433,0.6629013163516513,0.14924617544549168,0.09283566297066993,0.0763171471584573,0.018699698073729697,02030010
22,440.0,324.2326348845465,0.49624840452718805,0.049757164100878506,0.5287062368696146,0.15732461007638987,0.1866568230026505,0.10541171620647087,0.021900613844874312,02030010
23,460.0,505.0237829066736,0.804152630509789,0.03245741797027887,0.7815656784274302,0.08863125910742438,0.06170488345849204,0.054405569227072355,0.01369260977958101,02030010
24,480.0,494.9234876144914,0.857023478935024,0.027410881474805377,0.7738642395493606,0.09769463803141518,0.06635399292114867,0.051488228431577854,0.010598901066497794,02030010
25,500.0,387.02471978713953,0.6474763236258353,0.03667120127619129,0.6628668353307328,0.15471115207626984,0.10761417070474974,0.060338683536104366,0.01446915835214328,02030010
26,520.0,320.1990410861709,0.4587188129856494,0.05082760811464214,0.5362012875974258,0.19171059632880122,0.15934636701386726,0.09091226581755177,0.021829483242354054,02030010
27,540.0,301.80608312814746,0.3068077391542331,0.06765327903976971,0.3652659058726898,0.2785035731441219,0.19994291732046335,0.12481147489633025,0.03147612876639461,02030010
28,560.0,394.2451151946746,0.6585707296250234,0.04481236762810321,0.6765790910411607,0.1344092791434118,0.0933479200972333,0.07925383488520628,0.016409874832987895,02030010
29,580.0,309.95407409064313,0.4365802476795653,0.07515639528482283,0.495329581644423,0.2096034562472624,0.14666346972266314,0.11876469018247554,0.029638802203176065,02030010
30,600.0,330.27484279368446,0.5269768432211633,0.04383598594482378,0.6197237970608863,0.163516520990419,0.1181743941267968,0.0817307545170153,0.016854533304882676,02030010
31,620.0,312.31446683009995,0.49327222173869556,0.08411250925171271,0.5610705308444388,0.1768875915972944,0.10364049457642485,0.12224582687043237,0.03615555611140972,02030010
32,640.0,401.71918302048743,0.7661218034064696,0.029779706075564842,0.7629763802471359,0.10136593204292765,0.0804190530445164,0.044258252940337514,0.010980381725082504,02030010
33,660.0,341.3996604453398,0.5517568446592241,0.053028894617693695,0.5865595101595228,0.1773574202180684,0.13826196496026733,0.07957381732836553,0.018247287333775883,02030010
34,680.0,427.1261499435423,0.7425158899383876,0.028030438249245396,0.7317131460358611,0.09295760777534322,0.11606990650047828,0.046623572976638154,0.012635766711679116,02030010
35,700.0,590.0260410305445,1.0064815021817959,0.015740223913370474,0.8207585514720449,0.06991618738477326,0.06293584767381791,0.03859861520632846,0.007790798263035565,02030010
36,720.0,389.4890481862763,0.6878259606005508,0.03970572645971505,0.630591242894083,0.17539760704754556,0.10631684484097906,0.07294239152692554,0.014751913690466899,02030010
37,740.0,293.5645208832672,0.49107055352849693,0.05512937066792972,0.5310907367910653,0.18829872382133878,0.16918079973731828,0.08896511636212937,0.022464623288148165,02030010
38,760.0,437.33862572925574,0.7758832521797685,0.030741767441949477,0.7178385231315704,0.1289863738203972,0.08445419600974985,0.054566875436243945,0.014154031602038755,02030010
39,780.0,382.44612531989526,0.6269380096458781,0.04408498159901937,0.7267041475057072,0.12561348487427168,0.06875556254210027,0.06339517247156563,0.015531632606355107,02030010
40,800.0,387.6975452090868,0.7859414132065259,0.02704390170327111,0.757260113267865,0.1342737595202057,0.05892874788418211,0.0375382903830042,0.011999088944743028,02030010
41,820.0,393.0388584726087,0.8322324193291488,0.03186217453299091,0.7760136172659322,0.11597900047220203,0.05211906764492291,0.04345229095927656,0.012436023657666327,02030010
42,840.0,411.0451212296786,0.6856420672462078,0.03771103874733385,0.6476118652244892,0.14582169509062,0.1411863388047734,0.049860652188074235,0.015519448692043164,02030010
43,860.0,409.29863729046514,0.8027131170688842,0.03273433564105975,0.7416060647726166,0.13471751567693185,0.054475201794030516,0.053181730258939144,0.016019487497481937,02030010
44,880.0,351.5868164288422,0.7171400526825654,0.05128352371387967,0.6639348927361883,0.1448341027700557,0.09523329492313683,0.07539159925302746,0.020606110317591794,02030010
45,900.0,422.4641042644114,0.835092131966925,0.0319653066207463,0.7521661081954455,0.09761582582921068,0.08797091828733372,0.04912735117449306,0.013119796513517048,02030010
46,920.0,408.2289665284165,0.7215803413182205,0.05260824482576646,0.7005837837434822,0.1308609524483116,0.07852057937191459,0.06797684303515711,0.022057841401134554,02030010
47,940.0,353.9127633761841,0.6221440423823538,0.04394889696529813,0.6405790234984436,0.16071129582601415,0.11051379473317444,0.07115735859517787,0.017038527347190035,02030010
48,960.0,332.3073644075941,0.43718995327821686,0.04394078581460233,0.5508268278906858,0.24713922056667986,0.11241142654138318,0.07105763346871743,0.018564891532533694,02030010
49,980.0,283.7851571041458,0.40143007397034425,0.05564983860328726,0.44768325247506785,0.2896776252071418,0.14463949922251818,0.09467351361315521,0.02332610948211686,02030010
50,1000.0,324.8648740348461,0.6018994517771601,0.04390181152825543,0.6288817263540546,0.1192295733691868,0.1691770009049929,0.06551882793155786,0.017192871440207893,02030010
51,1020.0,337.6731970767389,0.5426124234026228,0.046044036900082026,0.586010896112149,0.18571141148079062,0.13636872012102538,0.07303562720166648,0.018873345084368536,02030010
52,1040.0,338.40628737200825,0.7093418093728321,0.03753133662156172,0.6861360956726696,0.1291716432573379,0.1048312178598143,0.06354882581978022,0.016312217390397923,02030010
53,1060.0,371.30788970199484,0.6941905498957711,0.03783381426136118,0.7363238028731057,0.12488208876988932,0.07290531470215098,0.05180894742874379,0.014079846226110165,02030010
54,1080.0,448.96582197443945,0.7836071110414586,0.03156818014424237,0.7584082866259697,0.11745779292037743,0.06367749784370055,0.04784937499269965,0.012607047617252601,02030010
55,1100.0,467.1539827991026,0.9244623376287968,0.030377219700918678,0.7749997429493949,0.09683341200985084,0.06857780314250951,0.04584531434634745,0.013743727551897397,02030010
56,1120.0,355.5379519342027,0.621164750682389,0.03666015099416025,0.672338915619846,0.1355340289382322,0.11966026115876932,0.05795352604074392,0.014513268242408624,02030010
57,1140.0,290.76107759824055,0.5740766422194612,0.05865919619753863,0.6007772680495463,0.18408531199271735,0.10513860425653963,0.08975188797078369,0.020246927730413058,02030010
58,1160.0,386.8639225434593,0.7494185457133375,0.028697626060500026,0.7337339092813449,0.11535638600833428,0.09201567679913608,0.04821941077514588,0.010674617136038865,02030010
59,1180.0,408.8519964579587,0.7902661118037353,0.0308326897506709,0.7419802748807295,0.12241859104352851,0.06798407841361964,0.05382469250215695,0.013792363159965376,02030010
0,0.0,363.48199082537616,0.42453200786669604,0.06412485647216819,0.5350897178436472,0.1481346892634649,0.20195429657672706,0.08949576515966728,0.02532553115649369,02030016
1,20.0,457.46603509302827,0.6492397948676925,0.03711811634756437,0.7140540914272984,0.10877170479849925,0.11380781359983923,0.04886823083829238,0.01449815933607075,02030016
2,40.0,527.7500653992371,0.5923105016513998,0.025253765376881697,0.6882024719125721,0.1659486573280011,0.09605630236022743,0.03980344898649961,0.009989119412699936,02030016
3,60.0,341.620787548394,0.5541958554567108,0.06388614346928524,0.5732639158558321,0.09125057210391717,0.21921218410484974,0.09010603292529999,0.026167295010100962,02030016
4,80.0,488.1439599002768,0.6565307720749052,0.04633690717265084,0.695342864373417,0.06762498567841009,0.15009935229924642,0.07001799509035815,0.01691480255856835,02030016
5,100.0,262.78269458331346,0.26534195078249695,0.11099484956691992,0.3137406540212536,0.12010938938464592,0.36182938266706144,0.1639185941617382,0.040401979765300786,02030016
6,120.0,265.4774600802259,0.25011756683543374,0.0901227117595443,0.33440235259546947,0.09156893550665242,0.37660583753794113,0.16291462633827922,0.03450824802165764,02030016
7,140.0,256.3250008128077,0.32170807688156805,0.09386724887140549,0.36763679591719023,0.14251721568500111,0.3244826207516213,0.13310582015783926,0.03225754748834803,02030016
8,160.0,279.50719936181906,0.2623662803932626,0.08799260531170469,0.30281935186462566,0.11169948097456614,0.4183951671713488,0.1342998107387043,0.03278618925075498,02030016
9,180.0,232.18897170027168,0.34091419730014,0.10236426435749915,0.41938528127134356,0.17444788918873264,0.21812451275593947,0.15750401823449872,0.030538298549485702,02030016
10,200.0,242.5110355439658,0.2480893310059741,0.09728414658158589,0.32928075729042366,0.16147245417265013,0.33525075004239374,0.1406254688796782,0.03337056961485424,02030016
11,220.0,241.37463917351369,0.1950193115944538,0.10880465511687845,0.2728280214094375,0.1673613954297887,0.36196554146310495,0.16342407109323065,0.034420970604438085,02030016
12,240.0,250.7638212003119,0.4016938155452289,0.08419037388035232,0.5320402032071908,0.15869828420976684,0.1486833257881563,0.13530897044696227,0.025269216347923822,02030016
13,260.0,260.44298862012033,0.1965057542719513,0.08547133782410181,0.2862934075745612,0.1522538126359117,0.39237327811759554,0.13867132727711076,0.030408174394820922,02030016
14,280.0,252.6472241283514,0.40377574855937587,0.07728035298076963,0.5677869154713826,0.1649838037054253,0.11683332931915096,0.12689885292471434,0.02349709857932687,02030016
15,300.0,286.09916322383856,0.4101904807114051,0.07877237388701111,0.4555500786613534,0.1426618063525305,0.2542697416905054,0.12612132111225033,0.021397052183360552,02030016
16,320.0,242.72175021881478,0.39217216998655435,0.08479632962612063,0.5251215162839529,0.2018468638965209,0.11739224012447422,0.13076771210218602,0.024871667592865916,02030016
17,340.0,236.63861666911933,0.33462814249067874,0.08884800475443294,0.4358917680151213,0.23319721502219548,0.1417747301355162,0.1620523107828231,0.027083976044343983,02030016
18,360.0,262.6366624890276,0.5089582938836611,0.0712045122209832,0.5901479244146737,0.15579697347135688,0.12106905483227938,0.11287067909663634,0.02011536818505372,02030016
19,380.0,249.49359991445888,0.45572509110819004,0.08441099778043068,0.5367741038130949,0.17746696592713207,0.1229178981095141,0.13893190920721837,0.02390912294304058,02030016
20,400.0,275.80730072750583,0.48306922725578777,0.06403085500019681,0.5642445942743441,0.20333025205506863,0.10049760141048183,0.11631258312230502,0.015614969137800474,02030016
21,420.0,226.1027524535245,0.3411975258150451,0.09364728905733694,0.41408778797209705,0.1905610040478176,0.1807911302619418,0.18622335936726875,0.028336718350874736,02030016
22,440.0,226.95658502593685,0.3645851624975281,0.08664899825086339,0.42427590964773687,0.22966737790448508,0.16107641569902312,0.15628705899543785,0.028693237753317172,02030016
23,460.0,259.8794468181504,0.4347898639788023,0.06376906297800768,0.5656341083241414,0.1815975956285624,0.10957989449719507,0.12684063308031898,0.016347768469782323,02030016
24,480.0,285.0192516401251,0.48102993680406014,0.0412615763565623,0.6162310181418853,0.18189225214849902,0.09783421011931615,0.09177990110222249,0.01226261848807707,02030016
25,500.0,261.5269592904891,0.39572797227596995,0.06529674112041454,0.5439338578368276,0.16360833954892617,0.159505564062011,0.11545037786366245,0.01750186068857279,02030016
26,520.0,280.9873603758605,0.4925492849419722,0.04884142278726318,0.6313811803524281,0.13269545605487532,0.11912092953455782,0.10384625574088553,0.012956178317253262,02030016
27,540.0,229.82050188434866,0.3726105195690866,0.07573667852935555,0.4779660733636434,0.21890822152632264,0.1537135248804638,0.13008648147262047,0.019325698756949658,02030016
28,560.0,261.0150816117036,0.4651529687220316,0.06237623959609865,0.5628359545349778,0.1972237175517592,0.10698343628954605,0.116064881010218,0.01689201061349892,02030016
29,580.0,226.03818292243838,0.4118099918628609,0.08497777581611908,0.4810486986306306,0.1905455184160241,0.14640613468292615,0.15920155085051757,0.022798097419901575,02030016
30,600.0,222.7318236644801,0.3260959168411695,0.08452823295008835,0.4533753233077784,0.23829634763261268,0.13355903481101336,0.1489993401432375,0.025769954105358053,02030016
31,620.0,242.3258210998164,0.3431533080716019,0.0691424798832756,0.4981083469779879,0.2437905668812192,0.11872583264239246,0.12007468137365357,0.01930057212474686,02030016
32,640.0,332.36275151940157,0.6409508283344421,0.03838160899423194,0.7006045672044702,0.13276113414677057,0.08528181589605557,0.07141588957196855,0.009936593180735155,02030016
33,660.0,315.5104970117863,0.5704709085770876,0.032224915193967404,0.6588309186876957,0.17214892749099459,0.08044319380983511,0.0800746493329436,0.008502310678530977,02030016
34,680.0,250.14004920739325,0.33501954747160495,0.05871143519180131,0.4985756101263494,0.23879090033734446,0.14255246123530785,0.10402778317440767,0.01605324512659067,02030016
35,700.0,263.8139872128137,0.41679539198143156,0.04040299061534303,0.569925460019254,0.19212484657643633,0.12201775872866107,0.10550757063268355,0.010424364042965107,02030016
36,720.0,248.79036715608572,0.2806425292295979,0.06380400837627163,0.3844375734726556,0.23828655771005952,0.19991961553248264,0.16061774731632192,0.016738505968480293,02030016
37,740.0,234.77132884396167,0.3165827551660147,0.0805416657753622,0.3595145037845918,0.16686856238693093,0.24126195717504556,0.21157977960602928,0.020775197047402466,02030016
38,760.0,254.41448779746145,0.4074720560093451,0.06516976485587525,0.5269266680128808,0.22875362021979465,0.11618404224838585,0.11165533307419417,0.016480336444744535,02030016
39,780.0,241.71854972961046,0.31442217669047134,0.0663334333604571,0.4226368900104766,0.20913073085822548,0.18340701987373537,0.16799627910383397,0.016829080153728544,02030016
40,800.0,239.76904711748534,0.33541090400216544,0.07365347543633842,0.44116666416768163,0.18726714675117764,0.16610076031333307,0.1894334696644295,0.01603195910337809,02030016
41,820.0,258.5354983673365,0.33187211789305454,0.048498385075347955,0.5412354931946511,0.22435057393187724,0.12272098381354594,0.0999675644154729,0.011725384644452783,02030016
42,840.0,299.6339510735167,0.573082599206007,0.035474930492418434,0.670506309745044,0.14696126982454755,0.08271030018386628,0.09024045662122866,0.009581663625313534,02030016
43,860.0,293.63323958599966,0.2986750492075517,0.22331344182048526,0.337945149465507,0.0961617315882312,0.23690863718061209,0.25682675539627775,0.07215772636937194,02030016
44,880.0,320.5025443422311,0.5555129727790624,0.06486320514110124,0.5868832576665673,0.07636922673191554,0.2267521984332939,0.09029019083561221,0.019705126332610946,02030016
45,900.0,235.1441599088887,0.40885883368211307,0.09199456617086554,0.44211387312315853,0.11817423887095765,0.2773786941320311,0.13403021817503008,0.0283029756988226,02030016
46,920.0,218.94500552061038,0.40429349653951885,0.0944410169382951,0.47658945329519314,0.12603240345796898,0.22531463754931708,0.13473327005834118,0.037330235639179636,02030016
47,940.0,225.12194557488937,0.4729005578249149,0.09363465141493203,0.5339323000665033,0.10737531794674733,0.18643610053069953,0.13644915225223248,0.03580712920381751,02030016
48,960.0,239.79727476700896,0.41500173048310635,0.08775856131207355,0.4663462616049457,0.09739057783620579,0.28336248688773114,0.12573743255236197,0.027163241118755236,02030016
49,980.0,194.8588928403373,0.2590669548845022,0.12124106737690504,0.31469514858637954,0.1701017300020385,0.29633120066640556,0.17563012053951382,0.043241800205662505,02030016
50,1000.0,269.8926937413475,0.3889487268820885,0.07123358143795089,0.42940060056499213,0.10488922250939457,0.3300593065970392,0.1089699311358031,0.02668093919277101,02030016
51,1020.0,270.72883792929895,0.44414515868026455,0.07156108275068888,0.4773232513923829,0.08598414951102513,0.3008009641238602,0.11227957283718455,0.02361206213554723,02030016
52,1040.0,218.06074374733902,0.4218139316772298,0.111922365922129,0.45225626660641133,0.12640508682845975,0.2275909424101429,0.15823533321432437,0.03551237094066184,02030016
53,1060.0,217.6507001471721,0.2626526548443047,0.09915403177874663,0.3176419585608925,0.13709564950999323,0.34863387442253824,0.16078417966195113,0.03584433784462487,02030016
54,1080.0,221.3100408222727,0.2961416866560677,0.10356096201551361,0.35616767850150394,0.13615034634097037,0.3208228476327494,0.1540931989203443,0.032765928604432025,02030016
55,1100.0,230.100380447273,0.35698402480773944,0.09506478228733359,0.4849218282276164,0.1184582120102675,0.22425325018102327,0.1470772268252075,0.025289482755885377,02030016
56,1120.0,205.79944606660246,0.40298095383749183,0.10713313771541694,0.4508792161233704,0.16314704495720284,0.18152453285387535,0.16712878421215016,0.03732042185340143,02030016
57,1140.0,233.09349727521555,0.2399169439414074,0.0839901691985314,0.2883134113042632,0.12716820958004083,0.407576951820446,0.14907058882276902,0.02787083847248085,02030016
58,1160.0,309.94900198881015,0.6530119182333997,0.04453942736060091,0.744967851004709,0.10789568068911876,0.06693591553117668,0.0672252360341764,0.012975316740819165,02030016
59,1180.0,285.197091446923,0.5414931846621927,0.054934175818728184,0.6444945254699813,0.1277638550258545,0.12437376241184507,0.08855531665561223,0.014812540436706859,02030016
0,0.0,5569.946650881069,0.8376779094492097,0.0023172342324779484,0.8753347076546669,0.05804136597346781,0.048859799109319806,0.017324066629275492,0.00044006063326995507,02030020
1,20.0,5251.393116663047,0.7670764295698043,0.004034309964869487,0.8132581941361202,0.1269754494098011,0.041902201271739485,0.01707535517018249,0.0007888000121567181,02030020
2,40.0,965.3068643430761,0.6831414590902111,0.022728150626917874,0.7231364349522701,0.14843458916925736,0.08499956221874617,0.030144613887113435,0.01328479977261302,02030020
3,60.0,1080.9100658144603,0.7497696456086236,0.013885782088198073,0.8141449630405214,0.06590913856223873,0.09535736698645876,0.01641304464116045,0.008175486769620757,02030020
4,80.0,6593.359597900549,0.6308732852436538,0.002172059685053126,0.7357372120112398,0.20682107993930876,0.050660885275443775,0.00630958925293107,0.0004712335210767391,02030020
5,100.0,7950.382251240878,0.8139651222198695,0.0026130798091802666,0.8771995945610825,0.08508194127315633,0.02804952747892802,0.009354000804162998,0.00031493588266992903,02030020
6,120.0,674.0886025505656,0.6983605235774571,0.02813622829948669,0.7506444515373865,0.1081559693444204,0.07902887691285969,0.04746029308778793,0.014710409117545615,02030020
7,140.0,551.2981956477353,0.48241279526609154,0.055460904334829614,0.5329530343598817,0.212761830744517,0.14557503453836568,0.07895177550324024,0.029758324853995488,02030020
8,160.0,536.5918890229171,0.5650360993663769,0.050629258244439895,0.640209823202398,0.14876550671114078,0.11383514536579593,0.07134440431693007,0.025845120403735225,02030020
9,180.0,558.5093639508302,0.5700263534444217,0.05378361283373679,0.6032694268498661,0.20347089549613162,0.09862123206841694,0.06781158536774647,0.026826860217838838,02030020
10,200.0,1530.9198022060516,0.9125968930467674,0.0057792693626297215,0.9369018500307634,0.033266024944745905,0.01710960959983907,0.010013953949731645,0.0027085614749200932,02030020
11,220.0,559.2242888498738,0.6262050035971725,0.04558141227336866,0.6818101493108174,0.14286222204751894,0.09573034293766049,0.057451485419574476,0.022145800284428793,02030020
12,240.0,544.5429303436159,0.5106336811404697,0.05300217239565217,0.5900444980608506,0.18741206689456272,0.1219213279309095,0.07414333450759099,0.026478772606086363,02030020
13,260.0,565.5461523810302,0.606427228635657,0.041120159889669154,0.664827552492689,0.11343934884599574,0.15074110542925512,0.05024859007289092,0.020743403159169255,02030020
14,280.0,433.55821605152687,0.4896671318241614,0.06809131127554771,0.5253671165023622,0.1654989276218229,0.18455847584699264,0.094366827934277,0.030208652094545232,02030020
15,300.0,456.73886937140236,0.606778158393065,0.05478198832567867,0.6734333505808235,0.1264125462985781,0.104188672200169,0.06951716095637588,0.02644826996405362,02030020
16,320.0,2878.035032768876,0.7138597368621534,0.003576259047550136,0.8032764196871477,0.11837273697095355,0.06984509889007487,0.007371837087761933,0.001133907364062099,02030020
17,340.0,2820.231075725972,0.7557511374529128,0.004836358103969065,0.8098124335369697,0.09485884550620853,0.07003945916356445,0.024023781059852624,0.0012654807334045515,02030020
18,360.0,1248.3031438849441,0.7922147377898029,0.015625342968232377,0.8314108659231843,0.10075064445607287,0.03936120928414803,0.020697977538415686,0.007779302798179181,02030020
19,380.0,487.4515121749221,0.5974697062308332,0.05366660868060289,0.6337753354842547,0.16464421426125422,0.1130928621613829,0.06568546654617177,0.02280212154693638,02030020
20,400.0,551.7361520220315,0.5163761708751132,0.04480698096517553,0.6803208999130305,0.20309790010784642,0.05582241983138029,0.04672552265087829,0.014033257496864576,02030020
21,420.0,534.5036232149545,0.6227447564167071,0.03706044944179229,0.7215655921817251,0.14412621225832234,0.07179021467064098,0.04418992086650387,0.018328060022807693,02030020
22,440.0,658.361127056901,0.8344848179006886,0.026381479101399874,0.8479499481743465,0.05177777060836528,0.04929147235466042,0.03969822987129575,0.011282578991331933,02030020
23,460.0,418.4145614446798,0.5205128066916054,0.06745283312951776,0.5959124726305496,0.1793998910211706,0.1013843477691481,0.09468006545284952,0.028623223126282186,02030020
24,480.0,581.1717640393671,0.636201243272191,0.05786477905200313,0.6932749912623631,0.10790768121911279,0.09881229941492731,0.0762578142354642,0.0237472138681325,02030020
25,500.0,401.6029299194912,0.5860469386466945,0.06301979812589391,0.6293670290977388,0.10565204660719965,0.15019456201806303,0.08396299099825984,0.03082337127873877,02030020
26,520.0,568.1151246859956,0.6610836316011781,0.026051788785004984,0.7749053032862452,0.13448377840747866,0.036128179407692786,0.04149522610321219,0.012987512795371215,02030020
27,540.0,482.6906157148966,0.714505731603089,0.04681513118213993,0.7711847365459124,0.08594554601787056,0.06452619945109664,0.055745057454091404,0.02259846053102889,02030020
28,560.0,376.36189789469597,0.5097430968867606,0.07282638439080803,0.5675652995675926,0.12295250073559963,0.18793434651507973,0.08999009466568146,0.03155775851604647,02030020
29,580.0,566.5468266643717,0.7198334193564712,0.031179262578516165,0.7829545562021526,0.1065623677900631,0.05134411143573615,0.044456216033315635,0.014682748538732481,02030020
30,600.0,377.7329302629818,0.5482062370573667,0.07422629936519914,0.6031067470894679,0.14030352447875874,0.11413894985831712,0.10811069112341362,0.03434008745004269,02030020
31,620.0,407.2600951924435,0.4522443607874492,0.07878234387665745,0.5392060297515119,0.1465776154789434,0.1667561327102982,0.12290798308502802,0.02455223897421845,02030020
32,640.0,472.795189557994,0.6872910252399941,0.04131689013685601,0.7435534023698349,0.10184630033565045,0.07096124856174188,0.0635400160607059,0.020099032672066953,02030020
33,660.0,391.2116107667155,0.6118199023440524,0.06028275243229826,0.6745870894199086,0.0969782904869985,0.11441181882988771,0.08265029446909826,0.03137250679410699,02030020
34,680.0,430.6087424982863,0.5137334353367942,0.05920240718895652,0.5702986793734717,0.09432912484743243,0.2199225420652243,0.09282288512684551,0.022626768587026128,02030020
35,700.0,430.0431177471255,0.5888030375441198,0.05422320982441274,0.6470229211452827,0.10463947990620966,0.13062310258648516,0.08982461176878076,0.027889884593241647,02030020
36,720.0,380.351522545163,0.5322158247238971,0.0798457439782258,0.5484453983446173,0.12587600350026942,0.17626000411212145,0.10940225620475309,0.04001633783823866,02030020
37,740.0,364.5425680560215,0.3334364763981646,0.08957704235237379,0.39146971158017535,0.14123258545133005,0.31953895683522404,0.11538803111449511,0.03237071501877539,02030020
38,760.0,346.90526390173494,0.5010524816644485,0.0800929601608525,0.5402120435704221,0.13620211642221952,0.17418488072626365,0.11248908115360898,0.03691187812748566,02030020
39,780.0,335.4935085142152,0.3942193445959525,0.09249777430241359,0.4709381665419306,0.15597465477277475,0.20804812585247506,0.12656704021663745,0.0384720126161822,02030020
40,800.0,477.65978387851294,0.6826419510676902,0.05151203776536503,0.7025464017011165,0.12526653968895846,0.07559238246151091,0.07258747146137189,0.024007204687042278,02030020
41,820.0,376.2923472855881,0.4841146626728813,0.08838564325409642,0.5573050408057945,0.14369940574581536,0.1531225498217626,0.11013265181629818,0.035740351810329536,02030020
42,840.0,378.70458921861274,0.49036020153240417,0.07537934797270895,0.5377431509091127,0.1648706221111401,0.15091668272353578,0.11500777838737068,0.031461765868840856,02030020
43,860.0,381.9164549928873,0.39067060792653013,0.08235289110553756,0.4598893570943926,0.12633794399926615,0.264033354993333,0.11971504745851318,0.030024296454494902,02030020
44,880.0,318.765031347692,0.3386564470785892,0.10120776968693729,0.4111147796916577,0.16816624311043388,0.24261483027545067,0.13842606425017973,0.0396780826722781,02030020
45,900.0,398.11434319566195,0.5296285800406061,0.060711975963557915,0.580622848450713,0.13484458134286711,0.15819394984794113,0.10068815795300846,0.02565046240547027,02030020
46,920.0,319.5296307994548,0.49854899091502797,0.0784016901586156,0.5886756596352433,0.13664564110122115,0.10228601034939827,0.1387431461143744,0.03364954279976285,02030020
47,940.0,364.19046947418934,0.3757097797098616,0.14013716948162955,0.4353231017041081,0.14792207781514605,0.19052175626138343,0.16465809551711605,0.06157496870224643,02030020
48,960.0,393.6375412615783,0.5607540006703298,0.0657569718496297,0.6752790551538153,0.1307677734028346,0.0835820087066719,0.0868843299830743,0.02348683275360383,02030020
49,980.0,463.476820795353,0.7187821343565532,0.04043783014415109,0.8109111180137111,0.08603352946903248,0.035462597013717755,0.04957962524440363,0.01801313025913488,02030020
50,1000.0,389.0871305135675,0.5598491137692013,0.05405811485318487,0.6717318881148623,0.13776733725093504,0.10260879175792338,0.06558690126474204,0.022305081611537266,02030020
51,1020.0,360.90413873844216,0.5105915995176606,0.05881205560654312,0.6001145893286436,0.14786107677726568,0.14170866821301317,0.08641024795070669,0.02390541773037093,02030020
52,1040.0,328.3853926515465,0.5232879473254859,0.08146102668631927,0.5693584944009309,0.12108839890168045,0.16935373330269268,0.10584035885094047,0.03435901454375562,02030020
53,1060.0,295.34083018610073,0.48599322897224306,0.0933716528129616,0.5326121846485787,0.13489349434251902,0.16252390143109455,0.12754635596079156,0.04242406361701628,02030020
54,1080.0,368.7269162218494,0.5905613680605055,0.06220114520629624,0.6230379016929498,0.10743591415996671,0.16632962720342265,0.07848483251914458,0.02471172442451608,02030020
55,1100.0,338.4885813128298,0.4247866844716119,0.07714132901186786,0.5460509202387676,0.18040692045176365,0.12268015359155512,0.11712336726849829,0.03373863844941531,02030020
56,1120.0,512.8926719999864,0.7462190841549177,0.04369093531994999,0.7546412685758351,0.08093861412159747,0.07274359574462164,0.07252149271428214,0.019155028843663522,02030020
57,1140.0,276.30382136442466,0.2924106323556191,0.17063465837240477,0.356276725329273,0.16670407415540062,0.10652478849256661,0.2803980758776823,0.09009633614507753,02030020
58,1160.0,447.09958468144623,0.5961393060390329,0.052053036043371824,0.713412684948758,0.11577612083088577,0.06900022952815614,0.07942452585717885,0.022386438835021304,02030020
59,1180.0,459.6909061843295,0.6291948844374149,0.04808456108518561,0.7223360385972656,0.10097506219713064,0.08998665904676072,0.06674856369439718,0.01995367646444601,02030020
0,0.0,848.5540376218258,0.8100212914131939,0.014634577037972453,0.8722236088767512,0.06084039104287333,0.043516438535170725,0.01674899372664931,0.0066705678185554965,02030021
1,20.0,410.3262278342115,0.3913989893869689,0.045521051320204925,0.4570059218628261,0.12471413433211032,0.33739118902862875,0.06199590145143011,0.01889285332500455,02030021
2,40.0,384.8723225491532,0.43256354715278716,0.07222926897883375,0.48978326780562,0.13466564858591698,0.2667942917009793,0.07382486893751827,0.03493192296996537,02030021
3,60.0,378.9530832057259,0.3601285570221839,0.05689406449000714,0.4547789616167642,0.1371519977886445,0.30759857239266225,0.07835643092359561,0.022114037278333443,02030021
4,80.0,408.81975257202726,0.47646065415367844,0.05482971311463508,0.5631973880680495,0.09403710783693459,0.25167742495154505,0.06762865923402843,0.023459419909442353,02030021
5,100.0,391.280076619564,0.38646825975218063,0.05971154142315982,0.4496883908680529,0.14562375331919164,0.2946883296914662,0.08605487622260319,0.02394464989868619,02030021
6,120.0,450.14192997872146,0.58306946230504,0.04852376156214252,0.6309228854376561,0.08465851578773954,0.20652988241358933,0.05792803864052794,0.019960677720487187,02030021
7,140.0,348.40629206490974,0.3023941712650171,0.09399076101675337,0.365429824410192,0.14957654214480948,0.3354377174661539,0.11263713731962086,0.036918778659223814,02030021
8,160.0,335.7967156942887,0.1744548201224653,0.10659240597385834,0.2156867025726566,0.12441398227430993,0.501580571216767,0.11431021960739733,0.04400852432886918,02030021
9,180.0,527.4883672504088,0.3808843695855229,0.07083371343397037,0.520507643408154,0.21465460531811473,0.12593289256933354,0.11154052858355565,0.027364330120842034,02030021
10,200.0,897.8751350629221,0.7686455475874229,0.020316739190471597,0.8180507561708353,0.09353069162799338,0.057879063702684565,0.022398761509668415,0.008140726988818238,02030021
11,220.0,357.314696693743,0.3571522087923267,0.08203711476481743,0.4175804688191637,0.11152229041531998,0.3496633386486917,0.08825369420954982,0.032980207907274725,02030021
12,240.0,347.34540498320314,0.43037021043840407,0.07748183877517877,0.47849602040142125,0.10201686661240575,0.2961844517864468,0.0916501831072036,0.03165247809252262,02030021
13,260.0,367.9028532280603,0.3176749608965371,0.08691043241571211,0.3945470587817624,0.10265237325300267,0.3728561074905087,0.09926799151473441,0.030676468959991866,02030021
14,280.0,423.557730739869,0.3773172471378634,0.08453989361983062,0.40626808222707905,0.13355290907396447,0.32327695685094787,0.10877823105958025,0.028123820788428438,02030021
15,300.0,372.56626524388014,0.25618866275336544,0.08471751359510016,0.36023782148304445,0.11616925359866888,0.3979629398846941,0.09667130904245987,0.028958675991132738,02030021
16,320.0,316.87288847346906,0.363759533831472,0.10217881907597127,0.44057010070421015,0.11747588800541096,0.29116002699990506,0.1051870119141101,0.04560697237636357,02030021
17,340.0,368.9410900253785,0.32052906477365206,0.07957286088834993,0.4052837767511034,0.0988386905657306,0.3760790900868019,0.08925427648237719,0.030544166113986842,02030021
18,360.0,348.57835855049717,0.3116851588239804,0.09298369885024997,0.35797337486111946,0.13773072650902676,0.372066539150659,0.09788863341466605,0.03434072606452869,02030021
19,380.0,338.0536016889131,0.25774319316584565,0.09814308691332736,0.30697906284598603,0.11944570858906883,0.4256562255215335,0.10495949367241977,0.042959509370991786,02030021
20,400.0,327.81730946601584,0.3983379408173813,0.08709687987294013,0.49719511785899595,0.10685574621422993,0.25594355102540656,0.09798399338441066,0.042021591516956926,02030021
21,420.0,354.5897243681954,0.22273931742926667,0.0846650986509736,0.280892972702366,0.09939759473817487,0.48274183714585756,0.10291282734899447,0.034054768064607145,02030021
22,440.0,334.47627639444494,0.15702770888740764,0.10847050437978811,0.246359745958008,0.11697992106641893,0.4657821631881102,0.12797609836051171,0.04290207142695124,02030021
23,460.0,337.7106522982741,0.18228752306507046,0.1120459210184928,0.22875550852987842,0.10452284003821403,0.5189287414423779,0.10811986018242624,0.039673049807103566,02030021
24,480.0,316.9513682789363,0.202822774740175,0.10708882720405889,0.2332481271234138,0.11921825248844894,0.49343039446007486,0.11574574133467541,0.03835748459338693,02030021
25,500.0,438.0712430378013,0.43267484180371074,0.07820250956028268,0.44736718941435333,0.08546351819467304,0.3600792089027528,0.0763477812189537,0.030742302269266993,02030021
26,520.0,275.10371604370215,0.2351410805152974,0.1459783892473532,0.2759192722187334,0.14774103304737315,0.36944472218588825,0.14630448064310672,0.0605904919048984,02030021
27,540.0,325.2006226524003,0.27563196471910933,0.11475293789126982,0.33538608353239163,0.12237743038945148,0.37761050117946,0.11802934795005095,0.04659663694864593,02030021
28,560.0,345.79877976717825,0.180353013269371,0.10954974490086154,0.22995294145280015,0.09520711303211554,0.527103204232661,0.10669285900463649,0.041043882277787026,02030021
29,580.0,356.40981687690794,0.29348915135699843,0.09208405724056859,0.32755906015835223,0.1062039400774969,0.429397869317193,0.10264673073100067,0.03419239971595723,02030021
30,600.0,320.65224909343425,0.14336355636936213,0.10923780318577062,0.22289182396182497,0.11183686647207998,0.5169744507589424,0.10926107108759435,0.039035787719558325,02030021
31,620.0,256.80648783028437,0.22772436684224945,0.16450165822121762,0.29926553104183506,0.16403980972719245,0.3056989614292726,0.17210831666432508,0.05888738113737469,02030021
32,640.0,333.38207235394526,0.48751889779536717,0.0812600594817865,0.5317265199309574,0.11267770330848345,0.2219877064376615,0.10466405510961588,0.02894401521328187,02030021
33,660.0,250.98662792185505,0.36952817173018065,0.18894175252689016,0.4096922011343152,0.19861178749177552,0.12689657477540245,0.19567445819599003,0.06912497840251666,02030021
34,680.0,333.672684346148,0.166457105069822,0.1080318869116214,0.20762003633407775,0.08896922493038378,0.5617199458175668,0.10064856824514903,0.04104222467282263,02030021
35,700.0,247.47930519241638,0.2725742016695004,0.17998335130816298,0.3528972255121091,0.2551335021813731,0.13224575642964861,0.192858451949026,0.06686506392784314,02030021
36,720.0,259.0508481618428,0.3005804349803284,0.12381302306114128,0.43013499495097035,0.17969291005683405,0.17801593350345907,0.15386368273779766,0.058292478750938834,02030021
37,740.0,388.28205749554104,0.4138308629788472,0.09410346981972073,0.47242492351413223,0.1538398416122185,0.2418996904845003,0.1001979832464491,0.03163756114269988,02030021
38,760.0,310.91722829357354,0.17211253435658977,0.12617948138158194,0.2060555386930595,0.11329767537204043,0.5067772112572569,0.12435513772392885,0.04951443695371438,02030021
39,780.0,280.8144658180417,0.30292022600786395,0.14747376254326522,0.38291204209189184,0.1591536363315696,0.2466707715859032,0.15069361225920375,0.060569937731431656,02030021
40,800.0,264.35598565022855,0.22188265446683145,0.1586308784297103,0.3169282694379811,0.14707919125449928,0.30923873756709247,0.16171359680483355,0.0650402049355936,02030021
41,820.0,259.88494893000654,0.20526323392848647,0.1840275210498879,0.24274211482143235,0.14151929515899975,0.3587346244102188,0.18538845721341451,0.0716155083959346,02030021
42,840.0,249.80971216967816,0.4135849035388335,0.13340509333882786,0.4818782545589034,0.22088102273220672,0.09100453422419157,0.1524947972959968,0.05374139118870153,02030021
43,860.0,277.10769591139075,0.20349727205852822,0.1747136437673216,0.26796418675880856,0.17131424213817353,0.30066431826270973,0.19189984889512046,0.06815740394518752,02030021
44,880.0,286.17441602073274,0.22750919014068874,0.13467789585394255,0.30861406996366714,0.19027669303528502,0.31371150392435204,0.14045355702889079,0.046944176047805,02030021
45,900.0,272.1220677274245,0.30581479357606145,0.1463502570599507,0.3960688080609702,0.15354695187820952,0.22644902001860875,0.17481208652839478,0.049123133513816676,02030021
46,920.0,288.41933098389757,0.35784838034356264,0.14365801938112255,0.47714745359470595,0.1254180247608276,0.17905309926198695,0.16103380553573207,0.05734761684674755,02030021
47,940.0,268.6016584079058,0.4090597898352227,0.1369708103181866,0.5146735981383604,0.20046190725197685,0.09253997384088415,0.13952687261589466,0.05279764815288379,02030021
48,960.0,333.55735135308817,0.27873154170729336,0.1100826807707804,0.37494271543217217,0.15841437365776928,0.30331987705777896,0.12292495460547466,0.04039807924680515,02030021
49,980.0,275.0450648417142,0.39349894512085626,0.10851845723322809,0.5180703409604484,0.21993167224605317,0.09462308085049558,0.1234072833912787,0.04396762255172405,02030021
50,1000.0,284.25096393576575,0.1858823544273073,0.1330499466331066,0.2486183624367928,0.1509520116612428,0.3874615865447745,0.15514532206149287,0.0578227172956971,02030021
51,1020.0,266.87474899035493,0.3608256867874997,0.15664275000094277,0.46246614094530225,0.2078574480802501,0.1002385434857521,0.16617759328328902,0.06326027420540649,02030021
52,1040.0,278.8380679566705,0.32171089629967486,0.13575199853054712,0.4220676003704229,0.13143556910455728,0.24833194172621478,0.14570383842472814,0.052461050374076904,02030021
53,1060.0,670.8483668480496,0.6693959082791106,0.07036046514293762,0.7488537760210358,0.09521497471273753,0.04885166858771933,0.0771339344414237,0.029945646237083606,02030021
54,1080.0,663.5369048381526,0.8963745128849305,0.0227939246818754,0.67409885841047,0.04787334415947417,0.1915220373515457,0.06360499776026177,0.022900762318248443,02030021
55,1100.0,348.58491251629107,0.25215489395356633,0.10406153385477782,0.2837186138891488,0.09432930134005425,0.46995410330047155,0.11064573450839729,0.041352246961928074,02030021
56,1120.0,650.4757850726397,0.6379624918396491,0.08397736656217974,0.6158114583210412,0.11438044084423978,0.1514615784745729,0.08700526325016578,0.031341259109980285,02030021
57,1140.0,410.7412838558175,0.2765172007725558,0.09415765442004843,0.29688825924374945,0.08133919041656,0.4511436618879256,0.13977425285424333,0.030854635597521694,02030021
58,1160.0,356.13737371667065,0.22447252998979994,0.10141061928923137,0.2669025343529256,0.10860458923678074,0.46361187236936097,0.12152849341960341,0.039352510621329335,02030021
59,1180.0,591.3327078908655,0.4084054917512729,0.14399404904853016,0.48794844956380373,0.10719593828418657,0.2193906424805779,0.12289260166140441,0.06257236801002734,02030021
